rat,K,fold,n_params,n_train_sessions,n_test_sessions,n_train_trials,n_test_trials,n_successful_inits,train_logL,train_logL_per_trial,test_logL,test_logL_per_trial
1029,4,1,31,68,17,22807,4578,10,-16194.158352962877,-0.7100521047469144,-5860.5832942256875,-1.2801623622161833
1029,4,2,31,68,17,22574,4811,10,-18163.873383116475,-0.8046369001114767,-3398.855655243599,-0.7064759208571189
1029,4,3,31,68,17,21564,5821,10,-17411.662127645825,-0.8074412042128466,-4365.473242185226,-0.7499524552800594
1029,4,4,31,68,17,21390,5995,10,-17292.853621201615,-0.8084550547546338,-3990.266042644517,-0.6655990062793189
1029,4,5,31,68,17,21205,6180,10,-17088.08056373147,-0.8058514767145234,-4631.519098100787,-0.7494367472654996
1052,4,1,31,71,17,60101,8293,10,-57593.07749904221,-0.9582715345675148,-10107.166083162003,-1.2187587221948635
1052,4,2,31,71,17,53179,15215,10,-53466.96204481302,-1.0054149578745937,-14077.651886287413,-0.9252482343928632
1052,4,3,31,71,17,51795,16599,10,-52165.22594642304,-1.0071479089955215,-15419.293135265396,-0.9289290400183985
1052,4,4,31,71,17,53219,15175,10,-52691.10668723484,-0.9900807359633748,-14895.942974255742,-0.9816107396544147
1052,4,5,31,68,20,55282,13112,10,-54530.065416140584,-0.9863982022383522,-13028.86256942793,-0.993659439401154
1054,4,1,31,68,16,32756,8163,10,-43926.92208722424,-1.3410343780444571,-13958.34897002306,-1.7099533223107999
1054,4,2,31,68,16,32255,8664,10,-45421.51810820439,-1.4082008404341775,-11514.52144910885,-1.329007554144604
1054,4,3,31,68,16,31824,9095,10,-45405.378398675384,-1.4267652840207197,-13850.608513336483,-1.522881639729135
1054,4,4,31,68,16,32457,8462,10,-45176.6905734986,-1.3918935999475799,-11607.816829228115,-1.3717580748319682
1054,4,5,31,64,20,34384,6535,10,-46778.10452363934,-1.3604613926139872,-9912.37041313695,-1.516812611038554
1059,4,1,31,53,13,10935,6233,10,-15090.45970453045,-1.3800146048953317,-7915.525449280751,-1.269938304071996
1059,4,2,31,53,13,14207,2961,10,-18753.44984014225,-1.3200147701937248,-3955.1022898842157,-1.3357319452496508
1059,4,3,31,53,13,14181,2987,10,-18452.48244528262,-1.3012116525832185,-4244.721373092907,-1.4210650730140297
1059,4,4,31,53,13,14624,2544,10,-19193.03635217365,-1.312434105044697,-3492.532159465736,-1.37285069161389
1059,4,5,31,52,14,14725,2443,9,-19446.268519176403,-1.3206294410306556,-3466.5339143980905,-1.4189659903389646
1060,4,1,31,69,17,47638,9211,10,-74304.63652235312,-1.5597765758922104,-13495.076453234582,-1.4651043809830184
1060,4,2,31,69,17,41635,15214,10,-64242.40673853915,-1.5429904344551255,-23168.379530173213,-1.5228328861688716
1060,4,3,31,69,17,42814,14035,10,-64973.62468639589,-1.5175789388143104,-22216.281498460085,-1.5829199500149687
1060,4,4,31,69,17,46431,10418,10,-71004.7760804736,-1.5292536469271307,-16627.503326714756,-1.5960360267531921
1060,4,5,31,68,18,48878,7971,10,-75606.05739991275,-1.546832059411448,-11675.226963634974,-1.4647129549159421
1062,4,1,31,69,17,80353,14034,10,-94959.75313481563,-1.1817822997873837,-17042.14422157464,-1.2143468876709875
1062,4,2,31,69,17,74474,19913,10,-89311.30831301531,-1.1992280300912441,-21736.785246667165,-1.0915876686921693
1062,4,3,31,69,17,74222,20165,10,-88634.50387569085,-1.1941810228192564,-23718.99503745108,-1.176245724644239
1062,4,4,31,69,17,72933,21454,10,-86237.45914132943,-1.1824202917928706,-25264.38621423675,-1.1776072627126293
1062,4,5,31,68,18,75566,18821,10,-86889.23231187135,-1.1498455960600185,-24181.85559587219,-1.2848337280629187
1064,4,1,31,71,17,57426,9098,10,-50587.95198714053,-0.8809241804607761,-8480.923475714771,-0.9321744862293659
1064,4,2,31,71,17,51776,14748,10,-46097.25508689251,-0.8903209032542589,-12804.760566942372,-0.8682370875333857
1064,4,3,31,71,17,50754,15770,10,-45751.106018373415,-0.9014285774199751,-13170.383433142742,-0.8351543077452596
1064,4,4,31,71,17,52672,13852,10,-46305.60158967769,-0.8791312573981943,-12635.211333344912,-0.9121579074028958
1064,4,5,31,68,20,53468,13056,10,-46907.6256903558,-0.8773027921440076,-12092.426428649016,-0.926196877194318
1065,4,1,31,47,11,36376,9598,10,-51543.08212964282,-1.4169529945470316,-14159.64185448639,-1.475270041100895
1065,4,2,31,47,11,38082,7892,10,-54265.11210054803,-1.4249543642809734,-10745.79695008405,-1.361606303862652
1065,4,3,31,47,11,35533,10441,10,-50054.54872114419,-1.408677812769656,-14475.233902852595,-1.386383861972282
1065,4,4,31,47,11,36379,9595,10,-51425.15468330604,-1.4135945101103946,-13451.39532802676,-1.4019171785332736
1065,4,5,31,44,14,37526,8448,10,-53199.54132142136,-1.4176715163199212,-11723.844282778078,-1.3877656584727838
1072,4,1,31,56,14,39533,5470,10,-48222.64870579147,-1.219807469855348,-7500.045460943481,-1.3711234846331775
1072,4,2,31,56,14,36360,8643,10,-45066.118085498296,-1.2394421915703602,-10268.415877121282,-1.188061538484471
1072,4,3,31,56,14,33795,11208,10,-42503.80766423541,-1.2576951520708808,-12824.544353085641,-1.1442312948862992
1072,4,4,31,56,14,34609,10394,10,-43021.77127584848,-1.2430804494740813,-12231.229782806218,-1.1767586860502424
1072,4,5,31,56,14,35715,9288,10,-43362.753460978056,-1.2141328142511005,-11514.551670222916,-1.239723478706171
Denna,4,1,31,8,2,4286,807,9,-4943.069109413189,-1.1533059051360683,-880.2511544444119,-1.0907697081095562
Denna,4,2,31,8,2,3925,1168,10,-4972.64978437832,-1.2669171425167693,-1483.1253707927976,-1.26979911882945
Denna,4,3,31,8,2,4020,1073,10,-4336.585606093613,-1.0787526383317445,-1354.656898821247,-1.2624947798893262
Denna,4,4,31,8,2,4071,1022,9,-4568.842622530019,-1.1222900079906704,-1238.3060219918339,-1.211649727976354
Denna,4,5,31,8,2,4070,1023,9,-4500.544311739418,-1.105784843179218,-1180.3987966000848,-1.1538600162268668
Dopey,4,1,31,8,2,9921,2853,10,-10178.773828130099,-1.0259826457141517,-2831.039327790531,-0.9923026035017634
Dopey,4,2,31,8,2,10497,2277,10,-10368.249039642928,-0.9877344993467588,-3295.426202462564,-1.4472666677481616
Dopey,4,3,31,8,2,9656,3118,10,-9605.137234530384,-0.994732522217314,-3310.212937350795,-1.0616462275018586
Dopey,4,4,31,8,2,10158,2616,10,-10418.885480488827,-1.025682760434025,-2521.288848148445,-0.9637954312494056
Dopey,4,5,31,8,2,10864,1910,10,-10766.586968048025,-0.9910334101664234,-2148.4849765683803,-1.1248612442766388
Draco,4,1,31,8,2,10629,1824,10,-8460.669029917362,-0.7959985915812741,-1439.9866270136094,-0.7894663525293911
Draco,4,2,31,8,2,10963,1490,10,-8493.362792176848,-0.7747297995235654,-1438.3662653627794,-0.9653464868206573
Draco,4,3,31,8,2,9348,3105,10,-7466.115698351425,-0.798685889853597,-2357.683487448664,-0.7593183534456245
Draco,4,4,31,8,2,9067,3386,10,-7201.249573429355,-0.7942262681624964,-2790.732305691985,-0.8241973732108638
Draco,4,5,31,8,2,9805,2648,10,-7803.295245698513,-0.7958485717183593,-2367.848208148037,-0.8942024955241832
Randy,4,1,31,6,1,7890,492,10,-5902.94469363642,-0.7481552209932092,-541.5348488376902,-1.1006805870684762
Randy,4,2,31,6,1,7284,1098,10,-5431.826143292326,-0.7457202283487543,-1015.2926534906084,-0.9246745478056543
Randy,4,3,31,6,1,7694,688,9,-5839.500626988875,-0.7589681085246783,-595.8463115401021,-0.8660556853780553
Randy,4,4,31,6,1,6844,1538,10,-5269.048241024414,-0.7698784688814164,-1185.4095821122994,-0.7707474526087772
Randy,4,5,31,4,3,3816,4566,9,-3250.72010254162,-0.8518658549637368,-3389.3258423296356,-0.7422965051094252
Remy,4,1,31,8,2,19429,4053,10,-13486.097382276159,-0.6941220537483226,-3135.1943896359194,-0.7735490722022994
Remy,4,2,31,8,2,19345,4137,10,-13563.921049009981,-0.7011590100289471,-2983.8306637023175,-0.7212546927005844
Remy,4,3,31,8,2,17438,6044,10,-12624.896107061635,-0.7239876193979605,-3820.105986890702,-0.6320493029269857
Remy,4,4,31,8,2,18315,5167,10,-13038.021631318252,-0.7118766929466694,-3549.5116103732807,-0.6869579273027445
Remy,4,5,31,8,2,19401,4081,10,-13365.627629809218,-0.6889143667753836,-3118.7793692907812,-0.7642193994831613
Rhea,4,1,31,8,2,14609,2604,10,-14320.261401424092,-0.9802355672136417,-3327.1224582534014,-1.2776967965642863
Rhea,4,2,31,8,2,14601,2612,10,-14408.630172661822,-0.9868248868339033,-3892.1077352487428,-1.4900871880737911
Rhea,4,3,31,8,2,12477,4736,10,-13003.369122241222,-1.0421871541429206,-4661.656024689629,-0.9843023700780467
Rhea,4,4,31,8,2,13216,3997,10,-14038.217812733943,-1.062213817549481,-3701.602466368907,-0.9260951879832141
Rhea,4,5,31,8,2,13949,3264,10,-14869.166904847161,-1.0659665140760743,-2803.9163813936234,-0.8590430090053993
Robert,4,1,31,8,2,15071,3596,10,-14638.490094493263,-0.9713018442368299,-3381.554299705129,-0.9403654893507033
Robert,4,4,31,8,2,14466,4201,10,-14271.322113278298,-0.9865423830553227,-4626.584410169313,-1.1013055011114765
Robert,4,5,31,8,2,14691,3976,10,-14338.967617587296,-0.9760375479945065,-3917.056287423271,-0.985175122591366
Ron,4,1,31,7,1,9511,1168,10,-7354.247904511145,-0.7732360324372984,-826.9430643119155,-0.7079991988971879
Ron,4,2,31,7,1,7813,2866,10,-5276.5133006810165,-0.6753504800564465,-3142.315263873357,-1.0964114668085683
Ron,4,3,31,7,1,8921,1758,10,-6518.674235610071,-0.7307111574498455,-1551.4917322348583,-0.8825322708958239
Ron,4,4,31,7,1,8641,2038,10,-7300.7437517059,-0.8448957009265016,-1842.3476986512474,-0.9039978894265198
Ron,4,5,31,4,4,7830,2849,10,-6097.054845832566,-0.7786787797998168,-2120.6320610006087,-0.7443425977538114
Rudy,4,1,31,8,2,18463,2452,10,-19278.318270816748,-1.0441595770360586,-3488.9002292175633,-1.4228793757004745
Rudy,4,2,31,8,2,17678,3237,10,-19392.015629064415,-1.0969575534033498,-4143.290046904732,-1.279978389528802
Rudy,4,3,31,8,2,15473,5442,10,-17445.265517291587,-1.1274649723577579,-5141.271894017085,-0.9447394145566125
Rudy,4,4,31,8,2,15186,5729,10,-16967.26578132686,-1.1172965745638654,-5976.443404972619,-1.0431913780716737
Rudy,4,5,31,8,2,16860,4055,10,-18003.10036362202,-1.0677995470712942,-5036.15319699526,-1.2419613309482762
