rat,H,fold,n_params,n_train_sessions,n_test_sessions,n_train_trials,n_test_trials,train_logL,train_logL_per_trial,test_logL,test_logL_per_trial,bic
1029,0,0,4,85,0,27385,0,-25502.354784064715,-0.9312526851949868,NaN,NaN,51045.580570918304
1029,1,0,10,85,0,27385,0,-24925.620082208465,-0.9101924441193524,NaN,NaN,49953.41767138911
1029,2,0,16,85,0,27385,0,-24812.021423066857,-0.9060442367378805,NaN,NaN,49787.5268572892
1029,3,0,22,85,0,27385,0,-24738.133705065182,-0.9033461276269922,NaN,NaN,49701.057925469155
1029,0,1,4,68,17,22807,4578,-19632.47679004618,-0.8608092598783786,-5940.721630160354,-1.2976674596243674,NaN
1029,1,1,10,68,17,22807,4578,-19059.235080139348,-0.8356747963405686,-5953.818584487976,-1.3005283059169892,NaN
1029,2,1,16,68,17,22807,4578,-18956.072426773502,-0.8311515072904592,-5941.7019229239395,-1.297881590852761,NaN
1029,3,1,22,68,17,22807,4578,-18907.39311166429,-0.8290171049092072,-5919.717916079597,-1.293079492372127,NaN
1029,0,2,4,68,17,22574,4811,-21365.451057272454,-0.946462791586447,-4161.623693398715,-0.8650225926831666,NaN
1029,1,2,10,68,17,22574,4811,-20831.378571324334,-0.9228040476355247,-4115.6706054345295,-0.8554709219360901,NaN
1029,2,2,16,68,17,22574,4811,-20744.75000749392,-0.9189665104763852,-4087.4228490829096,-0.8495994282026418,NaN
1029,3,2,22,68,17,22574,4811,-20701.72727202574,-0.9170606570402117,-4063.8745640197785,-0.8447047524464308,NaN
1029,0,3,4,68,17,21564,5821,-20340.36988198782,-0.943255883972724,-5169.89785134857,-0.8881459974830046,NaN
1029,1,3,10,68,17,21564,5821,-19924.893209112895,-0.9239887409160126,-5009.614357784465,-0.8606106094802379,NaN
1029,2,3,16,68,17,21564,5821,-19834.15091322613,-0.9197806952896554,-4991.2486709228415,-0.8574555352899573,NaN
1029,3,3,22,68,17,21564,5821,-19771.66777627063,-0.9168831281891408,-4983.833266941479,-0.8561816297786428,NaN
1029,0,4,4,68,17,21390,5995,-20551.581257683203,-0.9608032378533522,-4975.646093605525,-0.8299659872569682,NaN
1029,1,4,10,68,17,21390,5995,-20181.431828829045,-0.9434984492206192,-4765.301496434391,-0.7948793155019835,NaN
1029,2,4,16,68,17,21390,5995,-20075.570310350828,-0.9385493366222921,-4759.617197501713,-0.7939311422021207,NaN
1029,3,4,22,68,17,21390,5995,-20027.420861682418,-0.9362983105040869,-4739.278205856349,-0.7905384830452625,NaN
1029,0,5,4,68,17,21205,6180,-19830.136847331185,-0.9351632561816169,-5918.875433925125,-0.9577468339684669,NaN
1029,1,5,10,68,17,21205,6180,-19381.188747015236,-0.9139914523468633,-5795.7879762493685,-0.9378297696196389,NaN
1029,2,5,16,68,17,21205,6180,-19309.164298400952,-0.910594873775098,-5746.899040711911,-0.9299189386265228,NaN
1029,3,5,22,68,17,21205,6180,-19230.19074865328,-0.9068705847042339,-5826.03514802748,-0.9427241339850292,NaN
1052,0,0,4,88,0,68394,0,-71128.12257736383,-1.0399760589724805,NaN,NaN,142300.77731624953
1052,1,0,10,88,0,68394,0,-70748.71718409838,-1.0344287098882705,NaN,NaN,141608.76477200142
1052,2,0,16,88,0,68394,0,-70329.06049500182,-1.0282928399421267,NaN,NaN,140836.24963609106
1052,3,0,22,88,0,68394,0,-70248.05084785912,-1.0271083844761109,NaN,NaN,140741.02858408846
1052,0,1,4,71,17,60101,8293,-60620.66222150871,-1.0086464821135874,-10554.358631367713,-1.2726828206159067,NaN
1052,1,1,10,71,17,60101,8293,-60309.78886388513,-1.0034739665543857,-10491.911013832732,-1.2651526605369265,NaN
1052,2,1,16,71,17,60101,8293,-59866.34547779142,-0.9960956635961369,-10520.81271808632,-1.2686377327970964,NaN
1052,3,1,22,71,17,60101,8293,-59773.92007863266,-0.9945578289651198,-10542.122518344542,-1.2712073457547983,NaN
1052,0,2,4,71,17,53179,15215,-56266.223942028526,-1.0580534410580966,-14876.003349472794,-0.9777195760415901,NaN
1052,1,2,10,71,17,53179,15215,-55948.795868389825,-1.0520843917409095,-14809.483866002302,-0.9733476086758003,NaN
1052,2,2,16,71,17,53179,15215,-55578.533073897706,-1.0451218163917657,-14768.468661166791,-0.9706519001752738,NaN
1052,3,2,22,71,17,53179,15215,-55511.964113008406,-1.0438700260066645,-14755.118930441558,-0.9697744942781176,NaN
1052,0,3,4,71,17,51795,16599,-54827.643467129106,-1.0585508923086997,-16334.38774172869,-0.9840585421849924,NaN
1052,1,3,10,71,17,51795,16599,-54591.8545298264,-1.0539985429061955,-16187.558994440675,-0.9752129040569115,NaN
1052,2,3,16,71,17,51795,16599,-54302.48854477701,-1.048411787716517,-16061.061504778765,-0.9675921142706648,NaN
1052,3,3,22,71,17,51795,16599,-54243.46289364113,-1.047272186381719,-16041.779819319072,-0.9664304969768704,NaN
1052,0,4,4,71,17,53219,15175,-55336.54373647239,-1.0397892432490725,-15808.805202072144,-1.0417664054083786,NaN
1052,1,4,10,71,17,53219,15175,-54985.976060327645,-1.0332019778712047,-15788.480293773408,-1.0404270374809494,NaN
1052,2,4,16,71,17,53219,15175,-54708.64920546091,-1.0279909281546236,-15652.870028126588,-1.0314906114086715,NaN
1052,3,4,22,71,17,53219,15175,-54638.529971990334,-1.0266733680074849,-15642.655322314738,-1.0308174841723057,NaN
1052,0,5,4,68,20,55282,13112,-57368.60399506288,-1.037744726946617,-13764.62132624145,-1.0497728284198786,NaN
1052,1,5,10,68,20,55282,13112,-57052.544895176914,-1.0320275115802053,-13720.477133293101,-1.046406126700206,NaN
1052,2,5,16,68,20,55282,13112,-56730.39345417432,-1.026200091425316,-13615.721564387659,-1.0384168368202913,NaN
1052,3,5,22,68,20,55282,13112,-56677.821037644,-1.025249105271951,-13593.359828431756,-1.0367113963111467,NaN
1054,0,0,4,84,0,40919,0,-67028.05887326688,-1.6380668851454552,NaN,NaN,134098.59514566112
1054,1,0,10,84,0,40919,0,-66735.79446985664,-1.6309243742480668,NaN,NaN,133577.78243753168
1054,2,0,16,84,0,40919,0,-66700.9973386522,-1.6300739836910043,NaN,NaN,133571.90427381382
1054,3,0,22,84,0,40919,0,-66654.23106133935,-1.6289310848588516,NaN,NaN,133542.08781787916
1054,0,1,4,68,16,32756,8163,-52928.56594214529,-1.6158433857047652,-14192.709493310325,-1.7386634194916484,NaN
1054,1,1,10,68,16,32756,8163,-52731.47845217134,-1.6098265494007613,-14106.497875388106,-1.7281021530550174,NaN
1054,2,1,16,68,16,32756,8163,-52692.757301498816,-1.6086444407589087,-14112.145998953416,-1.7287940706790905,NaN
1054,3,1,22,68,16,32756,8163,-52640.45001660961,-1.6070475643121753,-14117.015355569392,-1.7293905862513037,NaN
1054,0,2,4,68,16,32255,8664,-55804.32920371005,-1.730098564678656,-12560.986147482115,-1.449790644907908,NaN
1054,1,2,10,68,16,32255,8664,-55562.6836173177,-1.7226068397866283,-12520.386069896998,-1.4451045787046397,NaN
1054,2,2,16,68,16,32255,8664,-55541.47800321611,-1.721949403293012,-12506.412067232824,-1.4434916975107137,NaN
1054,3,2,22,68,16,32255,8664,-55496.39505590571,-1.7205516991444958,-12498.738402766616,-1.4426060021660452,NaN
1054,0,3,4,68,16,31824,9095,-47919.895907729704,-1.5057785290261974,-19213.486627170423,-2.1125328891886115,NaN
1054,1,3,10,68,16,31824,9095,-47648.243312434075,-1.4972424369166062,-19176.654975697336,-2.108483229873264,NaN
1054,2,3,16,68,16,31824,9095,-47605.706606515625,-1.4959058134274643,-19171.52966855593,-2.107919699676298,NaN
1054,3,3,22,68,16,31824,9095,-47568.3654205927,-1.4947324478567339,-19168.417321861853,-2.1075774955318143,NaN
1054,0,4,4,68,16,32457,8462,-54745.70972465449,-1.6867150298750497,-12301.333219119399,-1.4537146323705268,NaN
1054,1,4,10,68,16,32457,8462,-54488.8141943629,-1.6788000799323075,-12268.284327629648,-1.4498090673161956,NaN
1054,2,4,16,68,16,32457,8462,-54451.428913180804,-1.6776482396148997,-12272.477920277363,-1.4503046466884144,NaN
1054,3,4,22,68,16,32457,8462,-54411.48456119478,-1.676417554339427,-12267.90123679527,-1.4497637954142364,NaN
1054,0,5,4,64,20,34384,6535,-56697.04715511606,-1.648936922845395,-10272.315517900737,-1.5718921986076109,NaN
1054,1,5,10,64,20,34384,6535,-56438.783953449674,-1.6414257780784574,-10211.40600931725,-1.5625716923209259,NaN
1054,2,5,16,64,20,34384,6535,-56400.72529935981,-1.6403189070311717,-10202.31622517321,-1.561180753660782,NaN
1054,3,5,22,64,20,34384,6535,-56365.17429831157,-1.639284966795939,-10192.501772698512,-1.559678924666949,NaN
1059,0,0,4,66,0,17168,0,-24568.587940640664,-1.4310687290680721,NaN,NaN,49176.17909114081
1059,1,0,10,66,0,17168,0,-24269.394014426347,-1.4136413102531655,NaN,NaN,48636.2960535014
1059,2,0,16,66,0,17168,0,-24158.292429818583,-1.4071698759213993,NaN,NaN,48472.59769907509
1059,3,0,22,66,0,17168,0,-24134.55149661297,-1.4057870163451172,NaN,NaN,48483.62064745309
1059,0,1,4,53,13,10935,6233,-16349.322091821095,-1.4951369082598167,-8478.90777465984,-1.3603253288400192,NaN
1059,1,1,10,53,13,10935,6233,-16070.031548599283,-1.4695959349427785,-8280.66733421689,-1.3285203488235025,NaN
1059,2,1,16,53,13,10935,6233,-15964.732374950101,-1.4599663808824968,-8301.920681577096,-1.3319301590850467,NaN
1059,3,1,22,53,13,10935,6233,-15926.601103981444,-1.4564792962031499,-8326.558582955327,-1.3358829749647565,NaN
1059,0,2,4,53,13,14207,2961,-20293.700832231716,-1.428429705935927,-4280.332973005148,-1.4455700685596582,NaN
1059,1,2,10,53,13,14207,2961,-20043.718913217275,-1.4108340193719486,-4235.207753210045,-1.4303302104728284,NaN
1059,2,2,16,53,13,14207,2961,-19950.00188799213,-1.4042374806779847,-4218.484127001857,-1.42468224485034,NaN
1059,3,2,22,53,13,14207,2961,-19933.506863349678,-1.4030764315724416,-4212.26287940108,-1.4225811818308274,NaN
1059,0,3,4,53,13,14181,2987,-19980.764701488944,-1.4089813624912872,-4598.148700537529,-1.5393869101230429,NaN
1059,1,3,10,53,13,14181,2987,-19752.47385804194,-1.3928830024710486,-4539.979271777942,-1.5199127123461473,NaN
1059,2,3,16,53,13,14181,2987,-19681.3883037858,-1.3878702703466468,-4499.047503366137,-1.5062094085591353,NaN
1059,3,3,22,53,13,14181,2987,-19668.573240039692,-1.3869665919215635,-4489.041640485706,-1.5028596051174108,NaN
1059,0,4,4,53,13,14624,2544,-20787.428496873767,-1.421459826099136,-3783.3263867513715,-1.4871565985657906,NaN
1059,1,4,10,53,13,14624,2544,-20526.152021356364,-1.4035935463181322,-3746.15374170015,-1.4725447097877948,NaN
1059,2,4,16,53,13,14624,2544,-20441.02728869567,-1.3977726537674828,-3800.2627818591172,-1.4938139865798417,NaN
1059,3,4,22,53,13,14624,2544,-20420.155867036126,-1.396345450426431,-3798.632769597135,-1.49317325848944,NaN
1059,0,5,4,52,14,14725,2443,-20848.294258948732,-1.415843413171391,-3726.3695300186546,-1.525325227187333,NaN
1059,1,5,10,52,14,14725,2443,-20600.170359972362,-1.3989928937162894,-3677.107962206199,-1.5051608523152677,NaN
1059,2,5,16,52,14,14725,2443,-20519.455683795244,-1.3935114216499316,-3645.4960447732346,-1.4922210580324333,NaN
1059,3,5,22,52,14,14725,2443,-20498.550246375202,-1.392091697546703,-3644.092222998402,-1.4916464277521089,NaN
1060,0,0,4,86,0,56849,0,-92912.0064209105,-1.6343648335223224,NaN,NaN,185867.8054574565
1060,1,0,10,86,0,56849,0,-91029.44939073754,-1.6012497913901307,NaN,NaN,182168.38032056383
1060,2,0,16,86,0,56849,0,-90654.6765950201,-1.5946573659170802,NaN,NaN,181484.52365258217
1060,3,0,22,86,0,56849,0,-90510.05445588322,-1.5921133961174905,NaN,NaN,181260.9682977617
1060,0,1,4,69,17,47638,9211,-78653.07767011892,-1.6510575101834442,-14281.388367514073,-1.5504709985358889,NaN
1060,1,1,10,69,17,47638,9211,-76741.48526010687,-1.6109300403062023,-14342.582073758495,-1.5571145449743236,NaN
1060,2,1,16,69,17,47638,9211,-76418.0286657555,-1.604140154199494,-14290.951369061928,-1.5515092138814384,NaN
1060,3,1,22,69,17,47638,9211,-76259.92290438342,-1.600821254132907,-14312.506910166667,-1.5538494094198965,NaN
1060,0,2,4,69,17,41635,15214,-68584.39987130444,-1.6472775278324592,-24428.422140719107,-1.6056541435992577,NaN
1060,1,2,10,69,17,41635,15214,-67349.17815990027,-1.6176096591785822,-23704.178225087635,-1.5580503631581197,NaN
1060,2,2,16,69,17,41635,15214,-67075.34739275146,-1.6110327222949792,-23606.28751100743,-1.5516161108851998,NaN
1060,3,2,22,69,17,41635,15214,-66969.25417479852,-1.608484548451988,-23570.718873683232,-1.5492782222744335,NaN
1060,0,3,4,69,17,42814,14035,-69346.80294073108,-1.6197225893570113,-23603.50170739609,-1.6817600076520194,NaN
1060,1,3,10,69,17,42814,14035,-67884.26075473832,-1.5855622169089159,-23193.761889278754,-1.652565863147756,NaN
1060,2,3,16,69,17,42814,14035,-67572.64747968261,-1.5782839136656843,-23129.869965171398,-1.6480135351030565,NaN
1060,3,3,22,69,17,42814,14035,-67474.6682219475,-1.575995427242199,-23086.670764349274,-1.6449355728072157,NaN
1060,0,4,4,69,17,46431,10418,-74680.99276238085,-1.6084295570282967,-18391.734787533824,-1.765380570890173,NaN
1060,1,4,10,69,17,46431,10418,-73281.14317048085,-1.5782805274596896,-17858.060493083547,-1.7141543955733871,NaN
1060,2,4,16,69,17,46431,10418,-72969.47321386501,-1.5715679872039159,-17738.334609407786,-1.7026621817438843,NaN
1060,3,4,22,69,17,46431,10418,-72846.55437518407,-1.5689206430011,-17715.14106821236,-1.7004358867548819,NaN
1060,0,5,4,68,18,48878,7971,-80232.45138818104,-1.6414839270874635,-12711.448448156802,-1.5947118866085561,NaN
1060,1,5,10,68,18,48878,7971,-78626.8418229296,-1.6086345968110314,-12428.984818841813,-1.5592754759555656,NaN
1060,2,5,16,68,18,48878,7971,-78305.11387770655,-1.602052331881553,-12384.13250504229,-1.5536485390844674,NaN
1060,3,5,22,68,18,48878,7971,-78181.57468196371,-1.5995248308434002,-12349.603270209764,-1.5493166817475554,NaN
1062,0,0,4,86,0,94387,0,-119178.01758965944,-1.2626528821729628,NaN,NaN,238401.85581384203
1062,1,0,10,86,0,94387,0,-117011.33969149081,-1.2396976245827371,NaN,NaN,234137.23096928946
1062,2,0,16,86,0,94387,0,-116556.11457870164,-1.2348746604797445,NaN,NaN,233295.51169549586
1062,3,0,22,86,0,94387,0,-116485.90009012818,-1.2341307604874419,NaN,NaN,233223.81367013365
1062,0,1,4,69,17,80353,14034,-101266.07113200787,-1.2602649699701052,-17945.580054665268,-1.2787216798250869,NaN
1062,1,1,10,69,17,80353,14034,-99176.10947751204,-1.2342552173224652,-17887.612376332407,-1.2745911626287878,NaN
1062,2,1,16,69,17,80353,14034,-98767.08279907059,-1.2291648451093373,-17843.119459780006,-1.2714207966210636,NaN
1062,3,1,22,69,17,80353,14034,-98691.05356611138,-1.2282186547622538,-17851.924849570107,-1.2720482292696385,NaN
1062,0,2,4,69,17,74474,19913,-95741.10675934196,-1.28556418024199,-23475.888294663484,-1.1789227286025954,NaN
1062,1,2,10,69,17,74474,19913,-94123.44705318773,-1.2638430466093902,-22940.348478186894,-1.1520287489673526,NaN
1062,2,2,16,69,17,74474,19913,-93791.07052641112,-1.259380059167107,-22817.611005839775,-1.1458650633174194,NaN
1062,3,2,22,69,17,74474,19913,-93730.10633909266,-1.2585614622431003,-22808.134055388466,-1.145389145552577,NaN
1062,0,3,4,69,17,74222,20165,-93523.64065155575,-1.2600528233078567,-25792.878082267518,-1.2790914000628573,NaN
1062,1,3,10,69,17,74222,20165,-91904.77891575644,-1.2382417465947622,-25217.977543059114,-1.250581579125173,NaN
1062,2,3,16,69,17,74222,20165,-91533.2669219872,-1.233236330494829,-25138.876807308498,-1.2466589044040912,NaN
1062,3,3,22,69,17,74222,20165,-91460.99943091048,-1.2322626637777274,-25148.065009308506,-1.2471145553835112,NaN
1062,0,4,4,69,17,72933,21454,-92193.15777846189,-1.264080152721839,-26993.101318700814,-1.2581850153211902,NaN
1062,1,4,10,69,17,72933,21454,-90498.67324768995,-1.2408467120191127,-26528.98597766471,-1.2365519706192183,NaN
1062,2,4,16,69,17,72933,21454,-90132.60926406595,-1.2358275302546988,-26443.435149035715,-1.2325643306160023,NaN
1062,3,4,22,69,17,72933,21454,-90086.52118701521,-1.2351956067488683,-26420.896161095625,-1.2315137578584705,NaN
1062,0,5,4,68,18,75566,18821,-93807.65688784866,-1.241400324059083,-25420.344791069263,-1.3506373089139398,NaN
1062,1,5,10,68,18,75566,18821,-92114.9442537778,-1.2189998710237115,-24952.878158020296,-1.325799806493826,NaN
1062,2,5,16,68,18,75566,18821,-91778.97488578345,-1.2145538322232676,-24821.31754054998,-1.3188097093964177,NaN
1062,3,5,22,68,18,75566,18821,-91739.90732999037,-1.2140368330994147,-24796.10633442115,-1.3174701840721084,NaN
1064,0,0,4,88,0,66524,0,-65751.34463130333,-0.988385314041599,NaN,NaN,131547.11053486183
1064,1,0,10,88,0,66524,0,-64937.942935851905,-0.9761581224197569,NaN,NaN,129986.93905234171
1064,2,0,16,88,0,66524,0,-64591.866615737235,-0.9709558447438102,NaN,NaN,129361.41832049511
1064,3,0,22,88,0,66524,0,-64521.07907555875,-0.9698917544879856,NaN,NaN,129286.47514852088
1064,0,1,4,71,17,57426,9098,-56802.384169693105,-0.9891405316353761,-9048.956960405867,-0.9946094702578443,NaN
1064,1,1,10,71,17,57426,9098,-55977.98542108434,-0.9747846867461488,-9075.341376985583,-0.997509494063045,NaN
1064,2,1,16,71,17,57426,9098,-55644.712075383286,-0.9689811596730277,-9029.874410113349,-0.992512025732397,NaN
1064,3,1,22,71,17,57426,9098,-55545.56422269298,-0.9672546272192557,-9071.464763222826,-0.9970833989033663,NaN
1064,0,2,4,71,17,51776,14748,-51277.85138387671,-0.9903787736379155,-14478.01921628379,-0.9816937358478296,NaN
1064,1,2,10,71,17,51776,14748,-50645.75327486999,-0.9781704510752084,-14318.770241114635,-0.9708957310221478,NaN
1064,2,2,16,71,17,51776,14748,-50344.74201657101,-0.9723567293064549,-14250.272936842219,-0.966251216222011,NaN
1064,3,2,22,71,17,51776,14748,-50289.11153940014,-0.9712822840582536,-14234.80823732567,-0.9652026198349383,NaN
1064,0,3,4,71,17,50754,15770,-50666.65828475742,-0.9982791166165704,-15111.125711312914,-0.958219766094668,NaN
1064,1,3,10,71,17,50754,15770,-50053.599023161354,-0.9862000832084438,-14914.574122575317,-0.9457561269863867,NaN
1064,2,3,16,71,17,50754,15770,-49784.1077040135,-0.9808903279350101,-14818.318306362738,-0.9396523973597171,NaN
1064,3,3,22,71,17,50754,15770,-49714.56042160965,-0.9795200461364552,-14817.264790702322,-0.9395855923083273,NaN
1064,0,4,4,71,17,52672,13852,-51651.16086723074,-0.9806189411305958,-14125.293493918052,-1.019729533202285,NaN
1064,1,4,10,71,17,52672,13852,-51044.58829232326,-0.969102906521933,-13949.983001331388,-1.007073563480464,NaN
1064,2,4,16,71,17,52672,13852,-50782.67732179008,-0.964130416953791,-13849.110259268064,-0.9997913845847577,NaN
1064,3,4,22,71,17,52672,13852,-50747.45406200812,-0.9634616886013084,-13814.51852749142,-0.9972941472344369,NaN
1064,0,5,4,68,20,53468,13056,-52504.70022190797,-0.9819836205189642,-13274.718521078124,-1.016752337705126,NaN
1064,1,5,10,68,20,53468,13056,-51914.794806300764,-0.9709507519694166,-13054.021341674463,-0.9998484483512916,NaN
1064,2,5,16,68,20,53468,13056,-51606.00686807292,-0.9651755604861397,-13017.62016990865,-0.9970603684059934,NaN
1064,3,5,22,68,20,53468,13056,-51560.11158477022,-0.9643171913063929,-12993.786193171129,-0.9952348493544063,NaN
1065,0,0,4,58,0,45974,0,-74446.495458975,-1.6193173415185758,NaN,NaN,148935.93424314313
1065,1,0,10,58,0,45974,0,-73727.05282473593,-1.6036684392207754,NaN,NaN,147561.4639624547
1065,2,0,16,58,0,45974,0,-73585.55437253421,-1.600590646289951,NaN,NaN,147342.882045841
1065,3,0,22,58,0,45974,0,-73560.98031892013,-1.6000561256127406,NaN,NaN,147358.14892640253
1065,0,1,4,47,11,36376,9598,-58464.97539707498,-1.6072403616965851,-16134.18272251153,-1.6809942407284362,NaN
1065,1,1,10,47,11,36376,9598,-57881.11584215305,-1.5911896811676118,-15998.089968416796,-1.6668149581596996,NaN
1065,2,1,16,47,11,36376,9598,-57782.04454404646,-1.5884661464714773,-15948.537028192615,-1.661652117961306,NaN
1065,3,1,22,47,11,36376,9598,-57757.23630313307,-1.587784151724573,-15953.59991548146,-1.6621796119484746,NaN
1065,0,2,4,47,11,38082,7892,-61789.763587652895,-1.6225451286080799,-12662.125691228355,-1.6044254550466746,NaN
1065,1,2,10,47,11,38082,7892,-61198.19657860328,-1.6070110965443853,-12533.709779845343,-1.5881537987639818,NaN
1065,2,2,16,47,11,38082,7892,-61076.34630586409,-1.6038114149956435,-12517.265391939924,-1.5860701206208723,NaN
1065,3,2,22,47,11,38082,7892,-61059.47951229781,-1.603368507754262,-12512.267194454776,-1.5854367960535702,NaN
1065,0,3,4,47,11,35533,10441,-57418.995425132496,-1.6159343546881066,-17030.38942453269,-1.6311071185262607,NaN
1065,1,3,10,47,11,35533,10441,-56835.760771229725,-1.5995204674873984,-16895.48476862906,-1.6181864542313054,NaN
1065,2,3,16,47,11,35533,10441,-56699.32946541517,-1.5956809012865554,-16897.64605595434,-1.6183934542624596,NaN
1065,3,3,22,47,11,35533,10441,-56679.29163177096,-1.5951169794774143,-16898.909675685394,-1.618514479042754,NaN
1065,0,4,4,47,11,36379,9595,-58930.088274693335,-1.619893022751954,-15555.730325684486,-1.6212329677628439,NaN
1065,1,4,10,47,11,36379,9595,-58392.27672640051,-1.605109451232868,-15372.300725710322,-1.6021157608869538,NaN
1065,2,4,16,47,11,36379,9595,-58312.54439896913,-1.60291773822725,-15315.748838315449,-1.5962218695482489,NaN
1065,3,4,22,47,11,36379,9595,-58285.92279529947,-1.6021859533054639,-15319.419982637299,-1.5966044796912244,NaN
1065,0,5,4,44,14,37526,8448,-60967.21314183439,-1.62466591541423,-13532.807355513856,-1.6018948100750303,NaN
1065,1,5,10,44,14,37526,8448,-60337.23803611813,-1.6078782187314962,-13417.566347029573,-1.5882535922146748,NaN
1065,2,5,16,44,14,37526,8448,-60211.82825412658,-1.6045362749594037,-13403.230033767299,-1.58655658543647,NaN
1065,3,5,22,44,14,37526,8448,-60184.94134457971,-1.6038197874694802,-13409.210348574827,-1.5872644825491036,NaN
1072,0,0,4,70,0,45003,0,-59515.25510879014,-1.3224730597691297,NaN,NaN,119073.36815531306
1072,1,0,10,70,0,45003,0,-58322.76356453751,-1.2959750142109974,NaN,NaN,116752.67197340699
1072,2,0,16,70,0,45003,0,-58111.8565889501,-1.2912885049652267,NaN,NaN,116395.14492883135
1072,3,0,22,70,0,45003,0,-58083.37108756899,-1.2906555360213539,NaN,NaN,116402.46083266831
1072,0,1,4,56,14,39533,5470,-51834.8394639621,-1.3111790014408746,-7681.955971111669,-1.4043795193988426,NaN
1072,1,1,10,56,14,39533,5470,-50377.34453292702,-1.2743111965428129,-8089.083236294707,-1.478808635520056,NaN
1072,2,1,16,56,14,39533,5470,-49992.913689287954,-1.2645868942222436,-8294.801113717998,-1.51641702261755,NaN
1072,3,1,22,56,14,39533,5470,-49966.53764805557,-1.263919703742584,-8313.932846501173,-1.5199145971665764,NaN
1072,0,2,4,56,14,36360,8643,-48354.916519725906,-1.3298931936118237,-11166.723567548952,-1.2919962475470268,NaN
1072,1,2,10,56,14,36360,8643,-47421.8384095042,-1.3042309793593014,-10909.986236241468,-1.2622915927619425,NaN
1072,2,2,16,56,14,36360,8643,-47282.062463952665,-1.3003867564343417,-10840.458580264123,-1.2542472035478565,NaN
1072,3,2,22,56,14,36360,8643,-47238.84315369736,-1.299198106537331,-10857.337197988196,-1.2562000691875732,NaN
1072,0,3,4,56,14,33795,11208,-45323.968931335985,-1.3411442204863437,-14192.936783155765,-1.2663219827940546,NaN
1072,1,3,10,56,14,33795,11208,-44552.5489071393,-1.3183177661529606,-13790.730916746965,-1.2304363772971953,NaN
1072,2,3,16,56,14,33795,11208,-44404.916771530596,-1.3139493052679567,-13731.994910966396,-1.225195834311777,NaN
1072,3,3,22,56,14,33795,11208,-44386.17575173115,-1.313394755192518,-13729.432146188348,-1.2249671793529933,NaN
1072,0,4,4,56,14,34609,10394,-46222.84663024116,-1.335573019452777,-13314.188356166642,-1.2809494281476468,NaN
1072,1,4,10,56,14,34609,10394,-45379.93404889229,-1.3112177193473458,-12965.460662298183,-1.2473985628533946,NaN
1072,2,4,16,56,14,34609,10394,-45241.5333124825,-1.3072187382612181,-12897.280506068993,-1.2408389942340767,NaN
1072,3,4,22,56,14,34609,10394,-45216.23584387486,-1.3064877876816685,-12899.961277028746,-1.241096909469766,NaN
1072,0,5,4,56,14,35715,9288,-46299.808881958044,-1.296368721320399,-13218.34141054438,-1.4231633732282924,NaN
1072,1,5,10,56,14,35715,9288,-45447.54615657983,-1.27250584226739,-12892.39145954835,-1.3880697092536982,NaN
1072,2,5,16,56,14,35715,9288,-45321.22320786859,-1.2689688704429116,-12812.928070003003,-1.3795142194232346,NaN
1072,3,5,22,56,14,35715,9288,-45289.34979508119,-1.2680764327336185,-12820.543349047355,-1.3803341245744354,NaN
Denna,0,0,4,10,0,5093,0,-6409.918422676476,-1.2585742043346704,NaN,NaN,12853.979334660491
Denna,1,0,10,10,0,5093,0,-6304.316827814263,-1.2378395499340786,NaN,NaN,12693.989878897371
Denna,2,0,16,10,0,5093,0,-6248.5022021068935,-1.2268804637947954,NaN,NaN,12633.57436144394
Denna,3,0,22,10,0,5093,0,-6237.166146350532,-1.2246546527293405,NaN,NaN,12662.115983892525
Denna,0,1,4,8,2,4286,807,-5538.057861045758,-1.2921273590867377,-882.0629330011229,-1.0930147868663234,NaN
Denna,1,1,10,8,2,4286,807,-5390.625852039904,-1.2577288502192963,-955.5170262925766,-1.1840359681444568,NaN
Denna,2,1,16,8,2,4286,807,-5347.887798825055,-1.2477573025723414,-931.8632126710194,-1.1547251705960586,NaN
Denna,3,1,22,8,2,4286,807,-5326.666397728513,-1.2428059724051594,-967.8523155433276,-1.1993213327674443,NaN
Denna,0,2,4,8,2,3925,1168,-5029.156918907596,-1.2813138646898334,-1469.1939116976735,-1.2578714997411589,NaN
Denna,1,2,10,8,2,3925,1168,-4955.019963453322,-1.2624254683957508,-1640.971027349636,-1.4049409480733184,NaN
Denna,2,2,16,8,2,3925,1168,-4898.835836668144,-1.2481110411893361,-1715.4326008899561,-1.4686922952824968,NaN
Denna,3,2,22,8,2,3925,1168,-4881.286454641072,-1.24363986105505,-1803.379405761213,-1.5439892172613126,NaN
Denna,0,3,4,8,2,4020,1073,-4941.375770294826,-1.2291979528096582,-1477.8979450899533,-1.3773513001770301,NaN
Denna,1,3,10,8,2,4020,1073,-4847.206419430844,-1.2057727411519512,-1474.1938595320562,-1.3738992167120747,NaN
Denna,2,3,16,8,2,4020,1073,-4807.540187364877,-1.1959055192449943,-1455.8584605241601,-1.3568112400038772,NaN
Denna,3,3,22,8,2,4020,1073,-4800.153926461497,-1.19406814091082,-1453.1917607003274,-1.3543259652379567,NaN
Denna,0,4,4,8,2,4071,1022,-5038.289219417312,-1.237604819311548,-1382.4223352439583,-1.352663733115419,NaN
Denna,1,4,10,8,2,4071,1022,-4944.23615007067,-1.2145016335226406,-1371.0462413939536,-1.3415325258257862,NaN
Denna,2,4,16,8,2,4071,1022,-4906.521999314278,-1.2052375336070444,-1354.6491753907114,-1.325488429932203,NaN
Denna,3,4,22,8,2,4071,1022,-4897.596392514737,-1.2030450485174986,-1353.0293184390334,-1.3239034426996412,NaN
Denna,0,5,4,8,2,4070,1023,-5004.8648602435915,-1.2296965258583763,-1416.8503514614144,-1.384995455974012,NaN
Denna,1,5,10,8,2,4070,1023,-4922.272584632077,-1.2094035834476848,-1393.6009895612542,-1.3622688070002484,NaN
Denna,2,5,16,8,2,4070,1023,-4870.151894262461,-1.1965975170178036,-1388.3417808917868,-1.3571278405589313,NaN
Denna,3,5,22,8,2,4070,1023,-4857.529285531371,-1.1934961389511969,-1390.8207111006852,-1.3595510372440716,NaN
Dopey,0,0,4,10,0,12774,0,-14831.805179616833,-1.1610932503222822,NaN,NaN,29701.43102777015
Dopey,1,0,10,10,0,12774,0,-14632.382346120408,-1.14548163035231,NaN,NaN,29359.31636358203
Dopey,2,0,16,10,0,12774,0,-14608.72423380267,-1.1436295783468506,NaN,NaN,29368.731141751283
Dopey,3,0,22,10,0,12774,0,-14592.917471586885,-1.1423921615458654,NaN,NaN,29393.848620124445
Dopey,0,1,4,8,2,9921,2853,-11960.629428583099,-1.2055870807966031,-2923.222916749955,-1.0246137107430617,NaN
Dopey,1,1,10,8,2,9921,2853,-11781.842044596591,-1.187565975667432,-2912.105900165138,-1.0207171048598451,NaN
Dopey,2,1,16,8,2,9921,2853,-11743.4529246639,-1.1836964947751134,-2919.9131546511007,-1.0234536118650897,NaN
Dopey,3,1,22,8,2,9921,2853,-11727.497182326788,-1.1820882151322234,-2927.11889796957,-1.025979284251514,NaN
Dopey,0,2,4,8,2,10497,2277,-11590.41290239396,-1.104164323368006,-4924.8651025689205,-2.162874441180905,NaN
Dopey,1,2,10,8,2,10497,2277,-11472.876991871837,-1.0929672279576867,-4848.0806333161645,-2.1291526716364357,NaN
Dopey,2,2,16,8,2,10497,2277,-11451.808779058554,-1.090960158050734,-4881.28068230674,-2.1437332816454724,NaN
Dopey,3,2,22,8,2,10497,2277,-11431.42545184131,-1.089018333985073,-4917.796611884292,-2.1597701413633255,NaN
Dopey,0,3,4,8,2,9656,3118,-10997.494492544098,-1.1389285928483945,-3859.7163833782797,-1.2378820985818728,NaN
Dopey,1,3,10,8,2,9656,3118,-10823.413404031297,-1.1209003111051468,-3842.6637643159843,-1.2324130097228942,NaN
Dopey,2,3,16,8,2,9656,3118,-10796.70548443478,-1.1181343707989624,-3861.487342219059,-1.2384500776841112,NaN
Dopey,3,3,22,8,2,9656,3118,-10781.63985931861,-1.1165741362177517,-3866.844070709328,-1.2401680791242233,NaN
Dopey,0,4,4,8,2,10158,2616,-11824.704808085282,-1.16407804765557,-3023.685349115921,-1.1558430233623551,NaN
Dopey,1,4,10,8,2,10158,2616,-11637.878674273514,-1.1456860281820747,-3008.946499354748,-1.150208906481173,NaN
Dopey,2,4,16,8,2,10158,2616,-11612.954952633398,-1.1432324229802517,-3016.066775585133,-1.152930724612054,NaN
Dopey,3,4,22,8,2,10158,2616,-11597.074058266093,-1.1416690350724643,-3018.0166018132654,-1.1536760710295357,NaN
Dopey,0,5,4,8,2,10864,1910,-12375.145080252354,-1.1390965648244067,-2467.698195297171,-1.2919885839252203,NaN
Dopey,1,5,10,8,2,10864,1910,-12205.371268954754,-1.1234693730628456,-2440.1262130609616,-1.2775529911313934,NaN
Dopey,2,5,16,8,2,10864,1910,-12187.26072750992,-1.1218023497339764,-2435.9493597723676,-1.2753661569488837,NaN
Dopey,3,5,22,8,2,10864,1910,-12170.652111640688,-1.120273574341006,-2437.6696742342456,-1.2762668451488197,NaN
Draco,0,0,4,10,0,12453,0,-13014.64049178908,-1.045100818420387,NaN,NaN,26066.999850925044
Draco,1,0,10,10,0,12453,0,-12854.658229328299,-1.032253933134851,NaN,NaN,25803.61362702381
Draco,2,0,16,10,0,12453,0,-12840.73834213873,-1.031136139254696,NaN,NaN,25832.352153664997
Draco,3,0,22,10,0,12453,0,-12835.353913818764,-1.0307037592402444,NaN,NaN,25878.161598045393
Draco,0,1,4,8,2,10629,1824,-11479.986688633433,-1.0800627235519271,-1550.05202492224,-0.8498092241898245,NaN
Draco,1,1,10,8,2,10629,1824,-11324.671789693091,-1.0654503518386576,-1548.5345699284258,-0.8489772861449703,NaN
Draco,2,1,16,8,2,10629,1824,-11304.504740033637,-1.0635529908771886,-1562.5601581399374,-0.8566667533661937,NaN
Draco,3,1,22,8,2,10629,1824,-11293.22952381839,-1.0624921934159743,-1576.4617470612602,-0.8642882385204278,NaN
Draco,0,2,4,8,2,10963,1490,-10885.093653333472,-0.9928937018456144,-2153.0134144456815,-1.444975445936699,NaN
Draco,1,2,10,8,2,10963,1490,-10748.734985915558,-0.9804556221760065,-2135.0333624687178,-1.432908296958871,NaN
Draco,2,2,16,8,2,10963,1490,-10737.77789779186,-0.9794561614331716,-2137.462030732742,-1.4345382756595582,NaN
Draco,3,2,22,8,2,10963,1490,-10723.229575964619,-0.9781291230470326,-2159.0463059919603,-1.4490243664375573,NaN
Draco,0,3,4,8,2,9348,3105,-12845.236939531465,-1.3741160611394378,-4224.518870370292,-1.3605535814397074,NaN
Draco,1,3,10,8,2,9348,3105,-12760.30291140516,-1.365030264377959,-4183.499272214503,-1.3473427607776178,NaN
Draco,2,3,16,8,2,9348,3105,-12749.907581999727,-1.3639182265724996,-4189.405801715342,-1.3492450247070344,NaN
Draco,3,3,22,8,2,9348,3105,-12747.226175239755,-1.3636313837440903,-4188.033147015821,-1.348802945898815,NaN
Draco,0,4,4,8,2,9067,3386,-12432.812609331879,-1.371215684276153,-4650.878141949412,-1.373561176003961,NaN
Draco,1,4,10,8,2,9067,3386,-12317.384467134176,-1.3584851072167394,-4638.904691798685,-1.3700250123445614,NaN
Draco,2,4,16,8,2,9067,3386,-12311.920995342083,-1.3578825405693264,-4638.782544614114,-1.369988938161286,NaN
Draco,3,4,22,8,2,9067,3386,-12307.229368114562,-1.3573651007074625,-4639.029063491749,-1.3700617435002214,NaN
Draco,0,5,4,8,2,9805,2648,-9837.894643917818,-1.0033548846423068,-3190.859370823157,-1.2050073152655427,NaN
Draco,1,5,10,8,2,9805,2648,-9709.547573230924,-0.9902649233279882,-3165.068674554453,-1.195267626342316,NaN
Draco,2,5,16,8,2,9805,2648,-9701.229509661607,-0.9894165741623261,-3160.0172924747226,-1.193360004710998,NaN
Draco,3,5,22,8,2,9805,2648,-9693.208551284413,-0.9885985263931069,-3166.187309008409,-1.195690071377798,NaN
Randy,0,0,4,7,0,8382,0,-7191.109042977128,-0.8579228159123274,NaN,NaN,14418.353453268197
Randy,1,0,10,7,0,8382,0,-7066.153474502185,-0.8430152081248133,NaN,NaN,14222.64536728922
Randy,2,0,16,7,0,8382,0,-7035.011457402339,-0.839299863684364,NaN,NaN,14214.564384060439
Randy,3,0,22,7,0,8382,0,-6989.4486024719345,-0.8338640661503143,NaN,NaN,14177.641725170539
Randy,0,1,4,6,1,7890,492,-6660.6356671780595,-0.8441870300605906,-531.0780257857735,-1.0794268816784016,NaN
Randy,1,1,10,6,1,7890,492,-6527.688960611233,-0.8273370038797506,-540.2597084395306,-1.0980888382917289,NaN
Randy,2,1,16,6,1,7890,492,-6493.25016726801,-0.8229721378032966,-544.6164795669464,-1.1069440641604602,NaN
Randy,3,1,22,6,1,7890,492,-6450.44360988717,-0.8175467186168783,-541.7271884116436,-1.1010715211618773,NaN
Randy,0,2,4,6,1,7284,1098,-6136.390001041393,-0.8424478310051335,-1056.6329789191232,-0.9623251174126805,NaN
Randy,1,2,10,6,1,7284,1098,-6022.337848080014,-0.826789929719936,-1047.1927739103157,-0.9537274807926372,NaN
Randy,2,2,16,6,1,7284,1098,-5987.699283000481,-0.822034497940758,-1053.0636523016058,-0.9590743645734114,NaN
Randy,3,2,22,6,1,7284,1098,-5949.207429421871,-0.8167500589541283,-1047.1100495787787,-0.9536521398713831,NaN
Randy,0,3,4,6,1,7694,688,-6447.136798325998,-0.8379434362264099,-744.6761104211733,-1.0823780674726358,NaN
Randy,1,3,10,6,1,7694,688,-6357.557717846514,-0.826300717162271,-711.083858323381,-1.033552119656077,NaN
Randy,2,3,16,6,1,7694,688,-6319.282760185597,-0.821326067089368,-721.252896020015,-1.0483326977035101,NaN
Randy,3,3,22,6,1,7694,688,-6273.015016987339,-0.8153125834399972,-721.960061680959,-1.0493605547688358,NaN
Randy,0,4,4,6,1,6844,1538,-5915.756833497402,-0.8643712497804503,-1293.5640247404876,-0.8410689367623456,NaN
Randy,1,4,10,6,1,6844,1538,-5847.099305555264,-0.8543394660367131,-1248.0676024158674,-0.8114873877866499,NaN
Randy,2,4,16,6,1,6844,1538,-5826.362487114886,-0.8513095393212866,-1239.74701793429,-0.8060773848727503,NaN
Randy,3,4,22,6,1,6844,1538,-5806.11698651787,-0.8483514007185666,-1223.9927387478856,-0.7958340303952443,NaN
Randy,0,5,4,4,3,3816,4566,-3533.804424515084,-0.9260493774934707,-3764.66652938327,-0.8244998969301949,NaN
Randy,1,5,10,4,3,3816,4566,-3425.099832190135,-0.8975628491064296,-3796.922858242066,-0.8315643579154766,NaN
Randy,2,5,16,4,3,3816,4566,-3403.8237755812024,-0.8919873625736904,-3865.5667607730566,-0.846598064120249,NaN
Randy,3,5,22,4,3,3816,4566,-3371.8514637746575,-0.8836088741547845,-3858.600732565488,-0.845072433763795,NaN
Remy,0,0,4,10,0,23482,0,-20376.779361314726,-0.867761662606027,NaN,NaN,40793.814680426214
Remy,1,0,10,10,0,23482,0,-19180.256599720648,-0.8168067711319584,NaN,NaN,38461.15309393319
Remy,2,0,16,10,0,23482,0,-19057.218440412245,-0.8115670914067049,NaN,NaN,38275.46071201153
Remy,3,0,22,10,0,23482,0,-18988.84573690629,-0.8086553844181198,NaN,NaN,38199.09924169476
Remy,0,1,4,8,2,19429,4053,-16432.796355115548,-0.8457870376815867,-3960.923169803862,-0.977281808488493,NaN
Remy,1,1,10,8,2,19429,4053,-15334.415426884909,-0.7892539722520412,-3880.944179586785,-0.9575485269150716,NaN
Remy,2,1,16,8,2,19429,4053,-15239.557185563666,-0.7843716704701048,-3858.2617796761415,-0.9519520798608787,NaN
Remy,3,1,22,8,2,19429,4053,-15194.70885352439,-0.7820633513574754,-3833.6862050429977,-0.9458885282612873,NaN
Remy,0,2,4,8,2,19345,4137,-17070.49721626209,-0.8824242551699194,-3397.7689857745418,-0.8213123001630509,NaN
Remy,1,2,10,8,2,19345,4137,-16245.563700253984,-0.8397810131948299,-3174.166891908228,-0.7672629663785903,NaN
Remy,2,2,16,8,2,19345,4137,-16145.310761661945,-0.8345986436630626,-3142.3735455089836,-0.7595778451798365,NaN
Remy,3,2,22,8,2,19345,4137,-16061.480453201964,-0.8302652082296182,-3156.71281639403,-0.763043948850382,NaN
Remy,0,3,4,8,2,17438,6044,-15517.211608892589,-0.8898504191359439,-4872.969717803138,-0.8062491260428754,NaN
Remy,1,3,10,8,2,17438,6044,-14634.093492801416,-0.8392071047598013,-4653.32137075957,-0.7699075729251439,NaN
Remy,2,3,16,8,2,17438,6044,-14456.299343963708,-0.8290113168920581,-4761.014044600169,-0.7877256857379499,NaN
Remy,3,3,22,8,2,17438,6044,-14387.129261241655,-0.8250446875353626,-4776.27297009082,-0.7902503259581106,NaN
Remy,0,4,4,8,2,18315,5167,-15824.186776451896,-0.8640014619957355,-4571.068410975746,-0.8846658430376902,NaN
Remy,1,4,10,8,2,18315,5167,-14652.642509325993,-0.8000350810442802,-4570.279915697633,-0.8845132408936779,NaN
Remy,2,4,16,8,2,18315,5167,-14591.643689183107,-0.7967045421339398,-4517.40238296079,-0.8742795399575751,NaN
Remy,3,4,22,8,2,18315,5167,-14544.237386776356,-0.7941161554341445,-4502.7072341545645,-0.8714355010943612,NaN
Remy,0,5,4,8,2,19401,4081,-16505.61257872083,-0.8507609184434219,-3885.0729925091846,-0.9519904416832111,NaN
Remy,1,5,10,8,2,19401,4081,-15677.911395427858,-0.8080981081092654,-3564.3257533632095,-0.8733951858277896,NaN
Remy,2,5,16,8,2,19401,4081,-15546.993382654007,-0.8013501047705792,-3600.23956844099,-0.8821954345603994,NaN
Remy,3,5,22,8,2,19401,4081,-15474.355514438936,-0.7976060777505766,-3616.765208910011,-0.8862448441337935,NaN
Rhea,0,0,4,10,0,17213,0,-22842.13901777432,-1.3270283516978052,NaN,NaN,45723.291716313724
Rhea,1,0,10,10,0,17213,0,-22360.005198337953,-1.2990184859314444,NaN,NaN,44817.54459858862
Rhea,2,0,16,10,0,17213,0,-22256.72778270605,-1.2930185198806745,NaN,NaN,44669.51028847244
Rhea,3,0,22,10,0,17213,0,-22224.479907017398,-1.2911450593747398,NaN,NaN,44663.53505824277
Rhea,0,1,4,8,2,14609,2604,-19465.889675534283,-1.3324587360896902,-3391.945351541207,-1.3025903807761932,NaN
Rhea,1,1,10,8,2,14609,2604,-19034.459633060404,-1.3029269377137658,-3346.214807557653,-1.2850287279407269,NaN
Rhea,2,1,16,8,2,14609,2604,-18965.74616716774,-1.2982234353595552,-3321.2496942140338,-1.2754415108348824,NaN
Rhea,3,1,22,8,2,14609,2604,-18938.850886251104,-1.2963824276987546,-3320.7766682948413,-1.2752598572560834,NaN
Rhea,0,2,4,8,2,14601,2612,-17390.21584787348,-1.191029097176459,-5609.814211779076,-2.1477083506045465,NaN
Rhea,1,2,10,8,2,14601,2612,-17044.20067992747,-1.167331051292889,-5521.123146636703,-2.113753118926762,NaN
Rhea,2,2,16,8,2,14601,2612,-16955.104319784867,-1.1612289788223318,-5502.6219634309855,-2.106669970685676,NaN
Rhea,3,2,22,8,2,14601,2612,-16924.38560212416,-1.1591251011659585,-5499.74103821302,-2.1055670130984,NaN
Rhea,0,3,4,8,2,12477,4736,-16427.480685040144,-1.316621037512234,-6427.951092652827,-1.357253186793249,NaN
Rhea,1,3,10,8,2,12477,4736,-15994.457910207906,-1.281915357073648,-6424.001249033809,-1.3564191826507197,NaN
Rhea,2,3,16,8,2,12477,4736,-15893.804192138481,-1.2738482160886817,-6425.182558033079,-1.3566686144495521,NaN
Rhea,3,3,22,8,2,12477,4736,-15873.719971168945,-1.2722385165639933,-6423.412768289174,-1.3562949257367343,NaN
Rhea,0,4,4,8,2,13216,3997,-18426.262042941504,-1.3942389560337094,-4446.694926462014,-1.1125081127000287,NaN
Rhea,1,4,10,8,2,13216,3997,-18042.05033114621,-1.3651672466060993,-4356.556862616501,-1.0899566831665002,NaN
Rhea,2,4,16,8,2,13216,3997,-17963.297464593354,-1.3592083432652355,-4314.506900937558,-1.0794363024612355,NaN
Rhea,3,4,22,8,2,13216,3997,-17924.136881032267,-1.3562452240490517,-4325.9443749785605,-1.0822978171074706,NaN
Rhea,0,5,4,8,2,13949,3264,-19456.95286992148,-1.3948636368142147,-3397.6090123665194,-1.040934133690723,NaN
Rhea,1,5,10,8,2,13949,3264,-19051.960779897294,-1.3658298644990532,-3332.086701813134,-1.0208598963888278,NaN
Rhea,2,5,16,8,2,13949,3264,-18944.08287585476,-1.358096127023784,-3342.5170304645544,-1.0240554627648757,NaN
Rhea,3,5,22,8,2,13949,3264,-18913.556608133673,-1.3559077072287384,-3341.970893640131,-1.0238881414338636,NaN
Robert,0,0,4,10,0,18667,0,-25693.309775142825,-1.3764027307624591,NaN,NaN,51425.95760043778
Robert,1,0,10,10,0,18667,0,-25252.511727779136,-1.3527889713279657,NaN,NaN,50603.3685809386
Robert,2,0,16,10,0,18667,0,-25113.199071912473,-1.3453259266037645,NaN,NaN,50383.750344433465
Robert,3,0,22,10,0,18667,0,-25051.4955867241,-1.342020441780902,NaN,NaN,50319.35044928492
Robert,0,1,4,8,2,15071,3596,-21057.792304625742,-1.397239221327433,-4657.644015368143,-1.295229147766447,NaN
Robert,1,1,10,8,2,15071,3596,-20637.59957319419,-1.3693583420605262,-4646.414752677096,-1.2921064384530299,NaN
Robert,2,1,16,8,2,15071,3596,-20528.951697850112,-1.3621492732964045,-4612.885297640866,-1.2827823408345012,NaN
Robert,3,1,22,8,2,15071,3596,-20474.570442897486,-1.3585409357638834,-4605.750158153749,-1.2807981529904753,NaN
Robert,0,2,4,8,2,16224,2443,-22705.466500176146,-1.3994986748136184,-3005.23545271078,-1.2301414051210724,NaN
Robert,1,2,10,8,2,16224,2443,-22399.42416898053,-1.380635118896729,-2877.4290542779727,-1.1778260557830424,NaN
Robert,2,2,16,8,2,16224,2443,-22250.41956382802,-1.3714509099992618,-2891.2390634454755,-1.1834789453317542,NaN
Robert,3,2,22,8,2,16224,2443,-22181.26353094761,-1.3671883340081121,-2906.447773714078,-1.189704369101137,NaN
Robert,0,3,4,8,2,14216,4451,-19310.081639118103,-1.358334386544605,-6397.977218988439,-1.437424672879901,NaN
Robert,1,3,10,8,2,14216,4451,-18992.371173527026,-1.335985591835047,-6288.180141835093,-1.4127567157571541,NaN
Robert,2,3,16,8,2,14216,4451,-18898.151605977604,-1.3293578788673048,-6249.878877846879,-1.404151623870339,NaN
Robert,3,3,22,8,2,14216,4451,-18845.561954124816,-1.3256585505152516,-6248.055509838179,-1.403741970307387,NaN
Robert,0,4,4,8,2,14466,4201,-17746.131249033937,-1.2267476323125908,-7034.403444488724,-1.6744592821920314,NaN
Robert,1,4,10,8,2,14466,4201,-17171.693345948144,-1.18703811322744,-6939.495258410918,-1.6518674740325918,NaN
Robert,2,4,16,8,2,14466,4201,-17039.525527842987,-1.1779016679001098,-6927.040174329714,-1.6489026837252354,NaN
Robert,3,4,22,8,2,14466,4201,-16971.700778394043,-1.1732131051012058,-6958.984790224145,-1.6565067341642812,NaN
Robert,0,5,4,8,2,14691,3976,-20171.211832682216,-1.373031912918264,-5537.5751203193595,-1.3927502817704627,NaN
Robert,1,5,10,8,2,14691,3976,-19688.316737228717,-1.3401617818547897,-5629.7126479803455,-1.415923704220409,NaN
Robert,2,5,16,8,2,14691,3976,-19560.805408355736,-1.331482227782706,-5630.675814848242,-1.4161659494085117,NaN
Robert,3,5,22,8,2,14691,3976,-19530.196267195977,-1.3293986976513497,-5605.84051946356,-1.4099196477524043,NaN
Ron,0,0,4,8,0,10679,0,-10403.662525327614,-0.9742169234317459,NaN,NaN,20844.429188555914
Ron,1,0,10,8,0,10679,0,-10040.180985455569,-0.9401798843951277,NaN,NaN,20173.12231566285
Ron,2,0,16,8,0,10679,0,-9985.207289478913,-0.9350320525778549,NaN,NaN,20118.83113056057
Ron,3,0,22,8,0,10679,0,-9946.179744358196,-0.9313774458618032,NaN,NaN,20096.432247170167
Ron,0,1,4,7,1,9511,1168,-9434.063332965987,-0.9919107699470073,-971.0096964766424,-0.8313439182163034,NaN
Ron,1,1,10,7,1,9511,1168,-9102.740973991557,-0.9570750682358907,-939.3851456843452,-0.8042681041818024,NaN
Ron,2,1,16,7,1,9511,1168,-9046.521590203114,-0.9511640826625081,-942.6171555960382,-0.8070352359555122,NaN
Ron,3,1,22,7,1,9511,1168,-9003.610100133137,-0.946652307868062,-947.2185405044493,-0.8109747778291517,NaN
Ron,0,2,4,7,1,7813,2866,-6751.588075503161,-0.8641479681944402,-3790.6309027798998,-1.3226206918282972,NaN
Ron,1,2,10,7,1,7813,2866,-6422.488878124887,-0.8220259667381143,-3776.6541428730443,-1.317743943779848,NaN
Ron,2,2,16,7,1,7813,2866,-6384.403663924115,-0.8171513712945239,-3751.225887541171,-1.3088715588071078,NaN
Ron,3,2,22,7,1,7813,2866,-6355.40693614725,-0.8134400276650775,-3799.025760878798,-1.325549811890718,NaN
Ron,0,3,4,7,1,8921,1758,-8159.161840682186,-0.9146017084051324,-2261.5362562646606,-1.2864256292745508,NaN
Ron,1,3,10,7,1,8921,1758,-7912.609140536381,-0.8869643695254322,-2143.293914082544,-1.2191660489661795,NaN
Ron,2,3,16,7,1,8921,1758,-7863.718988943917,-0.881484025215101,-2146.38730687343,-1.220925658062247,NaN
Ron,3,3,22,7,1,8921,1758,-7809.568721061636,-0.8754140478714982,-2172.18116632616,-1.2355979330637998,NaN
Ron,0,4,4,7,1,8641,2038,-8780.44362379212,-1.0161374405499501,-2353.166905877889,-1.154645194248228,NaN
Ron,1,4,10,7,1,8641,2038,-8572.75778836283,-0.9921025099366774,-2922.251865935085,-1.4338821717051446,NaN
Ron,2,4,16,7,1,8641,2038,-8519.919136290104,-0.9859876329464302,-2973.4901361955817,-1.459023619330511,NaN
Ron,3,4,22,7,1,8641,2038,-8482.632793997233,-0.9816725834969602,-2974.1035928001484,-1.4593246284593466,NaN
Ron,0,5,4,4,4,7830,2849,-8093.170337934512,-1.0336105157004485,-2331.4375135438813,-0.818335385589288,NaN
Ron,1,5,10,4,4,7830,2849,-7646.110990807758,-0.9765148136408375,-2497.1974727815327,-0.8765171894635074,NaN
Ron,2,5,16,4,4,7830,2849,-7578.830089646291,-0.9679221059573807,-2570.0486449120244,-0.902087976452097,NaN
Ron,3,5,22,4,4,7830,2849,-7547.362949727434,-0.9639033141414347,-2542.7558540583987,-0.8925081972826953,NaN
Rudy,0,0,4,10,0,20915,0,-25307.45044429177,-1.2100143650151456,NaN,NaN,50654.69377611905
Rudy,1,0,10,10,0,20915,0,-24522.03725605822,-1.1724617382767497,NaN,NaN,49143.5567309552
Rudy,2,0,16,10,0,20915,0,-24245.085767655844,-1.1592199745472553,NaN,NaN,48649.34308545371
Rudy,3,0,22,10,0,20915,0,-24056.222642294204,-1.1501899422564763,NaN,NaN,48331.30616603369
Rudy,0,1,4,8,2,18463,2452,-21682.89953484085,-1.174397418341594,-3650.789717434114,-1.4889028211395245,NaN
Rudy,1,1,10,8,2,18463,2452,-21018.242148711015,-1.1383979932140504,-3540.192746433536,-1.4437980205683263,NaN
Rudy,2,1,16,8,2,18463,2452,-20835.26465037775,-1.1284874966353111,-3461.763466126161,-1.4118121803124637,NaN
Rudy,3,1,22,8,2,18463,2452,-20674.73472014085,-1.119792813743208,-3425.959467185004,-1.3972102231586476,NaN
Rudy,0,2,4,8,2,17678,3237,-21299.653225053742,-1.2048678145182568,-4429.664541541376,-1.368447495069934,NaN
Rudy,1,2,10,8,2,17678,3237,-20802.390195031996,-1.176738895521665,-4148.676145495782,-1.2816423063008286,NaN
Rudy,2,2,16,8,2,17678,3237,-20612.406229894208,-1.1659919804216659,-4030.0010714505042,-1.2449802506797973,NaN
Rudy,3,2,22,8,2,17678,3237,-20473.668055223246,-1.1581439108057046,-3954.905340215207,-1.2217810751359923,NaN
Rudy,0,3,4,8,2,15473,5442,-19540.42632730482,-1.2628725087122614,-5798.395116828658,-1.0654897311335276,NaN
Rudy,1,3,10,8,2,15473,5442,-18899.684853093444,-1.2214622150257508,-5679.069174424589,-1.0435628765940075,NaN
Rudy,2,3,16,8,2,15473,5442,-18680.158746082823,-1.2072745263415512,-5678.200121630683,-1.0434031829530839,NaN
Rudy,3,3,22,8,2,15473,5442,-18502.558014161033,-1.1957964204847822,-5682.9796953843,-1.0442814581742557,NaN
Rudy,0,4,4,8,2,15186,5729,-18560.738837060046,-1.2222269746516559,-6808.831536362683,-1.1884851695518734,NaN
Rudy,1,4,10,8,2,15186,5729,-17917.156063587183,-1.179846968496456,-6673.059771676926,-1.1647861357439215,NaN
Rudy,2,4,16,8,2,15186,5729,-17673.267463541597,-1.163786873669274,-6670.650373419986,-1.1643655739954593,NaN
Rudy,3,4,22,8,2,15186,5729,-17555.53683546662,-1.1560342970806414,-6596.026168425677,-1.1513398792853338,NaN
Rudy,0,5,4,8,2,16860,4055,-19802.329455376002,-1.174515388812337,-5533.6609201560605,-1.3646512750076598,NaN
Rudy,1,5,10,8,2,16860,4055,-19043.175670244993,-1.1294884739172593,-5507.828764127743,-1.3582808296245976,NaN
Rudy,2,5,16,8,2,16860,4055,-18765.007885766838,-1.1129897915638693,-5516.231026155681,-1.360352904107443,NaN
Rudy,3,5,22,8,2,16860,4055,-18607.26042730763,-1.1036334773017573,-5487.157781867342,-1.3531831767860276,NaN
