rat,bic_ddm,tod_best_H,bic_tod,hmm_tied,bic_hmm,Δbic_hmm_minus_tod
1029,51045.580570918304,3,49701.057925469155,full,39398.81309,-10302.244835469151
1052,142300.77731624953,3,140741.02858408846,full,126632.25529966995,-14108.773284418508
1054,134098.59514566112,3,133542.08781787916,full,112385.7586233816,-21156.329194497564
1059,49176.17909114081,2,48472.59769907509,full,44049.451903591565,-4423.145795483528
1060,185867.8054574565,3,181260.9682977617,full,161076.98152154937,-20183.986776212318
1062,238401.85581384203,3,233223.81367013365,full,210091.1413,-23132.67237013366
1064,131547.11053486183,3,129286.47514852088,full,107516.07490227492,-21770.40024624596
1065,148935.93424314313,2,147342.882045841,full,118752.89284330478,-28589.989202536206
1072,119073.36815531306,2,116395.14492883135,full,101540.55664459174,-14854.58828423961
Denna,12853.979334660491,2,12633.57436144394,full,11441.918106256773,-1191.6562551871666
Dopey,29701.43102777015,1,29359.31636358203,full,24663.11158,-4696.20478358203
Draco,26066.999850925044,1,25803.61362702381,full,19483.94366,-6319.669967023809
Randy,14418.353453268197,3,14177.641725170539,full,12226.87829609429,-1950.763429076249
Remy,40793.814680426214,3,38199.09924169476,full,26828.816389805223,-11370.28285188954
Rhea,45723.291716313724,3,44663.53505824277,full,33142.90104671832,-11520.634011524453
Robert,51425.95760043778,3,50319.35044928492,full,33800.458311676775,-16518.89213760814
Ron,20844.429188555914,3,20096.432247170167,full,15162.819379078794,-4933.6128680913735
Rudy,50654.69377611905,3,48331.30616603369,full,39973.25126836524,-8358.054897668451
