rat,fold,n,n_floor,n_floor_tod,n_floor_ddm,ddm,tod,hmm,ddm_nf,tod_nf,hmm_nf,n_nf
1029,1,4578,0,0,0,-5940.721630160353,-5956.2355661165,-5258.431297947351,-5940.721630160353,-5956.2355661165,-5258.431297947351,4578
1029,2,4811,0,0,0,-4161.623693398716,-4136.278686206198,-3115.9879032569143,-4161.623693398716,-4136.278686206198,-3115.9879032569143,4811
1029,3,5821,2,2,1,-5169.897851348567,-5037.7475223570445,-3878.6900339834533,-5129.515933360437,-4964.0647993812345,-3876.780103340692,5819
1029,4,5995,6,4,4,-4975.646093605526,-4851.766238238286,-3682.2655073981673,-4824.585334905358,-4677.214654909051,-3663.940646852675,5989
1029,5,6180,26,23,18,-5918.875433925124,-6019.718001867239,-4363.250076037764,-5128.646427483729,-5118.108047788533,-4301.562669138302,6154
1052,1,8293,3,3,0,-10554.358631367713,-10638.452155906885,-9515.434775050158,-10546.726656288414,-10527.92807144317,-9510.173993788168,8290
1052,2,15215,4,3,1,-14876.003349472787,-14597.662228417501,-13263.289178730665,-14802.794198927008,-14478.337617051386,-13256.117148365647,15211
1052,3,16599,7,4,6,-16334.387741728693,-15873.058578919205,-14527.231492272218,-16102.771380616883,-15689.633415686156,-14398.844797109663,16592
1052,4,15175,8,6,5,-15808.805202072144,-15506.537510311337,-13928.674355884088,-15588.611519110262,-15259.33789735374,-13834.666464829306,15167
1052,5,13112,4,1,3,-13764.621326241451,-13391.14620145546,-12313.759498952095,-13644.843976112254,-13318.900574278203,-12295.794160009264,13108
1054,1,8163,6,6,5,-14192.709493310314,-14024.057233369134,-13398.526894747672,-13992.81090150412,-13803.009064441705,-13311.696308861512,8157
1054,2,8664,1,1,0,-12560.986147482115,-12018.501315332302,-11415.71347430972,-12548.529239872456,-11981.659953844395,-11411.709353405577,8663
1054,3,9095,199,198,199,-19213.486627170452,-19117.178195773507,-13486.428496102286,-11882.055691077408,-11793.27108363005,-10988.427036696217,8896
1054,4,8462,3,3,2,-12301.333219119395,-12190.249554838283,-11570.177873649098,-12209.433920239408,-12079.725470374568,-11539.694492109735,8459
1054,5,6535,3,3,2,-10272.315517900735,-10280.024470184257,-9886.441584877264,-10178.952730484081,-10169.500385720541,-9861.792595737914,6532
1059,1,6233,7,7,2,-8478.907774659845,-8344.846808718607,-7631.554050882446,-8390.954604031587,-8086.9572783032745,-7606.899593654191,6226
1059,2,2961,2,2,0,-4280.332973005148,-4217.568746022842,-3922.8790317857674,-4255.5657457647085,-4143.886023047033,-3916.301695066857,2959
1059,3,2987,0,0,0,-4598.148700537531,-4426.946162315748,-4120.447377951136,-4598.148700537531,-4426.946162315748,-4120.447377951136,2987
1059,4,2544,1,0,1,-3783.326386751373,-3710.3717397836326,-3515.9287212300196,-3746.485025263468,-3704.729496620921,-3513.3369320846095,2543
1059,5,2443,12,11,8,-3726.3695300186564,-3712.6202032027622,-3258.015322537267,-3417.439326411619,-3284.8362579105387,-3179.0067848047024,2431
1060,1,9211,8,7,5,-14281.388367514075,-14145.024001506546,-12292.732328331937,-14083.40395845476,-13861.345815482133,-12259.899125765238,9203
1060,2,15214,8,8,6,-24428.42214071911,-23374.85364595936,-21419.44435037312,-24201.118683478773,-23080.122754056123,-21376.041690340804,15206
1060,3,14035,3,2,3,-23603.5017073961,-22790.435024050377,-20890.367265461537,-23492.977622932383,-22709.907088565877,-20882.838744455858,14032
1060,4,10418,38,31,38,-18391.73478753383,-17218.754502960073,-15232.44285285964,-16991.763050993446,-16028.84017593714,-15012.090741529202,10380
1060,5,7971,16,14,7,-12711.448448156798,-12328.078551068571,-11012.381893974049,-12338.564196177005,-11781.839729569923,-10921.427053321324,7955
1062,1,14034,5,4,4,-17945.580054665257,-17724.92244781777,-16358.283722116392,-17791.706483714945,-17558.266899078833,-16333.145175531843,14029
1062,2,19913,6,5,4,-23475.888294663484,-22695.690205556308,-20714.54637353236,-23308.550479455524,-22497.51277366787,-20690.65665692849,19907
1062,3,20165,26,17,18,-25792.878082267518,-25069.88311082209,-21808.267395342402,-25009.815405721547,-24245.811865458327,-21595.144985079787,20139
1062,4,21454,14,12,11,-26993.101318700814,-26394.76821443594,-24105.966761622643,-26543.95903777046,-25933.241510892014,-24015.26322664159,21440
1062,5,18821,9,6,6,-25420.344791069263,-24754.764420795964,-23065.80749806614,-25168.603410933345,-24517.15533212107,-23016.371090042652,18812
1064,1,9098,15,14,7,-9048.956960405867,-9306.816129965559,-7781.191081861798,-8699.005955491328,-8786.342791801182,-7707.253432065372,9083
1064,2,14748,13,9,9,-14478.019216283792,-13889.291988694145,-11896.458747971876,-14082.486659496375,-13537.79114247148,-11824.501863420337,14735
1064,3,15770,20,10,14,-15111.125711312912,-14432.690561144344,-12190.425140099367,-14492.688694198776,-13960.606512982169,-12054.125739555308,15750
1064,4,13852,12,6,9,-14125.293493918052,-13393.608054126133,-11489.409953157798,-13746.951630117008,-13119.41785870411,-11418.5206267894,13840
1064,5,13056,8,7,4,-13274.718521078128,-12802.196896912435,-10960.46101009487,-13101.614945249727,-12542.108829362622,-10899.37988073435,13048
1065,1,9598,0,0,0,-16134.182722511527,-15921.472626297225,-13107.990886805828,-16134.182722511527,-15921.472626297225,-13107.990886805828,9598
1065,2,7892,2,2,1,-12662.125691228357,-12496.97064974662,-10171.979877165708,-12617.606744898869,-12423.28792677081,-10134.421551460682,7890
1065,3,10441,1,1,1,-17030.38942453269,-16864.658975851788,-13579.27148293511,-16993.548063044786,-16827.81761436388,-13563.28810383164,10440
1065,4,9595,2,1,1,-15555.730325684484,-15330.255525141558,-12409.851112826957,-15498.215250939767,-15277.825837065784,-12396.543295371248,9593
1065,5,8448,4,2,3,-13532.807355513854,-13356.098564873595,-11151.890287142478,-13386.68550556176,-13230.157026791958,-11123.58139723758,8444
1072,1,5470,11,11,6,-7681.955971111669,-8512.69558300827,-6842.044444636325,-7431.282113634434,-8107.4406066413185,-6766.1816607706,5459
1072,2,8643,4,4,2,-11166.72356754895,-10674.119395941616,-9626.884821855774,-11074.532753757343,-10526.753949989998,-9590.470352420665,8639
1072,3,11208,3,2,3,-14192.936783155765,-13420.07076782209,-12034.558369369319,-14082.412698692051,-13336.874420888727,-12012.295575189972,11205
1072,4,10394,5,4,3,-13314.188356166644,-12798.014827149811,-11531.17611027689,-13199.008739353962,-12638.878272942116,-11504.610520258895,10389
1072,5,9288,23,23,21,-13218.341410544383,-12682.654712155238,-10953.1272499265,-12425.141692418347,-11835.303397933429,-10691.335098131854,9265
Denna,1,807,0,0,0,-882.0629330011232,-882.0629330011232,-847.989682706325,-882.0629330011232,-882.0629330011232,-847.989682706325,807
Denna,2,1168,0,0,0,-1469.193942288158,-1469.193942288158,-1338.548208888717,-1469.193942288158,-1469.193942288158,-1338.548208888717,1168
Denna,3,1073,0,0,0,-1477.897945089954,-1477.897945089954,-1397.237204256181,-1477.897945089954,-1477.897945089954,-1397.237204256181,1073
Denna,4,1022,0,0,0,-1382.422335243957,-1382.422335243957,-1232.4489368166692,-1382.422335243957,-1382.422335243957,-1232.4489368166692,1022
Denna,5,1023,0,0,0,-1416.8503514614167,-1416.8503514614167,-1287.4267564630463,-1416.8503514614167,-1416.8503514614167,-1287.4267564630463,1023
Dopey,1,2853,0,0,0,-2923.2229167499545,-2777.247438283069,-2700.3969863684238,-2923.2229167499545,-2777.247438283069,-2700.3969863684238,2853
Dopey,2,2277,49,38,48,-4924.865102568918,-4474.266030773797,-2650.329000397808,-3148.1561105756523,-2834.5077309762632,-2307.684831827676,2228
Dopey,3,3118,1,1,0,-3859.71638337828,-3809.763050353003,-3201.067208847042,-3842.884003079559,-3772.921688865098,-3193.463111985073,3117
Dopey,4,2616,0,0,0,-3023.6853491159222,-2965.8845195680105,-2508.6408398313733,-3023.6853491159222,-2965.8845195680105,-2508.6408398313733,2616
Dopey,5,1910,0,0,0,-2467.69819529717,-2385.5075181364828,-2102.6207718227934,-2467.69819529717,-2385.5075181364828,-2102.6207718227934,1910
Draco,1,1824,2,2,0,-1550.052024922241,-1671.9208745546393,-1395.643060895606,-1546.9959626693033,-1598.2381515788297,-1390.5236987497174,1822
Draco,2,1490,18,18,18,-2153.0134144456806,-2135.221666474984,-1371.570986657874,-1489.868907663396,-1472.0771596926982,-1327.164922297483,1472
Draco,3,3105,11,11,0,-4224.51887037029,-3770.9235439143536,-2296.0650284740177,-4140.595326368611,-3365.668567547402,-2271.5718583905673,3094
Draco,4,3386,0,0,0,-4650.87814194941,-4253.023470700078,-2748.380151835022,-4650.87814194941,-4253.023470700078,-2748.380151835022,3386
Draco,5,2648,26,26,25,-3190.8593708231574,-3155.5840883397186,-2081.0659054511207,-2263.8718945798037,-2197.708689654195,-2016.7494503659848,2622
Randy,1,492,1,1,0,-531.0780257857739,-564.446184614285,-512.6796926288669,-524.638710937229,-527.6048231263803,-509.85188446128706,491
Randy,2,1098,1,1,0,-1056.632978919123,-1059.3924769268983,-973.9671977056948,-1053.1368439450341,-1022.5511154389936,-969.6234607175409,1097
Randy,4,1538,1,0,1,-1293.5640247404876,-1187.3501365597003,-1027.9955145837525,-1256.722663252583,-1182.8873120229587,-1027.1780767020286,1537
Randy,5,4566,1,1,1,-3764.6665293832702,-3676.672577661411,-3128.7655488068885,-3727.8251678953657,-3639.8312161735066,-3120.8856060871817,4565
Remy,1,4053,7,7,7,-3960.923169803864,-3751.977359097077,-2596.0161580318218,-3703.0336393885304,-3494.0878286817438,-2536.750985725763,4046
Remy,2,4137,4,4,2,-3397.7689857745418,-2828.9161903660724,-2260.8404004393487,-3292.6130598175087,-2681.550744414453,-2239.920067635988,4133
Remy,3,6044,6,6,0,-4872.96971780314,-4709.016236602057,-3280.769193726299,-4847.534740588297,-4487.968067674628,-3261.0146214199767,6038
Remy,4,5167,4,4,1,-4571.068410975746,-4391.000861078228,-3191.231984036209,-4533.625613755712,-4243.63541512661,-3179.7676825075905,5163
Remy,5,4081,6,3,6,-3885.072992509179,-3162.3135235367354,-2469.386019864199,-3664.0248235817517,-3018.818037779858,-2437.579265047206,4075
Rhea,1,2604,2,1,1,-3391.945351541207,-3290.654935215174,-3216.2283425341084,-3350.288250299087,-3248.546385227639,-3207.0520674228787,2602
Rhea,2,2612,63,62,60,-5609.814211779072,-5379.866131303985,-2869.4005793373567,-3345.6955498032476,-3076.6752701703244,-2742.084130224848,2549
Rhea,3,4736,38,38,29,-6427.951092652828,-6680.181458228113,-4436.115699138532,-5309.880693762732,-5280.209721687734,-4408.751846083582,4698
Rhea,4,3997,0,0,0,-4446.694926462018,-4239.870069776496,-3562.437101988209,-4446.694926462018,-4239.870069776496,-3562.437101988209,3997
Rhea,5,3264,1,1,1,-3397.60901236652,-3266.1346828084975,-2730.9470995393294,-3360.7676508786153,-3229.293321320593,-2724.692552247757,3263
Robert,1,3596,1,1,0,-4657.6440153681415,-4445.951203302234,-3165.5429617443733,-4657.3886975851365,-4409.109841814329,-3165.937557324768,3595
Robert,2,2443,0,0,0,-3005.23545271078,-2736.144733288802,-1696.2342708645863,-3005.23545271078,-2736.144733288802,-1696.2342708645863,2443
Robert,3,4451,18,18,0,-6397.977218988438,-6541.634563749857,-5383.086076050373,-6290.718721500822,-5878.490056967572,-4753.611940525496,4433
Robert,5,3976,36,36,0,-5537.575120319362,-5751.235535623218,-3765.717892574072,-5331.334319677598,-4424.946522058648,-3796.138702856677,3940
Ron,1,1168,0,0,0,-971.0096964766424,-920.0325639541647,-838.0817640266537,-971.0096964766424,-920.0325639541647,-838.0817640266537,1168
Ron,2,2866,4,4,4,-3790.630902779898,-3724.7686593971175,-2826.721247107127,-3643.265456828279,-3577.4032134454974,-2807.979914210782,2862
Ron,3,1758,13,12,13,-2261.5362562646606,-2067.3337664934775,-1502.675254785328,-1782.5985569218992,-1604.0807519999307,-1416.7804693357552,1745
Ron,4,2038,18,12,10,-2353.1669058778866,-2093.411684874047,-1063.1980403282598,-1918.2212557220269,-1594.773721149275,-976.1145787527981,2020
Ron,5,2849,3,3,0,-2331.43751354388,-2659.5818800847187,-2008.5499745877714,-2326.7124311757752,-2549.0577956210045,-2003.4006251559263,2846
Rudy,1,2452,0,0,0,-3650.789717434114,-3520.809872858505,-3224.002287602566,-3650.789717434114,-3520.809872858505,-3224.002287602566,2452
Rudy,2,3237,8,1,8,-4429.664541541375,-3543.2583661824833,-3102.950295287448,-4134.933649638137,-3438.095845747876,-3071.876527316686,3229
Rudy,3,5442,6,6,1,-5798.3951168286585,-5653.33550271127,-4499.996548249737,-5743.801959350841,-5432.287333783842,-4480.70041196592,5436
Rudy,4,5729,2,2,1,-6808.831536362682,-6341.04040907698,-5602.561372704466,-6770.234138930058,-6267.35768610117,-5578.886566051805,5727
Rudy,5,4055,13,13,10,-5533.66092015606,-5316.962194759062,-4608.398921942497,-5147.872169188697,-4838.0244954163,-4225.488018487853,4042
