rat,n,n_floor,n_floor_tod,n_floor_ddm,n_nf,ddm,tod,hmm,ddm_nf,tod_nf,hmm_nf,tod_gain,hmm_gain,tod_gain_nf,hmm_gain_nf
1029,27385,34,29,23,27351,-26166.764702438286,-26001.74601478526,-20298.62481862365,-25185.093019308588,-24851.901754401515,-20216.702620535936,0.006025878680044705,0.2142829974005709,0.012182050561481217,0.18165297059605323
1052,68394,26,17,15,68368,-71338.17625088278,-70006.85667501038,-63548.38930088923,-70685.74773105483,-69274.13757581265,-63295.596564102045,0.019465443984448976,0.11389576497928992,0.02064723489413432,0.10809371587515772
1054,40919,212,211,208,40707,-68540.831004983,-67630.01076949749,-59757.288323686036,-60811.78248317747,-59827.16595801126,-57113.31978681095,0.0222591029958092,0.21465682644485368,0.024187892135657495,0.09085569303477342
1059,17168,22,20,11,17146,-24867.085364972554,-24412.35366004359,-22448.824504386634,-24408.59340200891,-23647.355218197517,-22335.992383561497,0.026487168274054236,0.140858624218658,0.04439742119511223,0.12087956482254837
1060,56849,73,62,59,56776,-93416.4954513199,-89857.14572554493,-80847.36869100029,-91107.82751203637,-87462.0555636112,-80452.29735541243,0.06261059518681014,0.2210967081271371,0.06421325821518198,0.18767666191038354
1062,94387,60,44,43,94327,-119627.79254136635,-116640.02839942808,-106052.87175067994,-117822.63481759581,-114751.9883812181,-105650.58113422435,0.031654403063327265,0.14382193300652,0.03255320784481331,0.12904103473418488
1064,66524,68,46,43,66456,-66038.11390299875,-63824.60363084262,-54317.94593318571,-64122.74788455321,-61946.26713532157,-53903.781542564764,0.03327386014304814,0.17617954377086534,0.03275070346141266,0.15377040962423927
1065,45974,9,6,6,45965,-74915.23551947091,-73969.45634191079,-60420.98364687608,-74630.23828695671,-73680.56103128966,-60325.82523470698,0.020572044580852693,0.3152706284551014,0.020660877965126674,0.3112022854835142
1072,45003,46,44,35,44957,-59574.146088527414,-58087.55528607702,-50987.79099606481,-58212.377997856136,-56445.25064839559,-50564.89320677199,0.03303314895563396,0.19079517126552903,0.039307056731110804,0.1701066528256812
Denna,5093,0,0,0,5093,-6628.427507084609,-6628.427507084609,-6103.650789130938,-6628.427507084609,-6628.427507084609,-6103.650789130938,0.0,0.10303882151063624,0.0,0.10303882151063624
Dopey,12774,50,39,48,12724,-17199.187947110244,-16412.66855711436,-13163.05480726744,-15405.64657481826,-14736.068895828923,-12812.80654183534,0.06157189525566644,0.3159647048569598,0.05262320645939461,0.20377554487448288
Draco,12453,57,57,43,12396,-15769.321822510778,-14986.673643983773,-9892.725133313641,-14092.210233230522,-12886.716039173203,-9754.390081638774,0.06284816337645582,0.4719020869828264,0.09724864424470143,0.3499370887053685
Randy,7694,4,3,2,7690,-6645.941558828655,-6487.861375762295,-5643.407953725203,-6562.323386030212,-6372.874466761839,-5627.539027968038,0.020545903699812774,0.1303007025088968,0.02463575022995738,0.12155843407830609
Remy,23482,27,24,16,23455,-20687.80327686647,-18843.224170680172,-13798.243756097878,-20040.8318771318,-17926.060093677293,-13655.032622336523,0.07855289609855627,0.2933974755458902,0.09016294109803911,0.27225748261757743
Rhea,17213,104,102,91,17109,-23274.014594801643,-22856.707277332265,-16815.128822537536,-19813.3270712057,-19074.594768182786,-16645.017697967276,0.024243729592132585,0.3752330083230179,0.043177994214911024,0.18518378474711686
Robert,14466,55,55,0,14411,-19598.43180738672,-19474.966035964113,-14010.581201233404,-19284.677191474337,-17448.691154129352,-13411.922471571526,0.008534893641822803,0.38627475502235015,0.12740170962077474,0.40751888973026235
Ron,10679,38,31,27,10641,-11707.781274942969,-11465.128554803525,-8239.22628083514,-10641.807397124623,-10245.348046169871,-8042.357351481916,0.022722419715277064,0.32480147898752953,0.03725771553000208,0.24428625558149675
Rudy,20915,29,22,20,20886,-26221.34183232289,-24375.4063455883,-21037.90942578671,-25447.631634541845,-23496.575233907693,-20580.953811424828,0.08825892836407316,0.24783324917696292,0.0934145552348057,0.2330114824819026
