rat,param,frac_var_hour,hmm_sd,tod_H
1029,B,0.11158985867582658,0.1825900182732483,3
1029,v,0.050556558990271255,0.08481741831478196,3
1029,a₀,0.051921686745248496,0.03831789734069794,3
1029,τ,0.12976166038605505,0.07880703240783277,3
1052,B,0.06211819720869059,0.27298990232718745,3
1052,v,0.023913112988782684,0.06318386429670299,3
1052,a₀,0.03953836657855312,0.11110241689928356,3
1052,τ,0.14674305993797523,0.06075609967570956,3
1054,B,0.028162289729047205,0.2774558202494198,3
1054,v,0.039677074343366155,0.051491719200046866,3
1054,a₀,0.0137544444006641,0.03729345074616573,3
1054,τ,0.019616441812355376,0.0902650175279785,3
1059,B,0.1211295560037992,0.14878639257713439,2
1059,v,0.04883317249065878,0.09918593041069326,2
1059,a₀,0.1415923044490472,0.02127478803504342,2
1059,τ,0.15829711234393481,0.10012729716293449,2
1060,B,0.1871617242485851,0.4277133766899817,3
1060,v,0.2596949492020118,0.08064802705031122,3
1060,a₀,0.2420785979815567,0.021420581262520527,3
1060,τ,0.20262042319021292,0.11848388881511146,3
1062,B,0.033392461273796484,0.3519494825357094,3
1062,v,0.09710946034375639,0.1423177930506108,3
1062,a₀,0.007539001138832054,0.10265280336687856,3
1062,τ,0.12039576992403155,0.07354371240917311,3
1064,B,0.07044247064744064,0.17411298068451456,3
1064,v,0.10365645601380226,0.12597218245749703,3
1064,a₀,0.02596351197267413,0.06886924240390006,3
1064,τ,0.12104471177212046,0.07696821926627015,3
1065,B,0.027326363706859404,0.315963392219157,2
1065,v,0.049745209796004504,0.16126685272748736,2
1065,a₀,0.04220019152669904,0.16638228236586602,2
1065,τ,0.05649588255614144,0.15678574074774065,2
1072,B,0.09836149708120522,0.370579464436773,3
1072,v,0.12518386686837168,0.1250836836358048,3
1072,a₀,0.08437015515439467,0.014451849977735146,3
1072,τ,0.0710381667917205,0.11594670046049387,3
Denna,B,0.10315501826445962,0.41580005879614274,2
Denna,v,0.22574502863810017,0.13940355853393244,2
Denna,a₀,0.13339873519376483,0.14253811868851363,2
Denna,τ,0.15470327016343458,0.09382741614034061,2
Dopey,B,0.04277462536609789,0.2250119138640455,2
Dopey,v,0.09135425119597526,0.10272347207511956,2
Dopey,a₀,0.06564053392866767,0.08756090546667669,2
Dopey,τ,0.09243764146982882,0.12432464402541737,2
Draco,B,0.043008882996150424,0.32384969546815606,2
Draco,v,0.011264182438584357,0.18284040812818098,2
Draco,a₀,0.09107798294862184,0.05700597731019425,2
Draco,τ,0.0516316912736032,0.08810592938176451,2
Randy,B,0.10839523232949018,0.2658576655319545,3
Randy,v,0.026351747654896698,0.22592565555075,3
Randy,a₀,0.09072049819220858,0.03831025043373225,3
Randy,τ,0.24090963977139962,0.05113346029892391,3
Remy,B,0.3633177664072198,0.20945136391801764,3
Remy,v,0.37775274773274986,0.11257657675360241,3
Remy,a₀,0.33159071615585856,0.04357068459828302,3
Remy,τ,0.4120426647530241,0.11044954521131,3
Rhea,B,0.06442126094008148,0.32715146200698,3
Rhea,v,0.13830210902273152,0.18108038578410945,3
Rhea,a₀,0.04383692762700894,0.0813076787075877,3
Rhea,τ,0.11473580864238948,0.09551892132670974,3
Robert,B,0.12479076512257783,0.3425648853839697,3
Robert,v,0.08608460648328287,0.12452986249238754,3
Robert,a₀,0.15590122095133985,0.04902210714556244,3
Robert,τ,0.1673060720666083,0.06061072774493583,3
Ron,B,0.19278102070021072,0.29427908649828216,3
Ron,v,0.05771676119314615,0.10093002207295537,3
Ron,a₀,0.2611097841155661,0.035049448321605885,3
Ron,τ,0.18599058591629944,0.08607945658826642,3
Rudy,B,0.3684477389782493,0.19416832556295463,3
Rudy,v,0.45147726738944727,0.0684651347532414,3
Rudy,a₀,0.0733821649585355,0.08936049984655332,3
Rudy,τ,0.45946824499690986,0.1126458693092913,3
