rat,n_test_trials,n_folds,ddm,tod_best_H,tod,hmm_K4,hmm_best_K,tod_gain,hmm4_gain,hmm4_beats_tod_folds
1029,27385,5,-0.9555145043797075,1,-0.949488625699663,-0.7412315069791363,5,0.006025878680044561,0.21428299740057122,5
1052,68394,5,-1.0430472885177469,3,-1.023581844533298,-0.9291515235384568,5,0.019465443984448827,0.1138957649792901,5
1054,40919,5,-1.6750368045402626,2,-1.652777701544453,-1.460379978095409,5,0.022259102995809688,0.21465682644485362,5
1059,17168,5,-1.4484555781088386,2,-1.4219684098347853,-1.3075969538901815,5,0.026487168274053285,0.14085862421865714,5
1060,56849,5,-1.643239027094934,3,-1.5806284319081239,-1.4221423189677969,5,0.06261059518681011,0.2210967081271371,5
1062,94387,5,-1.267418103566872,3,-1.2357637005035447,-1.1235961705603523,5,0.03165440306332723,0.14382193300651958,5
1064,66524,5,-0.9926960781522268,3,-0.9594222180091788,-0.8165165343813616,5,0.033273860143048006,0.1761795437708652,5
1065,45974,5,-1.6295131056569128,2,-1.6089410610760597,-1.3142424772018113,5,0.020572044580853044,0.31527062845510145,5
1072,45003,5,-1.3237816609676556,3,-1.2907485120120221,-1.1329864897021267,5,0.03303314895563347,0.19079517126552892,5
Denna,5093,5,-1.3014780104230526,0,-1.3014780104230526,-1.1984391889124173,3,0.0,0.10303882151063526,5
Dopey,12774,5,-1.3464214769931302,1,-1.2848495817374637,-1.03045677213617,4,0.06157189525566653,0.31596470485696027,5
Draco,12453,5,-1.2663070603477702,2,-1.2034588969713138,-0.7944049733649438,4,0.06284816337645638,0.47190208698282643,5
Randy,7694,4,-0.8637823705262092,1,-0.8432364668263964,-0.7334816680173126,5,0.020545903699812795,0.13030070250889658,4
Remy,23482,5,-0.8810068681060587,1,-0.8024539720075021,-0.5876093925601686,5,0.07855289609855653,0.29339747554589,5
Rhea,17213,5,-1.3521184334399374,2,-1.3278747038478051,-0.9768854251169193,5,0.02424372959213228,0.3752330083230181,5
Robert,14466,4,-1.354792742111622,3,-1.346257848469799,-0.9685179870892712,3,0.008534893641823027,0.38627475502235076,4
Ron,10679,5,-1.0963368550372667,1,-1.073614435321989,-0.7715353760497368,5,0.022722419715277775,0.32480147898753,5
Rudy,20915,5,-1.2537098652796028,1,-1.1654509369155295,-1.0058766161026405,5,0.08825892836407334,0.24783324917696237,5
