rat,fold,n_params,n_train_sessions,n_test_sessions,n_train_trials,n_test_trials,train_logL,train_logL_per_trial,test_logL,test_logL_per_trial,converged,q,qτ,seconds
1029,1,8,68,17,22807,4578,-15890.298379084183,-0.6967290033360013,-6013.5695907019135,-1.3135800766059225,false,10,64,4513.419314861298
1029,2,8,68,17,22574,4811,-18427.934812980944,-0.8163344915823932,-3307.4739609215694,-0.6874815965332716,false,10,64,7436.13826584816
1029,3,8,68,17,21564,5821,-17552.07379077511,-0.8139525964930027,-4172.166070334676,-0.7167438705264861,false,10,64,2442.102150917053
1029,4,8,68,17,21390,5995,-17710.163082529176,-0.827964613488975,-4034.2463735581223,-0.6729351749054416,false,10,64,2232.625841140747
1029,5,8,68,17,21205,6180,-16959.38361788074,-0.799782297471386,-4892.909850620334,-0.7917329855372708,false,10,64,2400.991478919983
1052,1,8,71,17,60101,8293,-57503.605010000516,-0.9567828323988039,-10181.333710181825,-1.2277021234995569,false,10,64,9106.90118598938
1052,2,8,71,17,53179,15215,-53483.12966163955,-1.0057189804554345,-14157.30129765722,-0.9304831611999488,false,10,64,5055.271136045456
1052,3,8,71,17,51795,16599,-52111.19640663023,-1.0061047669973981,-15547.842438485402,-0.9366734404774626,false,10,64,18651.103371858597
1052,4,8,71,17,53219,15175,-52730.75551088873,-0.9908257485275697,-14932.5977532871,-0.9840262110897595,false,10,64,3800.832592010498
1052,5,8,68,20,55282,13112,-54542.77429294467,-0.986628094007899,-13082.024709968126,-0.9977139040549211,false,10,64,5866.193753004074
1054,1,8,68,16,32756,8163,-47997.66615442852,-1.4653091389189317,-14305.919117020516,-1.7525320491266099,false,10,64,9127.417670965195
1054,2,8,68,16,32255,8664,-50279.0548451154,-1.5587987860832553,-11980.519906089989,-1.3827931562892415,false,10,64,2839.2738931179047
1054,3,8,68,16,31824,9095,-46640.86845318251,-1.4655878724604863,-19826.647833032715,-2.179950284005796,false,10,64,9692.99194908142
1054,4,8,68,16,32457,8462,-50248.85712853832,-1.5481670249418715,-11976.66072091314,-1.4153463390348782,false,10,64,2772.7342970371246
1054,5,8,64,20,34384,6535,-52030.832562379364,-1.5132280293851608,-10166.332044169296,-1.5556743755423559,false,10,64,11654.733972072601
1059,1,8,53,13,10935,6233,-15099.048035689862,-1.3808000032638192,-7861.7258269319755,-1.26130688704187,false,8,16,703.6956350803375
1059,2,8,53,13,14207,2961,-18927.710941060366,-1.332280632157413,-4025.349253099066,-1.3594560125292354,false,8,16,208.9914059638977
1059,3,8,53,13,14181,2987,-18602.995122563665,-1.3118253383092635,-4352.0103283940225,-1.456983705521936,false,8,16,162.13965797424316
1059,4,8,53,13,14624,2544,-19403.77373286154,-1.3268444839210571,-3541.848127552326,-1.3922358991950967,false,8,16,210.38600993156433
1059,5,8,52,14,14725,2443,-19604.652879856134,-1.3313855945572926,-3355.2778275407873,-1.3734252261730606,false,8,16,170.07571816444397
1060,1,8,69,17,47638,9211,-75339.22331695753,-1.581494254942641,-13686.036843084148,-1.4858361571039136,false,10,64,12280.711856126785
1060,2,8,69,17,41635,15214,-65645.33700226995,-1.5766863696954474,-23374.781812999066,-1.5363994881687306,false,10,64,2681.870545864105
1060,3,8,69,17,42814,14035,-66123.03691835213,-1.5444255831819527,-22960.24877437703,-1.635927949724049,false,10,64,5116.088389873505
1060,4,8,69,17,46431,10418,-71543.91194185942,-1.5408651965682285,-17653.978883394877,-1.6945650684771432,false,10,64,3377.936239004135
1060,5,8,68,18,48878,7971,-76987.39744942519,-1.5750930367327876,-12041.867344255188,-1.5107097408424524,false,10,64,3431.893424987793
1062,1,8,69,17,80353,14034,-95709.34268942804,-1.1911110063025405,-17079.38179825567,-1.2170002706466916,false,8,16,635.394257068634
1062,2,8,69,17,74474,19913,-90555.33956397332,-1.2159322658105287,-22231.019784193635,-1.1164073612310368,false,8,16,817.6685869693756
1062,3,8,69,17,74222,20165,-88936.05781526785,-1.1982438874628527,-23980.11201600177,-1.1891947441607622,false,8,16,1342.7325148582458
1062,4,8,69,17,72933,21454,-87096.40172487224,-1.1941974377150568,-25642.983185782632,-1.19525418037581,false,8,16,584.6136667728424
1062,5,8,68,18,75566,18821,-88296.76541205026,-1.1684721357760137,-24493.722843969328,-1.3014039022352335,false,8,16,1996.3591330051422
1064,1,8,71,17,57426,9098,-50479.77011375748,-0.8790403321449775,-8562.968009011282,-0.9411923509574941,false,12,256,29948.044930934906
1064,2,8,71,17,51776,14748,-46049.412613176275,-0.8893968752544862,-12838.981512444505,-0.8705574662628496,false,12,256,18921.91076183319
1064,3,8,71,17,50754,15770,-45637.47558701089,-0.8991897306027287,-13252.821351421731,-0.8403818231719551,false,12,256,17282.889420986176
1064,4,8,71,17,52672,13852,-46281.1281229963,-0.8786666183740184,-12655.159560091935,-0.9135980046269084,false,12,256,29925.754827976227
1064,5,8,68,20,53468,13056,-46848.45233149036,-0.8761960860980468,-12098.28661147785,-0.9266457269820657,false,12,256,26618.444528102875
1065,1,8,47,11,36376,9598,-54121.00561784665,-1.4878217950804555,-14527.715251153588,-1.5136190092887671,false,10,64,2451.03129196167
1065,2,8,47,11,38082,7892,-56950.43810013117,-1.4954686754931772,-11444.40712820939,-1.4501276138126444,false,10,64,3648.7241880893707
1065,3,8,47,11,35533,10441,-52622.991618495544,-1.4809611239832141,-15762.392411958084,-1.5096630985497639,false,10,64,6167.287053108215
1065,4,8,47,11,36379,9595,-53741.23473997875,-1.4772598130783898,-14714.726351515805,-1.5335827359578744,false,10,64,4317.352599143982
1065,5,8,44,14,37526,8448,-55755.6811725975,-1.4857880182432845,-12672.97377661559,-1.5001152671183227,false,10,64,3284.038237094879
1072,1,8,56,14,39533,5470,-49066.58860096276,-1.2411552020075065,-7536.905775644991,-1.3778621162056657,false,10,64,7198.238864898682
1072,2,8,56,14,36360,8643,-46017.31630545083,-1.2656027586757654,-10592.046465163097,-1.2255057809976972,false,10,64,6836.0636649131775
1072,3,8,56,14,33795,11208,-43272.960593268086,-1.2804545226592126,-13346.640721623091,-1.1908137688814322,false,10,64,1698.9594690799713
1072,4,8,56,14,34609,10394,-43903.732122931164,-1.2685640186925702,-12723.59196867884,-1.2241285326802809,false,10,64,1772.928020954132
1072,5,8,56,14,35715,9288,-43998.37513748549,-1.2319298652522888,-12676.734113192804,-1.364850787380793,false,10,64,3940.947350025177
Denna,1,8,8,2,4286,807,-5236.327154503833,-1.221728220836172,-884.4883091720116,-1.0960202096307454,false,10,64,1063.570874929428
Denna,2,8,8,2,3925,1168,-4701.4576562349885,-1.1978236066840735,-1517.274223665187,-1.2990361503982766,false,10,64,2041.0357010364532
Denna,3,8,8,2,4020,1073,-4724.336865761669,-1.1752081755626043,-1394.2834049868034,-1.2994253541349519,false,10,64,494.2160940170288
Denna,4,8,8,2,4071,1022,-4801.950645489818,-1.1795506375558384,-1321.0350206996536,-1.2925978676121854,false,10,64,1149.7226960659027
Denna,5,8,8,2,4070,1023,-4766.97206329825,-1.1712462071985872,-1357.097566649489,-1.3265860866563919,false,10,64,1021.4240357875824
Dopey,1,8,8,2,9921,2853,-10450.2670562514,-1.053348156057998,-2785.38610659709,-0.9763007734304556,false,10,64,1851.5949549674988
Dopey,2,8,8,2,10497,2277,-10433.279911208818,-0.9939296857396226,-2895.6302850431407,-1.271686554696153,false,10,64,4029.1335260868073
Dopey,3,8,8,2,9656,3118,-9858.984763772072,-1.0210216201089553,-3341.957581944821,-1.0718273194178387,false,10,64,1030.4791400432587
Dopey,4,8,8,2,10158,2616,-10622.552526547654,-1.0457326763681487,-2553.2864188018257,-0.9760269185022269,false,10,64,1811.5907471179962
Dopey,5,8,8,2,10864,1910,-10982.818611885705,-1.010936911992425,-2195.5694497120185,-1.1495128008963447,false,10,64,1362.9163320064545
Draco,1,8,8,2,10629,1824,-10235.841783799326,-0.9630107991155636,-1599.6291379968218,-0.8769896589894857,false,10,64,2833.6120421886444
Draco,2,8,8,2,10963,1490,-9964.293613373862,-0.9089020900642034,-1890.8781014583535,-1.2690457056767472,false,10,64,4263.038763046265
Draco,3,8,8,2,9348,3105,-8961.85849729343,-0.9586926077549668,-2857.9976790654973,-0.9204501381853454,false,10,64,3381.7880959510803
Draco,4,8,8,2,9067,3386,-8835.976475299825,-0.9745204009374463,-3032.2223485140985,-0.8955175276178673,false,10,64,3661.3245511054993
Draco,5,8,8,2,9805,2648,-9122.269150085387,-0.9303691127063118,-2735.2140617730024,-1.0329358239324027,false,10,64,643.2076461315155
Randy,1,8,6,1,7890,492,-5988.580851302991,-0.7590089798863106,-541.9644831851884,-1.1015538276121717,false,8,16,200.42760300636292
Randy,2,8,6,1,7284,1098,-5511.846580948147,-0.756706010563996,-1021.099314745687,-0.9299629460343234,false,8,16,162.1944990158081
Randy,3,8,6,1,7694,688,-5933.562243364995,-0.7711934290830511,-595.6139373177591,-0.8657179321479057,false,8,16,108.78870797157288
Randy,4,8,6,1,6844,1538,-5335.62728245283,-0.7796065579270646,-1215.5537372565523,-0.790347033326757,false,8,16,326.19392704963684
Randy,5,8,4,3,3816,4566,-3274.956557951433,-0.8582171273457633,-3331.484031085433,-0.729628565721733,false,8,16,145.8212320804596
Remy,1,8,8,2,19429,4053,-13539.054028929459,-0.6968477033779124,-3279.3738393329554,-0.8091225855743783,false,10,64,3309.6836428642273
Remy,2,8,8,2,19345,4137,-13804.393502484414,-0.7135897390790599,-3084.061547621244,-0.7454826075951761,false,10,64,1905.506814956665
Remy,3,8,8,2,17438,6044,-12812.167978322132,-0.7347269169814274,-4002.3347705903006,-0.6621996642273826,false,10,64,2810.458445072174
Remy,4,8,8,2,18315,5167,-13254.47398210861,-0.7236950031181332,-3574.9574792480594,-0.6918826164598528,false,10,64,3272.707736968994
Remy,5,8,8,2,19401,4081,-13619.962816571533,-0.7020237522071817,-3185.8476893847765,-0.7806536852204794,false,10,64,1929.7035291194916
Rhea,1,8,8,2,14609,2604,-15892.581624312756,-1.0878623878645188,-3481.6237826625206,-1.3370291024049619,false,12,256,9479.980605125427
Rhea,2,8,8,2,14601,2612,-15154.080069364305,-1.0378796020385115,-4475.803527337829,-1.7135541835137171,false,12,256,17278.931138038635
Rhea,3,8,8,2,12477,4736,-13975.451181271636,-1.1200970731162647,-5371.634216738357,-1.1342133058991464,false,12,256,28881.68512892723
Rhea,4,8,8,2,13216,3997,-15504.907713028713,-1.173192169569364,-3886.0608222619735,-0.9722443888571363,false,12,256,15014.620474100113
Rhea,5,8,8,2,13949,3264,-16407.467156572617,-1.1762468389542344,-2952.685160357459,-0.9046216790310843,false,12,256,34986.59427809715
Robert,1,8,8,2,15071,3596,-17650.343325170703,-1.1711461299960655,-3633.6454395644887,-1.0104686984328388,false,10,64,910.0397500991821
Robert,2,8,8,2,16224,2443,-18978.53607775837,-1.1697815629782033,-2319.7186862112376,-0.949536916173245,false,10,64,2903.5916669368744
Robert,3,8,8,2,14216,4451,-15858.00538839893,-1.115504036887938,-5405.439243968725,-1.2144325418936701,false,10,64,2981.5541019439697
Robert,4,8,8,2,14466,4201,-15782.67892530566,-1.0910188666739706,-5518.968171897195,-1.313727248725826,false,10,64,1048.4055078029633
Robert,5,8,8,2,14691,3976,-16547.69864283124,-1.126383407721138,-4717.149627899517,-1.1864058420270416,false,10,64,2611.076245069504
Ron,1,8,7,1,9511,1168,-8398.125791495411,-0.8829908307744098,-859.5170992622377,-0.735887927450546,false,10,64,3423.2056291103363
Ron,2,8,7,1,7813,2866,-5926.703865132453,-0.7585695462859917,-3523.6815948606236,-1.2294771789464842,false,10,64,1127.2829761505127
Ron,3,8,7,1,8921,1758,-7365.559037342252,-0.8256427572404721,-1922.0768785034184,-1.0933315577380083,false,10,64,949.7413909435272
Ron,4,8,7,1,8641,2038,-7726.219449387193,-0.8941348743649107,-1752.0598194482654,-0.859695691584036,false,10,64,930.7702181339264
Ron,5,8,4,4,7830,2849,-7227.650062113389,-0.9230715277284022,-2070.9995255405943,-0.726921560386309,false,10,64,1358.3209481239319
Rudy,1,8,8,2,18463,2452,-19701.879336778202,-1.0671006519405406,-3701.706716233318,-1.5096683182028212,false,10,64,1492.4038488864899
Rudy,2,8,8,2,17678,3237,-19445.96838343261,-1.1000095250273,-4073.0258337989026,-1.258271805313223,false,10,64,2009.5813100337982
Rudy,3,8,8,2,15473,5442,-18108.58029530941,-1.1703341495061985,-5276.6739385123465,-0.9696203488629818,false,10,64,1311.1651859283447
Rudy,4,8,8,2,15186,5729,-17234.507835471686,-1.1348944972653554,-6215.117079343846,-1.084851994998053,false,10,64,4004.6884660720825
Rudy,5,8,8,2,16860,4055,-18391.273049045663,-1.0908228380216882,-5025.321916851282,-1.2392902384343483,false,10,64,4164.844152927399
