rat,rep,frac,n_sessions,n_trials,decode_acc_fit,decode_acc_true,logL_true,logL_fit,logL_truthinit,logL_bw,decode_acc_bw,elapsed_min
1029,1,1.0,85,27385,0.7477451159393829,0.7483293773963848,-20986.39042435615,-20973.2067236117,-20973.255239655227,-20973.4837281016,0.7469417564360051,158.9746137857437
1052,1,1.0,88,68394,0.809223031260052,0.808579699973682,-66980.82010050007,-66971.91330541864,-66971.91337761225,-66971.91425811374,0.809223031260052,345.78167028427123
1054,1,1.0,84,40919,0.7489185952735893,0.7513868862875437,-56909.81262777453,-56895.34129066617,-56895.3442372949,-56895.74007397985,0.7486986485495736,1324.2965098818142
1059,1,1.0,66,17168,0.7947926374650512,0.7973555452003728,-22401.79822377184,-22382.220276685974,-22382.20958774608,-22382.2236913493,0.7949091332712023,99.61390659809112
1060,1,1.0,86,56849,0.8679660152333374,0.8692325282766628,-82081.24800735911,-82065.78278467666,-82065.78133533955,-82065.78368679032,0.8679660152333374,298.3584580143293
1062,1,1.0,86,94387,0.80187949611705,0.8017205759267696,-110530.07418233165,-110525.04480438573,-110524.90204740333,-110525.05040967127,0.80187949611705,402.01498020092646
1064,1,1.0,88,66524,0.8366905177078949,0.8369009680716734,-55957.22587445957,-55931.42102477128,-55931.4416759872,-55931.42191259016,0.8366905177078949,761.6144910176595
1065,1,1.0,58,45974,0.8123939618044982,0.8124809675033715,-66357.08791030757,-66335.82014067296,-66335.81945864196,-66335.8208352167,0.8124157132292165,766.4189558982849
1072,1,1.0,70,45003,0.8487878585872053,0.8499433371108592,-52315.03939923767,-52301.757361621574,-52301.75575667208,-52301.785174364064,0.8488989622914028,172.06147076686224
Denna,1,1.0,10,5093,0.8173964264677007,0.8215197329668172,-6027.014901988988,-6015.134496758393,-6015.223051341754,-6015.135397187559,0.8173964264677007,11.344218564033508
Dopey,1,1.0,10,12774,0.7597463597933302,0.7649913887584155,-12739.075305975124,-12723.054095859734,-12723.062723571888,-12723.054941862922,0.7596680757789259,153.27212258179983
Draco,1,1.0,10,12453,0.7125190717096282,0.7125190717096282,-9614.527350498442,-9593.348770742126,-9593.524999887915,-9593.795605906147,0.7125993736449049,1573.3476879517236
Randy,1,1.0,7,8382,0.7712956335003579,0.7734430923407302,-6274.840153502568,-6266.180955108657,-6267.090916858796,-6266.251985419558,0.7722500596516344,10.54970214764277
Remy,1,1.0,10,23482,0.8277829827101609,0.8290179712119922,-14709.509236423604,-14699.036744043407,-14699.261910782507,-14699.037590589029,0.8277829827101609,29.23488066593806
Rhea,1,1.0,10,17213,0.8688781734735375,0.866961017835357,-17521.999790403926,-17510.556346205787,-17510.92706882708,-17510.556757649523,0.8688781734735375,38.04017536640167
Robert,1,1.0,10,18667,0.9213585471688006,0.9213585471688006,-17338.41271805166,-17277.076614812115,-17277.08052574276,-17277.077224006254,0.9213585471688006,26.58324369986852
Ron,1,1.0,8,10679,0.8973686674782283,0.8966195336642008,-7787.689285756362,-7771.583645375893,-7771.798135741083,-7771.60422351043,0.8973686674782283,31.38673808177312
Rudy,1,1.0,10,20915,0.8939517092995458,0.8938560841501315,-20786.959387798892,-20776.19124039394,-20776.196779964906,-20776.191721943916,0.8939995218742529,25.48873461484909
1029,1,0.1,8,2551,0.7620540964327714,0.764798118384947,-1962.4737329199793,-1947.8416804221756,-1947.838478857119,-1947.9222983332195,0.7628381027048217,41.44713338216146
1052,1,0.1,9,5800,0.8127586206896552,0.8098275862068965,-5772.538810165087,-5758.571526057381,-5758.668751621219,-5758.573430758539,0.8120689655172414,21.117884532610574
1054,1,0.1,8,3723,0.75825946817083,0.754767660488853,-5173.724284438612,-5164.530056108846,-5164.537118647379,-5164.578587248914,0.7585280687617513,32.39536039829254
1059,1,0.1,7,2439,0.7982779827798278,0.8072980729807298,-3219.159297783134,-3204.6472800289935,-3204.648494152617,-3204.667630384157,0.7949979499794998,14.862818483511607
1060,1,0.1,9,6493,0.8718620052364084,0.8747882334822116,-9485.075340177145,-9475.747748543336,-9475.866242787735,-9475.753290432696,0.8717079932234715,74.4214236497879
1062,1,0.1,9,9272,0.813955996548749,0.813632441760138,-10715.657943963675,-10702.717140692803,-10702.721431332586,-10702.717978242707,0.813955996548749,30.55649159749349
1064,1,0.1,9,6240,0.8155448717948718,0.8217948717948718,-5258.024584084772,-5244.115361925748,-5246.20711556641,-5244.132742443372,0.8155448717948718,27.554121883710227
1065,1,0.1,6,4525,0.8044198895027624,0.8137016574585635,-6584.687464008554,-6565.669612980288,-6565.669483617072,-6565.675914615053,0.8041988950276243,5.241863282521566
1072,1,0.1,7,4744,0.846964586846543,0.8518128161888702,-5339.247266858363,-5324.026353023386,-5324.53537030009,-5324.0299013983895,0.8471753794266442,287.3520852168401
Denna,1,0.1,2,993,0.7411883182275931,0.81067472306143,-1176.0831131253858,-1160.4825310957362,-1165.0963444411152,-1160.4832413060835,0.7411883182275931,25.803617548942565
Dopey,1,0.1,2,2017,0.7486365889935548,0.7521070897372335,-2166.710870878823,-2152.4471712352793,-2152.443871788165,-2155.59617369246,0.7322756569162122,15.499903082847595
Draco,1,0.1,2,3105,0.6972624798711755,0.7053140096618358,-2562.604154006661,-2548.923565102569,-2549.267266075948,-2552.8178293526735,0.677938808373591,352.58547168572744
Randy,1,0.1,2,3624,0.7469646799116998,0.7546909492273731,-2620.2336135445917,-2606.543936223179,-2606.552561448777,-2606.598235701835,0.7472406181015453,19.09695970217387
Remy,1,0.1,2,5655,0.8244031830238727,0.8279398762157383,-3452.8820281264175,-3441.574230692731,-3441.5840217763853,-3441.5763154096194,0.8247568523430593,16.302374084790547
Rhea,1,0.1,2,2879,0.8520319555401181,0.8513372698853768,-2958.1912052082744,-2945.843178160625,-2947.1280626333955,-2945.844966996995,0.8520319555401181,7.103351469834646
Robert,1,0.1,2,3208,0.9242518703241895,0.928927680798005,-2985.926115017893,-2969.6949674067523,-2969.9851349784476,-2969.6953037912663,0.9242518703241895,48.197649880250296
Ron,1,0.1,2,1288,0.9138198757763976,0.9254658385093167,-919.5457295164465,-908.5353238446983,-908.953920311264,-908.5410044743801,0.9138198757763976,35.222591551144916
Rudy,1,0.1,2,2780,0.9071942446043165,0.9064748201438849,-2710.223181070667,-2696.8183871950305,-2698.1881669268437,-2754.2924713156576,0.7219424460431655,9.58895081281662
1029,1,0.25,21,6294,0.757705751509374,0.7626310772163966,-5063.47871907338,-5047.130908709478,-5047.145265640947,-5047.229931413907,0.7569113441372736,29.3818802634875
1052,1,0.25,22,17501,0.807382435289412,0.8091537626421348,-17085.072327681693,-17074.166296928797,-17074.16769820144,-17074.1671411145,0.807382435289412,52.059535483519234
1054,1,0.25,21,10186,0.7423915177694875,0.7439623011977223,-14000.928241754222,-13986.167937697144,-13986.283220314668,-13986.665655820907,0.7431769094836049,116.59041455189387
1059,1,0.25,16,3520,0.7997159090909091,0.8105113636363637,-4541.406412819262,-4527.364484498359,-4527.18245999593,-4527.386824807863,0.7988636363636363,18.00996630191803
1060,1,0.25,22,14760,0.8652439024390244,0.8651084010840109,-21128.735518243062,-21115.88498604069,-21115.8966002617,-21115.892282787165,0.8652439024390244,872.2836283802986
1062,1,0.25,22,25208,0.8007775309425579,0.8020469692161218,-29129.60789755779,-29115.80014220278,-29115.786564360824,-29115.804707329455,0.8008568708346556,98.59330515066783
1064,1,0.25,22,19094,0.8336650256625118,0.8350790824342725,-15957.040978034585,-15939.024979220241,-15939.824096975502,-15939.026066306804,0.8336650256625118,114.89775323470434
1065,1,0.25,14,11976,0.8130427521710086,0.8168002672010688,-16901.433203530418,-16887.38337091833,-16887.383830560306,-16887.383952621156,0.8130427521710086,116.26823026736578
1072,1,0.25,18,10756,0.8492004462625511,0.8508739308293046,-12418.214850224853,-12408.643616300978,-12408.899033801801,-12408.651808372435,0.8492004462625511,253.1832970658938
Denna,1,0.25,2,993,0.7955689828801611,0.8197381671701913,-1169.3280421891625,-1155.2579321813007,-1155.3580430567192,-1155.341584038422,0.7754279959718026,5.908716686566671
Dopey,1,0.25,2,3641,0.8066465256797583,0.8107662730019225,-3738.7206785653225,-3720.1919809700394,-3720.195125751896,-3720.2021174078827,0.8063718758582807,271.72162081797916
Draco,1,0.25,2,2096,0.6927480916030534,0.7008587786259542,-1634.7135729225085,-1617.08750466794,-1617.1600001207935,-1617.1407908234464,0.6860687022900763,35.44146860043208
Randy,1,0.25,2,2974,0.7212508406186954,0.7279757901815737,-2195.4635820450108,-2178.8365263669434,-2178.8379329507325,-2178.8712973304087,0.722932078009415,13.114149467150371
Remy,1,0.25,2,3262,0.838749233599019,0.8405885959534029,-1957.4012376057153,-1942.8095178955477,-1942.810024571591,-1942.810304581029,0.838749233599019,5.802009650071462
Rhea,1,0.25,2,3479,0.8660534636389767,0.8680655360735844,-3557.6249081680658,-3549.1461646916055,-3549.151880880722,-3549.1491146179687,0.8666283414774361,335.3571661671003
Robert,1,0.25,2,4206,0.9170233000475512,0.91773656680932,-3849.9721497621886,-3810.741964641239,-3810.7417820490655,-3810.7424400272284,0.9170233000475512,14.769389017422993
Ron,1,0.25,2,3426,0.8879159369527145,0.890251021599533,-2662.1010088497815,-2645.2450724027203,-2646.7793970815783,-2645.2463172410585,0.8879159369527145,20.34640743335088
Rudy,1,0.25,2,5523,0.8826724606192287,0.8861126199529241,-5493.172331411881,-5485.400912320173,-5485.522056211494,-5485.401430133311,0.8826724606192287,10.14141523440679
1029,1,0.5,42,14268,0.7630361648444071,0.7640874684608915,-11221.387841332233,-11214.086395106968,-11214.078817240052,-11214.14060087034,0.7622652088589852,70.36021671692531
1052,1,0.5,44,33346,0.8061536616085887,0.8069633539255083,-32409.787875774615,-32389.755149711193,-32389.75466993187,-32389.756149036464,0.8062136388172495,101.89960791667302
1054,1,0.5,42,19635,0.7358798064680417,0.7370511841100076,-26754.944148751634,-26741.14714176821,-26741.164050194795,-26741.868633960672,0.7359307359307359,173.0557674129804
1059,1,0.5,33,7192,0.7974137931034483,0.8043659621802002,-9279.448492335436,-9257.839830729547,-9257.859820447451,-9257.84055872042,0.7974137931034483,50.45325913031896
1060,1,0.5,43,30058,0.8618005189966066,0.8618337880098477,-42966.25382104944,-42953.16842763076,-42953.24108226973,-42953.179469476265,0.8617339809701244,1940.0886996150016
1062,1,0.5,43,45020,0.8040204353620614,0.8044646823633941,-52550.96004901482,-52534.9379446542,-52534.916673162064,-52534.93946922172,0.8040204353620614,213.9263731320699
1064,1,0.5,44,33786,0.8373882673296632,0.8367963061623157,-28131.681459955475,-28118.39571724125,-28119.64284510329,-28118.400512284003,0.8375066595631326,101.04155295292536
1065,1,0.5,29,23866,0.8149668985167183,0.8153440040224588,-34209.00376648785,-34199.8004001558,-34199.79833597716,-34201.61660602385,0.8147992960697226,102.8148203810056
1072,1,0.5,35,22724,0.8551751452209118,0.8560992782960747,-26003.419962719214,-25985.072051682688,-25985.31930118647,-25985.073527526078,0.8551751452209118,1242.5141035318375
Denna,1,0.5,5,2869,0.8309515510630882,0.8375740676193796,-3401.5715468697454,-3391.176563521448,-3391.1777830561336,-3391.1784810800095,0.8309515510630882,14.956028469403584
Dopey,1,0.5,5,8365,0.764136282127914,0.7634190077704722,-8481.487173072139,-8466.81252647032,-8466.815654210346,-8466.907941671705,0.7635385534967125,27.876234714190165
Draco,1,0.5,5,4858,0.7101687937422808,0.7111980238781391,-3735.0055520614,-3720.2495253206343,-3720.2503200643005,-3720.3468474961373,0.7089337175792507,222.8227305849393
Randy,1,0.5,4,6188,0.7756948933419522,0.7789269553975436,-4646.034818332099,-4634.452216431466,-4635.051003744781,-4634.5021320031665,0.7752100840336135,14.3972314675649
Remy,1,0.5,5,11854,0.8228446094145436,0.8270625949046735,-7482.6587993889025,-7468.975621566962,-7468.983190428525,-7469.094686720212,0.8221697317361228,29.011952066421507
Rhea,1,0.5,5,9205,0.8581205866376969,0.8614883215643672,-9336.231059440908,-9318.02102793682,-9321.026016251422,-9318.02313165432,0.8580119500271591,423.1640670180321
Robert,1,0.5,5,8052,0.9236214605067065,0.9241182314952807,-7366.946311102959,-7286.0051674062815,-7286.007136036702,-7286.005426978365,0.9236214605067065,24.137666896979013
Ron,1,0.5,4,8920,0.895627802690583,0.8987668161434977,-6141.007477114556,-6122.832686333828,-6122.835916350929,-6122.837703325698,0.895627802690583,927.8154109001159
Rudy,1,0.5,5,11613,0.8850426246447947,0.8847842934642212,-11495.971493170675,-11486.53753460662,-11486.5384268625,-11486.537966689575,0.8850426246447947,73.92780051628749
