rat,winning_tied,winning_bic,ΔBIC_to_next,n_trials
Denna,full,11441.918106256773,11.00329723581126,5093
Randy,full,12226.87829609429,76.01597822023905,8382
Ron,full,15162.819379078794,79.34204896166193,10679
Draco,full,19483.94366,2.128229999998439,12453
Dopey,full,24663.11158,75.14710999999807,12774
1059,full,44049.451903591565,39.51431333626533,17168
Rhea,full,33142.90104671832,269.26440223470854,17213
Robert,full,33800.458311676775,66.30699013348203,18667
Rudy,full,39973.25126836524,150.49934983599815,20915
Remy,full,26828.816389805223,313.0461125596921,23482
1029,full,39398.81309,67.23492999999871,27385
1054,full,112385.7586233816,49.062453803635435,40919
1072,full,101540.55664459174,122.26714636897668,45003
1065,full,118752.89284330478,1159.640138713352,45974
1060,full,161076.98152154937,311.0580439429614,56849
1064,full,107516.07490227492,76.2201663297601,66524
1052,full,126632.25529966995,138.7806633636501,68394
1062,full,210091.1413,998.4034000000102,94387
