rat,state,intercept,slope,n_eff
1029,1,-1.1182038951500042,0.19381017437782821,3308.5392728024217
1029,2,-1.6851940492104716,0.2734804751946115,8551.394592468558
1029,3,-0.9932027536027036,0.17992851096369086,7499.136571628626
1029,4,-0.8102761639158942,0.1868190201963508,8025.929563100399
1052,1,0.30310917737174753,0.2874742137294502,4960.584472592429
1052,2,-0.7189717028878935,0.27678436521267913,25015.056271069283
1052,3,2.124958397716213,0.25337695579348973,13334.647671457018
1052,4,0.252079387317345,0.31159913214557056,25083.711584881254
1054,1,0.15253449984976192,0.1837293913194086,16909.858006707655
1054,2,-2.070846825610484,0.22966433726166827,394.91218997906805
1054,3,0.5267583272203193,0.12180789542420774,12361.225385581824
1054,4,0.23275843793013748,0.15725253883799215,11253.00441773146
1059,1,-0.5647620125129927,0.03741622246693972,543.2415127842852
1059,2,-0.27216622391683526,0.16346075630998264,8126.94825663218
1059,3,-0.15256714472546049,0.09220791384442535,4031.5545096675423
1059,4,-0.7213112719547281,0.15583997593420984,4466.255720916004
1060,1,-0.5270411704978054,0.14278661400371992,8259.803423580173
1060,2,-1.0645102872928558,0.06316809224294577,1702.9162354905266
1060,3,-0.07482791751302728,0.17974944536176196,23508.870235255155
1060,4,-0.45687825217974415,0.15403619773786384,23377.410105674135
1062,1,-0.3903054117000926,0.07959680360891956,7008.895801402448
1062,2,-0.3514537743455017,0.25993950329062665,39594.37706073573
1062,3,2.0805083378370566,0.155742533350867,17644.0544889008
1062,4,-0.14498329341080812,0.21296186414516485,30139.672648960994
1064,1,0.29726541731260203,0.171637450374735,3932.6086454968
1064,2,-0.16359322036570106,0.23332979025962805,19551.413305165195
1064,3,0.6507424971000874,0.3116505354031986,17374.687374208264
1064,4,-0.6574215125583663,0.297101598297211,25665.290675129727
1065,1,-0.503085320763099,0.18097582631803177,14880.19383227758
1065,2,-1.4652024227278195,0.16588812259262592,17296.8566059754
1065,3,2.6320119959327806,0.1520416616534309,8764.894253136237
1065,4,1.2208352799319568,0.04915379355203784,5032.055308610817
1072,1,0.2953058584012413,0.1646095250189673,6106.050889846838
1072,2,0.29623100966683275,0.23625686447977745,20904.482615547233
1072,3,-0.15202898057063094,0.0359837929304733,2510.1459983587138
1072,4,0.22387522977253016,0.19683001085222684,15482.320496247237
Denna,1,0.3822908985789476,0.22845223125493103,2032.907237824119
Denna,2,-2.3793102252933203,0.21350789108591423,1257.6010823805962
Denna,3,0.8217276707578933,0.14743788685427528,1434.5594323728035
Denna,4,-0.20989380496060742,0.06406158178857373,367.9322474224816
Dopey,1,-0.22772214246521466,0.12835015601150765,943.022546855706
Dopey,2,-1.9364083677779558,0.13851928202738256,2567.2402295824904
Dopey,3,-0.5016861576122242,0.21250413621279007,5156.334678112231
Dopey,4,0.20582392398679783,0.21754668527724214,4107.40254544957
Draco,1,-0.6476154664130227,0.14088176284842507,4551.243444134883
Draco,2,-0.34929216317599704,0.2115935521274496,4034.87944106171
Draco,3,-2.2559396766422024,0.47914390627052633,3392.7764213117252
Draco,4,-1.279048270417409,0.08478482179273353,474.1006934916746
Randy,1,-0.5481113028536984,0.29433154153510677,795.4582262099227
Randy,2,-0.6213210683257839,0.28967992888514915,2547.8329062872194
Randy,3,-2.0113838290127117,0.830395703993407,1937.0036885096558
Randy,4,-1.2805100561861296,0.36899932399380475,3101.70517899319
Remy,1,-0.5515611041291768,0.25308723675725814,2908.107185303516
Remy,2,-0.7570048515133833,0.29110993894853315,7165.7963252004665
Remy,3,-0.9908164922616614,0.31719686607309266,6576.58573614382
Remy,4,-1.5076943006012242,0.3408246833783589,6831.5107533522305
Rhea,1,-2.3688921632331486,0.13310318342199418,3081.1488619146785
Rhea,2,1.3798497626293744,0.048328255960847964,150.4895735443936
Rhea,3,-0.5923746098750586,0.2184261608353302,3607.0311912024895
Rhea,4,-0.6028706885041626,0.27761932376758874,10374.33037333853
Robert,1,1.3965296745657678,0.23564904944416676,1646.469472460663
Robert,2,0.6879796657758372,0.3072426101072347,7080.825938614233
Robert,3,-0.08175806536378075,0.25966911146601374,9782.175559315263
Robert,4,4.103648037919327,-0.14754047119913294,157.5290296098384
Ron,1,-0.5316344691969411,0.2911600784444984,1941.327113602163
Ron,2,-0.8007996131400497,0.27506654743309095,4208.233511904064
Ron,3,-0.421176941451833,0.32803037735412216,4279.68307085289
Ron,4,-0.6661006930518177,0.04360416457640226,249.75630364088727
Rudy,1,0.8420527840799434,0.1846491588260154,4527.650059986077
Rudy,2,0.20278008515635232,0.15630761283410433,3018.3103830856917
Rudy,3,-1.0312939097735654,0.17488854456198324,7132.659159862695
Rudy,4,-0.4489513133807899,0.18375349303026706,6236.380397065526
