rat,state,B,v,a0,tau,occupancy,p_self,dwell,acc,rt_mean,rt_sd,p_right,abs_df,init_time,n_trials,logL
1029,1,1.5973846369224725,0.5653457680078668,0.33751197416176976,0.5202791968874979,0.12081574850474426,0.611783066397737,2.5758793948553587,0.6730523731030972,1.0083401141868396,0.5406248185580071,0.30543236273772106,4.9495847703994595,242.18344211077007,27385,-19541.031405399543
1029,2,1.633798536158704,0.8932725283254994,0.2517184602219363,0.7860544345704711,0.31226564149967345,0.7449609123577863,3.920967602436174,0.7260871738356093,1.1988734490658464,0.45067183446361003,0.28029985625810183,5.8585786694660085,276.09854282649815,27385,-19541.031405399543
1029,3,1.1715417027982824,0.6006103310371609,0.3347153171021106,0.6809741109613539,0.2738410287247992,0.5746584179270963,2.3510515833568313,0.6451575679968854,0.9602307130876647,0.23920600613851692,0.3087419734285719,4.633933338221239,268.99496739273764,27385,-19541.031405399543
1029,4,1.795680910332275,0.7098823065150497,0.38418010841266126,0.8263866477189183,0.2930775812707832,0.9539711795946118,21.72551873353977,0.7624035444368826,1.4875031298114663,0.6659381472525837,0.3794217367029588,7.231758891723945,190.74083503279334,27385,-19541.031405399543
1052,1,1.4719430297164522,0.741749424262331,0.5265984057091216,0.4643695790635634,0.07252952704319719,0.9200929513039785,12.514540535768644,0.7394135735789693,0.9402875373236217,0.40584021444109336,0.5474804009682733,4.5894104840172,67.666041425968,68394,-63143.565523937774
1052,2,1.819964692781034,0.8495490762619959,0.37395390363164743,0.6900950475612075,0.36574928021565173,0.9025112486824812,10.257593686301524,0.807995791516746,1.3335290601439629,0.5748125835897012,0.38977797368276473,6.491551783733309,127.0833971596809,68394,-63143.565523937774
1052,3,2.4743403817955305,0.6549214918262521,0.7980538008637681,0.7044847730816189,0.19496809181298094,0.7881098195528966,4.71942587377069,0.7454602795094694,1.4971710127794269,1.0219754295598433,0.7839040751091333,7.248011699735663,70.86138848267998,68394,-63143.565523937774
1052,4,1.4760169654147175,0.8965043591196146,0.5340415729628796,0.5753721175036631,0.36675310092816993,0.9099906445556136,11.109956238025335,0.7871070463143476,1.0478332768138938,0.38291085486390497,0.5379895468637278,5.129170206252716,92.5579236640985,68394,-63143.565523937774
1054,1,1.489248697071165,0.6280653928919168,0.5311852810298893,0.7076360767867038,0.4132519857940726,0.6019189744172765,2.5120514059572887,0.7148227883300522,1.2161017983964935,0.3926831596992986,0.5291249410236338,5.815900898707711,145.23576760406482,40919,-56028.27939007229
1054,2,1.9285123479046318,0.2845617726357114,0.2257953662719743,0.05066179450458444,0.00965107138441966,0.9564677633754828,22.971482228799683,0.5945524929240013,0.6892218941683385,0.6883223675339933,0.16393862133167125,3.675925399455954,180.526561624099,40919,-56028.27939007229
1054,3,2.4296905712924866,0.5011984535222537,0.5892798832701336,0.7583682079697893,0.30209011426432275,0.962422298516216,26.611526530741422,0.7640740056330728,2.0322427083706254,1.1275337537451489,0.5862788182061565,9.938293784064026,171.66360543444014,40919,-56028.27939007229
1054,4,2.383768714403669,0.5831940216439105,0.5476270702631261,0.4678189793352673,0.27500682855718517,0.4371545323209499,1.7766865994739207,0.799587451798141,1.695586891742989,1.1166317738721223,0.5280106706000491,8.43710541066934,141.32374141230483,40919,-56028.27939007229
1059,1,1.6367611156359805,1.3370907867317824e-6,0.4086499764503617,0.5933642658704587,0.03164267898324122,0.630053068069149,2.703090399427656,0.540950589662926,1.2009236176803093,0.5212855456952221,0.3643996128648459,5.857498082362793,433.9705902973303,17168,-21873.58851359029
1059,2,1.8905359179695111,0.7078360280647069,0.4077874827011445,0.9447687718089782,0.47337769435182786,0.9254023141239424,13.405241573598909,0.7812229880303193,1.6948971941638307,0.6675259947168378,0.4635994682359165,8.313329561058483,293.48615448807277,17168,-21873.58851359029
1059,3,2.272694467248372,0.4820074049765469,0.4211834169324659,1.0895467626445179,0.23482959632266673,0.9279551206176738,13.88023699357205,0.7429596916914256,2.245903404040822,1.0455623369847167,0.4845385063007013,10.989159621302537,323.0726517414114,17168,-21873.58851359029
1059,4,1.8294302477344095,0.6057561463866011,0.35074978257421846,0.7988437061049258,0.2601500303422649,0.8793201596519805,8.286388158255559,0.7267590774024232,1.4712989478637142,0.6487580709374766,0.3743517651440558,7.219821408305114,317.9187188347806,17168,-21873.58851359029
1060,1,1.3826438265730283,0.45103745056688943,0.38903367032753583,0.6099684642641717,0.1452937329342675,0.8065223961143007,5.1685568764370755,0.643080243373134,1.0337116111055042,0.3532738787054731,0.38442473303188945,4.931912909365425,181.75861478714378,56849,-80368.79437518714
1060,2,3.085839289501122,0.25645596097485335,0.34171289460325005,5.836244128105647e-6,0.029955078110266257,0.38572231755107655,1.627928262041571,0.6534041422571049,1.9568474507035742,1.7613603566560565,0.3056040996781489,9.766169788128392,196.50217890256633,56849,-80368.79437518714
1060,3,2.6588037035950918,0.6630776609720751,0.44126728548896893,0.834059752478034,0.41353181648323023,0.9463958914891134,18.65528646553104,0.850910711282138,2.2422836114086104,1.139947954081455,0.5003282455914028,11.05496837435739,45.54589250643146,56849,-80368.79437518714
1060,4,1.8126015884198499,0.5517681004198816,0.4021396967803679,0.7270090430675128,0.41121937247223583,0.9124630582070064,11.423748414295629,0.7226053490220807,1.4440163344688448,0.64953375025314,0.41057402197213916,6.967563219011623,151.07390861546827,56849,-80368.79437518714
1062,1,1.8482051776422743,0.23025697819058996,0.40332105048020483,0.48690031870895434,0.07425700362764415,0.7519009965561584,4.03064899946829,0.5984684541272846,1.2593983136299853,0.7315714551665927,0.41098622025945086,6.07014014216804,119.39004099312632,94387,-104867.98273133802
1062,2,2.0224302520137543,0.8985570324372217,0.4224704448965215,0.7964037359056352,0.4194897291018438,0.9019956687418462,10.203630667770124,0.8552821374231266,1.58981648091563,0.6813842597236643,0.447218877951169,7.841083624899339,44.40067577307309,94387,-104867.98273133802
1062,3,2.7436282686408386,0.47605461372505736,0.7988599992025761,0.8502912599746667,0.18693309977963915,0.7582217620503219,4.136021539738959,0.7078350698370556,1.8582096095246743,1.2597757984087852,0.8098187643406282,8.868711531910188,47.953224453762836,94387,-104867.98273133802
1062,4,1.396386084669819,0.793466577106801,0.44260143096663435,0.6970555308300078,0.3193201674908726,0.8430834913187714,6.372815763008538,0.7449965778432669,1.1281092942951947,0.3472354673045649,0.47470990433747745,5.507331517914305,92.37897009006763,94387,-104867.98273133802
1064,1,1.7294551536548601,0.49043823000644976,0.5580223909856526,0.40102505408563927,0.05911563714594432,0.6997158786587183,3.3301794165248944,0.6896103573699806,1.063547207925177,0.7073132588969597,0.5665046471836587,5.1789862417314785,208.84202834355932,66524,-53585.90502114872
1064,2,1.2691106078272665,0.7308728245473508,0.5038524178889172,0.6197333307939888,0.29390014588968183,0.8558247880955487,6.936005064884014,0.7132801128382338,0.9899960836583308,0.28897530322714027,0.4727515708992355,4.739742483530557,177.53946602340102,66524,-53585.90502114872
1064,3,1.7458016576434885,1.015701621526682,0.6379062332468967,0.7252498836555652,0.26117923417425687,0.9388810799478455,16.361545641622467,0.8300298419413062,1.2865447934222665,0.5226274714573738,0.5802974856942335,6.290564651656957,61.534467913379984,66524,-53585.90502114872
1064,4,1.765044542585196,0.9592344578968196,0.41429815373252327,0.7643613381699261,0.38580498279011677,0.9460752018765795,18.544343878881975,0.8314688235272024,1.3679606913049636,0.5470237542521766,0.41393297702926835,6.702469012447577,49.52407700138124,66524,-53585.90502114872
1065,1,1.6743600007029835,0.6632829107034734,0.4100432792940315,0.720824736739647,0.3236654159367812,0.8291021902840886,5.851450066342748,0.7389335271618269,1.3216511712557086,0.48387724105012697,0.41039442068718646,6.4483841094031895,117.91447126446303,45974,-59210.041036528986
1065,2,2.1807911676142306,0.5464851196650504,0.29315666352589204,0.9031535341919076,0.3762312743284335,0.872715007822158,7.856385759939436,0.7251696936250203,1.7497819915848591,0.8583649899845269,0.2657291903700414,8.52796347918265,54.75677805666835,45974,-59210.041036528986
1065,3,2.8706461110563297,0.3786340489433477,0.8100189776078677,0.6685739622598431,0.19064893751112014,0.821019224458613,5.587192238804232,0.6609593878306382,1.5672512012770532,1.1566959592756343,0.8790433712770525,7.653276553141032,67.47039836696973,45974,-59210.041036528986
1065,4,1.8850242639343278,1.0000000325242388e-9,0.6857894409174349,0.2790568741861023,0.10945437222366591,0.7632376354116743,4.223644250802977,0.5232713830814613,0.925906783582074,0.5717568955635195,0.768920319864549,4.442652565869406,190.2971336107486,45974,-59210.041036528986
1072,1,1.350265551330297,0.5020618316240364,0.5621708336431366,0.49713505483588233,0.13568097437608242,0.9377447498004899,16.06290227402973,0.6545892027251853,0.9098527930212177,0.3380834162622587,0.56373874778885,4.405721217086889,158.1337690204316,45003,-50604.20381358131
1072,2,2.0060418161283082,0.8390802270406186,0.5932130082126261,0.752884539083127,0.46451309058389956,0.901639029218704,10.16663410351534,0.8313223943668967,1.549693994755983,0.6640113185630119,0.5213733211347261,7.610050988732337,67.443117287547,45003,-50604.20381358131
1072,3,3.47384785337015,0.1638515335537962,0.5067630220675587,2.6336619329908497e-9,0.05577730369883594,0.42692528248263023,1.7449731587045456,0.6420835442683533,3.007766556743343,2.0323772114136176,0.4688894154207034,14.604378991011721,92.91298220554005,45003,-50604.20381358131
1072,4,1.4545024892879732,0.6425406935832939,0.5659838684446566,0.6344603308754939,0.34402863134118256,0.8957875893801651,9.595786087781647,0.7111955238666992,1.1095722109942303,0.38502167737297266,0.5412471665208,5.331444984736752,168.80548762937687,45003,-50604.20381358131
Denna,1,1.747003071099824,0.7461551306402006,0.5331030337205145,0.7094755864406397,0.3991571250390966,0.8329389343859691,5.9858351574887445,0.7835018272791705,1.3698880646874059,0.5501764976211541,0.5737808925792456,6.749081959678194,91.07328092214244,5093,-5588.656907061675
Denna,2,2.91727094865288,0.6278008546536172,0.1673836627421216,0.903499261182438,0.24692736744170354,0.7080224379095335,3.424920712538038,0.7436680971722809,1.8330135396502947,1.2228889588463951,0.20072631175371064,9.083319976990218,173.07137468636017,5093,-5588.656907061675
Denna,3,1.6170214203516855,0.5203984629469097,0.6400641158847629,0.6209623131267168,0.2816727728986459,0.9768918867991386,43.2748442639066,0.6818775026788989,1.1748200687179462,0.6231868194280512,0.6564148467932015,5.74689504477447,58.508284686656815,5093,-5588.656907061675
Denna,4,1.4367603863467548,1.0000000065814349e-9,0.49383885931615906,0.547800738795202,0.07224273462055401,0.701599467175666,3.3512004503982973,0.5076528590729156,1.0498096282435332,0.3945526942865226,0.4496940259221532,4.776115493552409,258.1149795986142,5093,-5588.656907061675
Dopey,1,1.6249325928850307,0.4647825466032802,0.47087199412847897,0.44844886101212617,0.07382359064159276,0.9824767783526573,57.06713183940391,0.6695176804960559,1.045300036268701,0.5690103601621821,0.46440530808550434,5.149266143741953,11.55391818295002,12774,-12185.00070493947
Dopey,2,2.3388493236196104,0.4618986843962709,0.20177702418704763,0.9643446177138644,0.20097387111182796,0.7446295999880076,3.915880618713207,0.6585650372274454,1.7080446437375967,1.0164145187433837,0.19081915339228928,8.141381140896465,60.22879749678133,12774,-12185.00070493947
Dopey,3,1.5073131782339801,0.7947981342727394,0.41133503887164613,0.779300359263994,0.4036585782145163,0.8060661784562221,5.156398157060313,0.7565086990656067,1.2649809804918166,0.3873910483365097,0.4205845813024379,6.179092722737732,50.27793585801467,12774,-12185.00070493947
Dopey,4,1.608327388915974,0.7230413431888082,0.5147168410952022,0.620815219746069,0.3215439600320628,0.8951472337798388,9.537182814045009,0.7571994711272994,1.191468311963433,0.46019162181983403,0.5530263541614094,5.82674193412274,31.90889409474934,12774,-12185.00070493947
Draco,1,1.3782391564456584,0.40530697288889456,0.3645576926430046,0.5880102535470566,0.36547365647915225,0.5512805614482444,2.2285640292907867,0.6234481250853418,1.0106341966058014,0.36804754718488747,0.36477977794012895,4.774081911464151,51.33159190329457,12453,-9595.844446237723
Draco,2,1.2665013367346962,0.7245299711579013,0.4163114356124642,0.5338358816676416,0.3240086277251835,0.9214648721801378,12.733155566942262,0.7052966126043531,0.893527225061184,0.30454559218828114,0.44347407021688706,4.381315622283204,36.00844487350203,12453,-9595.844446237723
Draco,3,2.2197734020273248,1.3221506442255786,0.19997209871682944,0.676907427096059,0.27244651259228503,0.3845990596674426,1.624956893077883,0.8353464798856615,1.243719093224451,0.5998134538855889,0.34537313093607924,6.276400107972595,43.249553135195065,12453,-9595.844446237723
Draco,4,3.1135576728214263,0.2527409644754138,0.2667393550256553,9.668906104242632e-6,0.03807120320337867,0.370560895603306,1.5887160378421068,0.6572552404904459,2.050777623764388,1.8840139214251934,0.27981440474886043,10.20139484898255,79.64613268326819,12453,-9595.844446237723
Randy,1,1.5310535951345599,0.7527984647977394,0.402777449295945,0.4601922805269029,0.09490076666785048,0.9202305647727557,12.536129874195995,0.7326404119965934,0.936097675853235,0.3924877951376422,0.4225733098821543,4.5361181311595775,75.89856125821879,8382,-5973.414599705628
Randy,2,1.4055625859235499,0.8319358451784068,0.4000660650774445,0.6833572427413118,0.3039647943554306,0.6758773096861125,3.0852514491706153,0.7491661507950773,1.1074004706165381,0.3533001844691049,0.4221805933096459,5.204589140689874,65.90079403479767,8382,-5973.414599705628
Randy,3,2.441567734086318,1.8948580626407938,0.23037507844448446,0.5776852499990242,0.2310908719290928,0.5325330710338562,2.1391887597516543,0.9352022849795667,1.1365477935929444,0.4821788427524339,0.43314600851642093,5.905979356537745,41.61104370503858,8382,-5973.414599705628
Randy,4,2.2197820306921385,1.0654034783926523,0.30288684195165433,0.6601067937408027,0.3700435670476247,0.9664908475157682,29.84259301904349,0.860163863642638,1.4112262845031465,0.6554156312967825,0.40532851697267047,6.944689775535263,15.830976583622332,8382,-5973.414599705628
Remy,1,1.1917411125509203,0.5733043800916808,0.4404575795750686,0.3599685419194402,0.1238441012393968,0.8763859448328958,8.089694967519494,0.6514321985557744,0.6764650810627898,0.333291982001673,0.391427784464867,3.3302233149969944,11.320812032077393,23482,-13258.416358440163
Remy,2,1.3275823564201545,0.8404553218821815,0.39230740571303874,0.5812280736260056,0.30516124372713,0.8379773272862633,6.171975707170379,0.7339877995046002,0.9479606027887079,0.2983079902639039,0.3810762338476653,4.615895730534243,28.423710169863725,23482,-13258.416358440163
Remy,3,1.199880503228307,0.8055281851070804,0.38348430317611104,0.49487322842049636,0.2800692332911941,0.9108089158832333,11.211883002686967,0.7023452263234624,0.7963262834210432,0.27950703517100783,0.3390838911800412,3.8975989584604305,9.00076099962807,23482,-13258.416358440163
Remy,4,1.768219603457149,0.9957705571649762,0.28892829190703356,0.7317363174730549,0.2909254217422805,0.8592171858449702,7.103139726265179,0.7845884845152534,1.2420011272366858,0.5212936292346783,0.34340238549745344,6.085607235530011,24.58457175307327,23482,-13258.416358440163
Rhea,1,2.786697151063869,0.3255303124136273,0.18040699554426215,0.6656851922382241,0.17900127008160568,0.7154849316816445,3.514752332488272,0.6205166498656299,1.6368155297722875,1.2529896864258192,0.14485062963839718,7.750373131123172,26.484233949872245,17213,-16420.27251039445
Rhea,2,1.3998712519832268,7.129082588306718e-6,0.8745449883308131,0.09463241744991235,0.008742785891151664,0.6470357509780378,2.8331481241256755,0.5078859937121469,0.38912466832385584,0.3333391619872405,0.7983855477387332,1.8998121848481433,22.773812828183114,17213,-16420.27251039445
Rhea,3,1.440625977464062,0.5939730104673706,0.45083718270466533,0.4730740727756503,0.20955273288807816,0.8781496922684001,8.206790927460796,0.688305953135732,0.9316258174676966,0.355247706367083,0.3919448576408514,4.492665113540577,39.74632087749333,17213,-16420.27251039445
Rhea,4,1.6070476207019193,0.922400292795348,0.4495425885431462,0.7163498354516022,0.6027032111391698,0.9127870874163726,11.466191993543527,0.8077555794202937,1.2500840477453727,0.4278365378812551,0.4163919467128692,6.1540224022575165,27.590621416985552,17213,-16420.27251039445
Robert,1,1.248451148726604,0.3893301734540439,0.6756163879811713,0.3683748409712899,0.08820214670063015,0.9054581923399987,10.577331074483775,0.5892143959834323,0.6561790663807087,0.2586180390487433,0.7652043417806119,3.1579092122717713,44.73437891774503,18667,-16747.794211498884
Robert,2,1.5248387990169474,0.8207170223845558,0.6465176060483085,0.4789980892035087,0.3793231873688452,0.9465920137708693,18.723791526417134,0.7488751143016484,0.9333025556847135,0.3930410087764689,0.6108201017466275,4.5546977017958215,45.543619320586984,18667,-16747.794211498884
Robert,3,1.9996930636046073,0.7892651261030583,0.5749586660057007,0.5465451175504714,0.5240357614675771,0.9741733299148768,38.71966446715968,0.8231238657006793,1.3713649579678782,0.7473742575504857,0.47111870284459373,6.707803177319578,8.77739704444854,18667,-16747.794211498884
Robert,4,4.427796823315172,7.05155906836209e-8,0.9925081078355605,0.09975710927727986,0.008438904462947362,0.6433478572364534,2.803852494061645,0.554056538144159,0.6925173055693884,1.773276338651978,0.9613322107153196,3.540102794247542,14.131888463753304,18667,-16747.794211498884
Ron,1,1.159177529651249,0.7143734541268285,0.4321996221193549,0.40643148796684175,0.18178922311098072,0.9108616134747407,11.21851133929408,0.6859195850094613,0.705291879223134,0.23217937931455201,0.3970646180810332,3.438180334126213,10.640169169898252,10679,-7437.631155174238
Ron,2,1.7973134801982793,0.846691802583875,0.34207219445647985,0.6197968804887972,0.3940662526363951,0.9522299045930163,20.933598551151423,0.7814489462376237,1.2139759875311527,0.5203915577353783,0.39888537831408366,5.85226114652073,28.814761553177327,10679,-7437.631155174238
Ron,3,1.3575351991215328,0.9671766089703138,0.40627110788833015,0.5271141808881562,0.400756912712135,0.9341288537867475,15.181153775016769,0.7723602289615538,0.906737937530959,0.288559266336553,0.4305829281513666,4.418448905319637,42.56995159920503,10679,-7437.631155174238
Ron,4,3.1737428573834694,0.19189639766358751,0.2913478834479578,0.001,0.02338761154048949,0.2861979886850173,1.4009487002674266,0.6383385310407177,2.237634884032952,2.0125264870078494,0.36358003824497326,10.839065119541258,16.070558968487678,10679,-7437.631155174238
Rudy,1,1.9031963045519225,0.6366252334378325,0.6475438009505534,0.7158634431291246,0.21647860674090735,0.9411932010104782,17.00483646760267,0.7440982611200887,1.4310069036332465,0.6921579020124646,0.636570099278675,6.954589191526583,31.576850079022,20915,-19832.428194982538
Rudy,2,1.2970818395124435,0.39755132039781466,0.5033874299096278,0.38137704189356847,0.14431319068064508,0.9746185331815044,39.39882620461061,0.6185290360598868,0.7685537884649303,0.3237068161450379,0.5416785883988804,3.7775230311776262,14.86822523719123,20915,-19832.428194982538
Rudy,3,1.722341568180952,0.5854129265830177,0.36446168497744685,0.7041238424394871,0.3410307989415584,0.949974655440756,19.98986731247238,0.7082237561778977,1.311762912247464,0.5307750521786048,0.3197374355269447,6.436162699304044,27.148533689572755,20915,-19832.428194982538
Rudy,4,1.4294672848161556,0.5690085099270729,0.4159847454571089,0.531203462761423,0.29817740363688866,0.9122055975494068,11.390247807230711,0.6815735922539236,0.9862810290605528,0.358948625865249,0.4050909237484094,4.803645721321921,14.928198940543725,20915,-19832.428194982538
