rat,state,acc_rank,decile,iti_pre,posterior,n
1029,1,3,1,0.09009874317683358,0.11925917112522012,2722
1029,2,2,1,0.09009874317683358,0.3523691348830505,2722
1029,3,4,1,0.09009874317683358,0.30925633754690646,2722
1029,4,1,1,0.09009874317683358,0.21911535644482277,2722
1029,1,3,2,0.3244294937696915,0.10219989691946396,2721
1029,2,2,2,0.3244294937696915,0.3529451614059039,2721
1029,3,4,2,0.3244294937696915,0.2706804557706743,2721
1029,4,1,2,0.3244294937696915,0.2741744859039577,2721
1029,1,3,3,0.6717554254999848,0.09974306599558856,2722
1029,2,2,3,0.6717554254999848,0.3471463535650613,2722
1029,3,4,3,0.6717554254999848,0.24389155768721496,2722
1029,4,1,3,0.6717554254999848,0.30921902275213503,2722
1029,1,3,4,1.1001406587569114,0.09117453574546516,2721
1029,2,2,4,1.1001406587569114,0.33331757116258465,2721
1029,3,4,4,1.1001406587569114,0.23508881917746377,2721
1029,4,1,4,1.1001406587569114,0.3404190739144863,2721
1029,1,3,5,1.7841326926256904,0.08257614831433138,2721
1029,2,2,5,1.7841326926256904,0.3150733216275916,2721
1029,3,4,5,1.7841326926256904,0.22017602724854962,2721
1029,4,1,5,1.7841326926256904,0.3821745028095272,2721
1029,1,3,6,3.0531153732754106,0.08330446404095812,2722
1029,2,2,6,3.0531153732754106,0.2853446012364696,2722
1029,3,4,6,3.0531153732754106,0.2197540715349777,2722
1029,4,1,6,3.0531153732754106,0.4115968631875944,2722
1029,1,3,7,6.0946597077868825,0.10763657406537298,2721
1029,2,2,7,6.0946597077868825,0.2776755386179171,2721
1029,3,4,7,6.0946597077868825,0.23303128040675944,2721
1029,4,1,7,6.0946597077868825,0.3816566069099504,2721
1029,1,3,8,17.400834206175887,0.1729057265433047,2722
1029,2,2,8,17.400834206175887,0.2660629474324243,2722
1029,3,4,8,17.400834206175887,0.3098889473216162,2722
1029,4,1,8,17.400834206175887,0.2511423787026548,2722
1029,1,3,9,70.61609897182288,0.2102123582071882,2721
1029,2,2,9,70.61609897182288,0.2705499373794802,2721
1029,3,4,9,70.61609897182288,0.35964167617063947,2721
1029,4,1,9,70.61609897182288,0.1595960282426921,2721
1029,1,3,10,757.962751675022,0.13979003330039858,2722
1029,2,2,10,757.962751675022,0.32321293166311604,2722
1029,3,4,10,757.962751675022,0.33443513244435225,2722
1029,4,1,10,757.962751675022,0.202561902592133,2722
1052,1,4,1,0.14545110469387537,0.07243967255582795,6820
1052,2,1,1,0.14545110469387537,0.3198693393306866,6820
1052,3,3,1,0.14545110469387537,0.18713624968440895,6820
1052,4,2,1,0.14545110469387537,0.42055473842907626,6820
1052,1,4,2,0.49549562814356995,0.057665273224461175,6822
1052,2,1,2,0.49549562814356995,0.38558946216532447,6822
1052,3,3,2,0.49549562814356995,0.18716754006820213,6822
1052,4,2,2,0.49549562814356995,0.3695777245420121,6822
1052,1,4,3,0.8440618531433103,0.05136153633618544,6823
1052,2,1,3,0.8440618531433103,0.4015377573074478,6823
1052,3,3,3,0.8440618531433103,0.19069374445641524,6823
1052,4,2,3,0.8440618531433103,0.3564069618999514,6823
1052,1,4,4,1.3579240566073443,0.053660353640739775,6822
1052,2,1,4,1.3579240566073443,0.39126311126383484,6822
1052,3,3,4,1.3579240566073443,0.20604888132041818,6822
1052,4,2,4,1.3579240566073443,0.3490276537750071,6822
1052,1,4,5,2.199283903841931,0.047022484185410766,6822
1052,2,1,5,2.199283903841931,0.4021139882065517,6822
1052,3,3,5,2.199283903841931,0.2177344893948941,6822
1052,4,2,5,2.199283903841931,0.33312903821314327,6822
1052,1,4,6,3.6369358756868397,0.04975541478764205,6822
1052,2,1,6,3.6369358756868397,0.4067787491496034,6822
1052,3,3,6,3.6369358756868397,0.21760918582730443,6822
1052,4,2,6,3.6369358756868397,0.32585665023545,6822
1052,1,4,7,6.291371060230371,0.06078651249609179,6821
1052,2,1,7,6.291371060230371,0.3851441025227715,6821
1052,3,3,7,6.291371060230371,0.2245750886332953,6821
1052,4,2,7,6.291371060230371,0.3294942963478414,6821
1052,1,4,8,12.635830824880506,0.08945394131517961,6822
1052,2,1,8,12.635830824880506,0.33908884010669965,6822
1052,3,3,8,12.635830824880506,0.20821350015658027,6822
1052,4,2,8,12.635830824880506,0.3632437184215403,6822
1052,1,4,9,34.223721595718615,0.1244246403175211,6822
1052,2,1,9,34.223721595718615,0.29068854442923175,6822
1052,3,3,9,34.223721595718615,0.17113197972334865,6822
1052,4,2,9,34.223721595718615,0.4137548355298983,6822
1052,1,4,10,271.26647253514875,0.1191716978967031,6822
1052,2,1,10,271.26647253514875,0.33432909110527004,6822
1052,3,3,10,271.26647253514875,0.14131946645299462,6822
1052,4,2,10,271.26647253514875,0.40517974454503203,6822
1054,1,3,1,0.112431408376511,0.43845844318493726,4074
1054,2,4,1,0.112431408376511,0.004831668071865289,4074
1054,3,2,1,0.112431408376511,0.27208186230786846,4074
1054,4,1,1,0.112431408376511,0.2846280264353293,4074
1054,1,3,2,0.35609762209619567,0.42805093091505253,4077
1054,2,4,2,0.35609762209619567,0.007249645311425256,4077
1054,3,2,2,0.35609762209619567,0.27960260024344863,4077
1054,4,1,2,0.35609762209619567,0.2850968235300738,4077
1054,1,3,3,0.6522718374448437,0.4203946545936903,4074
1054,2,4,3,0.6522718374448437,0.007802465907511129,4074
1054,3,2,3,0.6522718374448437,0.2851663877693368,4074
1054,4,1,3,0.6522718374448437,0.286636491729462,4074
1054,1,3,4,1.137104891272206,0.4135080266899376,4076
1054,2,4,4,1.137104891272206,0.007764672060604545,4076
1054,3,2,4,1.137104891272206,0.3017458269922079,4076
1054,4,1,4,1.137104891272206,0.2769814742572502,4076
1054,1,3,5,2.058318864194709,0.4070309631997098,4074
1054,2,4,5,2.058318864194709,0.007063642255253876,4074
1054,3,2,5,2.058318864194709,0.314677053910911,4074
1054,4,1,5,2.058318864194709,0.2712283406341254,4074
1054,1,3,6,3.909558526679742,0.39419631606417904,4074
1054,2,4,6,3.909558526679742,0.008401727522917707,4074
1054,3,2,6,3.909558526679742,0.33305222935193773,4074
1054,4,1,6,3.909558526679742,0.26434972706096554,4074
1054,1,3,7,7.554759151720483,0.39469392551955024,4076
1054,2,4,7,7.554759151720483,0.010521590316715864,4076
1054,3,2,7,7.554759151720483,0.3338786029686368,4076
1054,4,1,7,7.554759151720483,0.2609058811950973,4076
1054,1,3,8,16.108910055926913,0.4033823267822632,4075
1054,2,4,8,16.108910055926913,0.012339661412299995,4075
1054,3,2,8,16.108910055926913,0.3145800783796893,4075
1054,4,1,8,16.108910055926913,0.26969793342574777,4075
1054,1,3,9,47.56333243626436,0.4163178272446107,4075
1054,2,4,9,47.56333243626436,0.016717985979284426,4075
1054,3,2,9,47.56333243626436,0.28693633035269606,4075
1054,4,1,9,47.56333243626436,0.280027856423409,4075
1054,1,3,10,516.4526413797772,0.4163515560926357,4076
1054,2,4,10,516.4526413797772,0.013962215206377913,4076
1054,3,2,10,516.4526413797772,0.29689114130918787,4076
1054,4,1,10,516.4526413797772,0.2727950873917987,4076
1059,1,4,1,0.19235966897207768,0.03035461527390316,1704
1059,2,1,1,0.19235966897207768,0.47645283660318377,1704
1059,3,2,1,0.19235966897207768,0.16339249225404195,1704
1059,4,3,1,0.19235966897207768,0.32980005586887184,1704
1059,1,4,2,0.7531790659342892,0.024201919108986867,1703
1059,2,1,2,0.7531790659342892,0.49513299315014764,1703
1059,3,2,2,0.7531790659342892,0.17804125446912974,1703
1059,4,3,2,0.7531790659342892,0.30262383327173636,1703
1059,1,4,3,1.4196361281452707,0.020374594651698035,1704
1059,2,1,3,1.4196361281452707,0.5094190780555148,1704
1059,3,2,3,1.4196361281452707,0.2217317733924799,1704
1059,4,3,3,1.4196361281452707,0.2484745539003078,1704
1059,1,4,4,2.3735430424339192,0.01706657191202925,1704
1059,2,1,4,2.3735430424339192,0.5199739577858917,1704
1059,3,2,4,2.3735430424339192,0.24673141282294125,1704
1059,4,3,4,2.3735430424339192,0.21622805747913829,1704
1059,1,4,5,3.7374084213751946,0.019129688543867412,1703
1059,2,1,5,3.7374084213751946,0.5026286645129849,1703
1059,3,2,5,3.7374084213751946,0.2718153276127747,1703
1059,4,3,5,3.7374084213751946,0.20642631933037334,1703
1059,1,4,6,5.82920926281242,0.022519187961327777,1703
1059,2,1,6,5.82920926281242,0.48149801024961997,1703
1059,3,2,6,5.82920926281242,0.29052920621625744,1703
1059,4,3,6,5.82920926281242,0.2054535955727951,1703
1059,1,4,7,9.456761639892903,0.022261346351559193,1704
1059,2,1,7,9.456761639892903,0.46771972911404125,1704
1059,3,2,7,9.456761639892903,0.3023259750240526,1704
1059,4,3,7,9.456761639892903,0.2076929495103471,1704
1059,1,4,8,18.732162798799948,0.039233376479711445,1704
1059,2,1,8,18.732162798799948,0.4435511919172334,1704
1059,3,2,8,18.732162798799948,0.27452475331456455,1704
1059,4,3,8,18.732162798799948,0.24269067828849078,1704
1059,1,4,9,62.510013322773325,0.04959218012516253,1703
1059,2,1,9,62.510013322773325,0.443429490075203,1703
1059,3,2,9,62.510013322773325,0.21397329793878658,1703
1059,4,3,9,62.510013322773325,0.2930050318608481,1703
1059,1,4,10,883.3183002747164,0.07005438626341862,1704
1059,2,1,10,883.3183002747164,0.3918404939528727,1704
1059,3,2,10,883.3183002747164,0.1852963955038794,1704
1059,4,3,10,883.3183002747164,0.35280872427982923,1704
1060,1,4,1,0.1284735853350394,0.09166551785160638,5668
1060,2,3,1,0.1284735853350394,0.01717708004917963,5668
1060,3,1,1,0.1284735853350394,0.4387523953288636,5668
1060,4,2,1,0.1284735853350394,0.45240500677034995,5668
1060,1,4,2,0.4449260080156786,0.09018490195090119,5667
1060,2,3,2,0.4449260080156786,0.01726944593321909,5667
1060,3,1,2,0.4449260080156786,0.46486995466704667,5667
1060,4,2,2,0.4449260080156786,0.4276756974488327,5667
1060,1,4,3,0.7729645954916179,0.093003825818622,5668
1060,2,3,3,0.7729645954916179,0.015920064843150644,5668
1060,3,1,3,0.7729645954916179,0.4845505871405022,5668
1060,4,2,3,0.7729645954916179,0.40652552219772486,5668
1060,1,4,4,1.2183997856604925,0.09999031913733594,5667
1060,2,3,4,1.2183997856604925,0.01906535455481675,5667
1060,3,1,4,1.2183997856604925,0.48758622601947316,5667
1060,4,2,4,1.2183997856604925,0.3933581002883738,5667
1060,1,4,5,1.9558163512984863,0.09701577309673856,5668
1060,2,3,5,1.9558163512984863,0.01913084571717833,5668
1060,3,1,5,1.9558163512984863,0.49096999822007,5668
1060,4,2,5,1.9558163512984863,0.3928833829660127,5668
1060,1,4,6,3.1783696008513354,0.11148750140581518,5668
1060,2,3,6,3.1783696008513354,0.020641153975936556,5668
1060,3,1,6,3.1783696008513354,0.484155815690351,5668
1060,4,2,6,3.1783696008513354,0.38371552892789706,5668
1060,1,4,7,5.209179275825782,0.13325238629570982,5668
1060,2,3,7,5.209179275825782,0.02870222724765763,5668
1060,3,1,7,5.209179275825782,0.4502681026259186,5668
1060,4,2,7,5.209179275825782,0.38777728383071375,5668
1060,1,4,8,9.447501827092115,0.1787324884297757,5667
1060,2,3,8,9.447501827092115,0.03565805388320924,5667
1060,3,1,8,9.447501827092115,0.37263234709286963,5667
1060,4,2,8,9.447501827092115,0.4129771105941451,5667
1060,1,4,9,23.72627562411906,0.25449470205226943,5668
1060,2,3,9,23.72627562411906,0.05493991512734807,5668
1060,3,1,9,23.72627562411906,0.2730240256688394,5668
1060,4,2,9,23.72627562411906,0.4175413571515429,5668
1060,1,4,10,219.8533974977914,0.3036416657908012,5668
1060,2,3,10,219.8533974977914,0.07058030355489081,5668
1060,3,1,10,219.8533974977914,0.18936476922279488,5668
1060,4,2,10,219.8533974977914,0.43641326143151293,5668
1062,1,4,1,0.15728106287707866,0.05940513953946029,9421
1062,2,1,1,0.15728106287707866,0.3948229268789639,9421
1062,3,3,1,0.15728106287707866,0.17674000044298932,9421
1062,4,2,1,0.15728106287707866,0.36903193313858634,9421
1062,1,4,2,0.436436235484207,0.05107262812291196,9422
1062,2,1,2,0.436436235484207,0.4493296340933791,9422
1062,3,3,2,0.436436235484207,0.17753694005388237,9422
1062,4,2,2,0.436436235484207,0.32206079772982643,9422
1062,1,4,3,0.6977746089534203,0.05021420501594174,9420
1062,2,1,3,0.6977746089534203,0.46982785008150235,9420
1062,3,3,3,0.6977746089534203,0.18012548059990108,9420
1062,4,2,3,0.6977746089534203,0.2998324643026547,9420
1062,1,4,4,1.048544370224992,0.04896601065432437,9421
1062,2,1,4,1.048544370224992,0.4714534494497644,9421
1062,3,3,4,1.048544370224992,0.19354594611187506,9421
1062,4,2,4,1.048544370224992,0.2860345937840361,9421
1062,1,4,5,1.620212941421485,0.04937451251800013,9423
1062,2,1,5,1.620212941421485,0.4768498436725772,9423
1062,3,3,5,1.620212941421485,0.19714542702687246,9423
1062,4,2,5,1.620212941421485,0.2766302167825501,9423
1062,1,4,6,2.5604165246540775,0.050011927271552646,9422
1062,2,1,6,2.5604165246540775,0.4937351959341341,9422
1062,3,3,6,2.5604165246540775,0.19822801653236727,9422
1062,4,2,6,2.5604165246540775,0.2580248602619459,9422
1062,1,4,7,4.166489033744215,0.05230818446984287,9420
1062,2,1,7,4.166489033744215,0.48516251857774717,9420
1062,3,3,7,4.166489033744215,0.20733714181605106,9420
1062,4,2,7,4.166489033744215,0.25519215513635896,9420
1062,1,4,8,7.609406503576078,0.07259702155870518,9423
1062,2,1,8,7.609406503576078,0.42111137128325754,9423
1062,3,3,8,7.609406503576078,0.21233948086219037,9423
1062,4,2,8,7.609406503576078,0.2939521262958469,9423
1062,1,4,9,19.604752008964105,0.12497016247062373,9421
1062,2,1,9,19.604752008964105,0.31690424253984034,9421
1062,3,3,9,19.604752008964105,0.18044112988897396,9421
1062,4,2,9,19.604752008964105,0.3776844651005619,9421
1062,1,4,10,130.41001985674328,0.18349974302365848,9422
1062,2,1,10,130.41001985674328,0.21697174873651842,9422
1062,3,3,10,130.41001985674328,0.1462800541888584,9422
1062,4,2,10,130.41001985674328,0.4532484540509645,9422
1064,1,4,1,0.14314768225714655,0.06202612488713264,6633
1064,2,3,1,0.14314768225714655,0.3627234746400221,6633
1064,3,2,1,0.14314768225714655,0.256087425766489,6633
1064,4,1,1,0.14314768225714655,0.31916297470635624,6633
1064,1,4,2,0.4667505161597308,0.04850995962799001,6637
1064,2,3,2,0.4667505161597308,0.31962969415515374,6637
1064,3,2,2,0.4667505161597308,0.26093373765332684,6637
1064,4,1,2,0.4667505161597308,0.3709266085635293,6637
1064,1,4,3,0.8555813055040079,0.04542709340655929,6635
1064,2,3,3,0.8555813055040079,0.27970049134963576,6635
1064,3,2,3,0.8555813055040079,0.2918874163076576,6635
1064,4,1,3,0.8555813055040079,0.3829849989361473,6635
1064,1,4,4,1.3880751499873374,0.043851241134755664,6634
1064,2,3,4,1.3880751499873374,0.26370042211208095,6634
1064,3,2,4,1.3880751499873374,0.2793591194379182,6634
1064,4,1,4,1.3880751499873374,0.4130892173152451,6634
1064,1,4,5,2.1605139196313603,0.03925714585680964,6635
1064,2,3,5,2.1605139196313603,0.24043563175778865,6635
1064,3,2,5,2.1605139196313603,0.2884663041705014,6635
1064,4,1,5,2.1605139196313603,0.43184091821490017,6635
1064,1,4,6,3.2936936834295705,0.03624412643350471,6635
1064,2,3,6,3.2936936834295705,0.215655692021304,6635
1064,3,2,6,3.2936936834295705,0.2856153723521823,6635
1064,4,1,6,3.2936936834295705,0.4624848091930089,6635
1064,1,4,7,5.019379642467125,0.038353133895142805,6634
1064,2,3,7,5.019379642467125,0.21950388893354347,6634
1064,3,2,7,5.019379642467125,0.26781300461756824,6634
1064,4,1,7,5.019379642467125,0.4743299725537454,6634
1064,1,4,8,8.288199417786801,0.04769815046096567,6635
1064,2,3,8,8.288199417786801,0.2394879182170674,6635
1064,3,2,8,8.288199417786801,0.2724268657379087,6635
1064,4,1,8,8.288199417786801,0.4403870655840581,6635
1064,1,4,9,18.657510226456413,0.07897718042290902,6635
1064,2,3,9,18.657510226456413,0.3301625641532984,6635
1064,3,2,9,18.657510226456413,0.2440558801996511,6635
1064,4,1,9,18.657510226456413,0.3468043752241414,6635
1064,1,4,10,177.0401494147111,0.15093460963003824,6635
1064,2,3,10,177.0401494147111,0.46591074114246694,6635
1064,3,2,10,177.0401494147111,0.16595209466836905,6635
1064,4,1,10,177.0401494147111,0.2172025545591257,6635
1065,1,1,1,0.15918651430948838,0.38445128966685144,4585
1065,2,2,1,0.15918651430948838,0.41124031792391136,4585
1065,3,3,1,0.15918651430948838,0.13715382593777026,4585
1065,4,4,1,0.15918651430948838,0.06715456647146666,4585
1065,1,1,2,0.45133870108147445,0.3639396105820485,4585
1065,2,2,2,0.45133870108147445,0.42074387408775765,4585
1065,3,3,2,0.45133870108147445,0.14456527147926282,4585
1065,4,4,2,0.45133870108147445,0.07075124385093091,4585
1065,1,1,3,0.7264625727370169,0.3374661462270639,4586
1065,2,2,3,0.7264625727370169,0.4151933798851256,4586
1065,3,3,3,0.7264625727370169,0.16422687749036236,4586
1065,4,4,3,0.7264625727370169,0.08311359639744809,4586
1065,1,1,4,1.1205243513750756,0.32200211571787324,4586
1065,2,2,4,1.1205243513750756,0.4237906838246435,4586
1065,3,3,4,1.1205243513750756,0.17191647637550025,4586
1065,4,4,4,1.1205243513750756,0.08229072408198287,4586
1065,1,1,5,1.8014207896053198,0.3071835202381086,4587
1065,2,2,5,1.8014207896053198,0.39730311162374543,4587
1065,3,3,5,1.8014207896053198,0.20459947545728052,4587
1065,4,4,5,1.8014207896053198,0.09091389268086543,4587
1065,1,1,6,2.8974529845502235,0.28884502176217386,4586
1065,2,2,6,2.8974529845502235,0.39505278141974426,4586
1065,3,3,6,2.8974529845502235,0.22494865866101713,4586
1065,4,4,6,2.8974529845502235,0.09115353815706473,4586
1065,1,1,7,4.675176574432617,0.28339581104230543,4585
1065,2,2,7,4.675176574432617,0.3807702691756786,4585
1065,3,3,7,4.675176574432617,0.24312424371921765,4585
1065,4,4,7,4.675176574432617,0.0927096760627983,4585
1065,1,1,8,7.856506605645337,0.28883890866877227,4586
1065,2,2,8,7.856506605645337,0.37512954900885104,4586
1065,3,3,8,7.856506605645337,0.24251303859995343,4586
1065,4,4,8,7.856506605645337,0.09351850372242321,4586
1065,1,1,9,16.80228711646705,0.30949643815779637,4586
1065,2,2,9,16.80228711646705,0.3071387527426234,4586
1065,3,3,9,16.80228711646705,0.21554773622388065,4586
1065,4,4,9,16.80228711646705,0.16781707287569966,4586
1065,1,1,10,117.6693305482757,0.3449646529275201,4586
1065,2,2,10,117.6693305482757,0.241320389368708,4586
1065,3,3,10,117.6693305482757,0.1589962747766064,4586
1065,4,4,10,117.6693305482757,0.2547186829271656,4586
1072,1,3,1,0.10591715368446195,0.09435308462990331,4487
1072,2,1,1,0.10591715368446195,0.47114141251636066,4487
1072,3,4,1,0.10591715368446195,0.05309207653005342,4487
1072,4,2,1,0.10591715368446195,0.3814134263236828,4487
1072,1,3,2,0.38371474305228787,0.07277716445094148,4486
1072,2,1,2,0.38371474305228787,0.5406993543716087,4486
1072,3,4,2,0.38371474305228787,0.06058523656936383,4486
1072,4,2,2,0.38371474305228787,0.32593824460808607,4486
1072,1,3,3,0.7315727966704831,0.07922820841907562,4486
1072,2,1,3,0.7315727966704831,0.5493575345473269,4486
1072,3,4,3,0.7315727966704831,0.05735791246931603,4486
1072,4,2,3,0.7315727966704831,0.31405634456428155,4486
1072,1,3,4,1.2069907250525511,0.08154465814672306,4486
1072,2,1,4,1.2069907250525511,0.554519388760291,4486
1072,3,4,4,1.2069907250525511,0.05714736923497638,4486
1072,4,2,4,1.2069907250525511,0.30678858385800967,4486
1072,1,3,5,1.9832572361496348,0.08580903055959475,4486
1072,2,1,5,1.9832572361496348,0.5530514592952609,4486
1072,3,4,5,1.9832572361496348,0.06258014305932147,4486
1072,4,2,5,1.9832572361496348,0.2985593670858229,4486
1072,1,3,6,3.3636994349509957,0.10015733840368368,4487
1072,2,1,6,3.3636994349509957,0.5267223847099065,4487
1072,3,4,6,3.3636994349509957,0.06828838631083159,4487
1072,4,2,6,3.3636994349509957,0.3048318905755782,4487
1072,1,3,7,6.300152332680762,0.1174373043139555,4486
1072,2,1,7,6.300152332680762,0.49960677354907573,4486
1072,3,4,7,6.300152332680762,0.06367813244325174,4486
1072,4,2,7,6.300152332680762,0.319277789693717,4486
1072,1,3,8,14.032700623235682,0.16795567676017445,4485
1072,2,1,8,14.032700623235682,0.41039435735612656,4485
1072,3,4,8,14.032700623235682,0.056894993856323996,4485
1072,4,2,8,14.032700623235682,0.36475497202737506,4485
1072,1,3,9,43.506805629925466,0.254198377406384,4487
1072,2,1,9,43.506805629925466,0.29742024280216434,4487
1072,3,4,9,43.506805629925466,0.039543415018907825,4487
1072,4,2,9,43.506805629925466,0.40883796477254386,4487
1072,1,3,10,344.46910976690043,0.30583511116884143,4487
1072,2,1,10,344.46910976690043,0.24297304047464077,4487
1072,3,4,10,344.46910976690043,0.03796516804068966,4487
1072,4,2,10,344.46910976690043,0.41322668031582815,4487
Denna,1,1,1,0.10289897352783645,0.3498693347547609,508
Denna,2,2,1,0.10289897352783645,0.20261765264826412,508
Denna,3,3,1,0.10289897352783645,0.3931700418784199,508
Denna,4,4,1,0.10289897352783645,0.05434297071855495,508
Denna,1,1,2,0.36172795619608383,0.4165117831372199,507
Denna,2,2,2,0.36172795619608383,0.23549383453046258,507
Denna,3,3,2,0.36172795619608383,0.29102879945715476,507
Denna,4,4,2,0.36172795619608383,0.056965582875162624,507
Denna,1,1,3,0.6019341146958247,0.4407089812274716,507
Denna,2,2,3,0.6019341146958247,0.248506178112452,507
Denna,3,3,3,0.6019341146958247,0.25927330794449893,507
Denna,4,4,3,0.6019341146958247,0.05151153271557777,507
Denna,1,1,4,0.9332791100394563,0.47755636833714205,507
Denna,2,2,4,0.9332791100394563,0.2619716688791649,507
Denna,3,3,4,0.9332791100394563,0.21397872705018553,507
Denna,4,4,4,0.9332791100394563,0.04649323573350783,507
Denna,1,1,5,1.553635300678228,0.4471589922730648,507
Denna,2,2,5,1.553635300678228,0.2526130805025441,507
Denna,3,3,5,1.553635300678228,0.2452297227910215,507
Denna,4,4,5,1.553635300678228,0.054998204433369946,507
Denna,1,1,6,2.695982453149078,0.4080631465614014,507
Denna,2,2,6,2.695982453149078,0.25815932271358244,507
Denna,3,3,6,2.695982453149078,0.2733565193728805,507
Denna,4,4,6,2.695982453149078,0.06042101135213616,507
Denna,1,1,7,4.924173431556285,0.36987595236468257,508
Denna,2,2,7,4.924173431556285,0.23892268646097578,508
Denna,3,3,7,4.924173431556285,0.3134954128036279,508
Denna,4,4,7,4.924173431556285,0.07770594837071397,508
Denna,1,1,8,9.78626859977825,0.3771166015164425,507
Denna,2,2,8,9.78626859977825,0.2580658989520715,507
Denna,3,3,8,9.78626859977825,0.2847859441553341,507
Denna,4,4,8,9.78626859977825,0.08003155537615238,507
Denna,1,1,9,24.31138303528563,0.36227805534241664,507
Denna,2,2,9,24.31138303528563,0.2562354314582136,507
Denna,3,3,9,24.31138303528563,0.2927357967530378,507
Denna,4,4,9,24.31138303528563,0.08875071644633241,507
Denna,1,1,10,252.21478494411684,0.3387931187791384,508
Denna,2,2,10,252.21478494411684,0.25802805094381503,508
Denna,3,3,10,252.21478494411684,0.25276869053633155,508
Denna,4,4,10,252.21478494411684,0.15041013974071554,508
Dopey,1,3,1,0.11692054761919263,0.054013515137585975,1276
Dopey,2,4,1,0.11692054761919263,0.20529342465187497,1276
Dopey,3,2,1,0.11692054761919263,0.4176125788432315,1276
Dopey,4,1,1,0.11692054761919263,0.32308048136730694,1276
Dopey,1,3,2,0.28686320600505055,0.04911687604350143,1275
Dopey,2,4,2,0.28686320600505055,0.1895261681820532,1275
Dopey,3,2,2,0.28686320600505055,0.42288263858526615,1275
Dopey,4,1,2,0.28686320600505055,0.3384743171891787,1275
Dopey,1,3,3,0.42965341522010186,0.043803267563861964,1275
Dopey,2,4,3,0.42965341522010186,0.20883643115201533,1275
Dopey,3,2,3,0.42965341522010186,0.4106821905058553,1275
Dopey,4,1,3,0.42965341522010186,0.33667811077826704,1275
Dopey,1,3,4,0.6131729977560245,0.054196733542121046,1276
Dopey,2,4,4,0.6131729977560245,0.20546400150709587,1276
Dopey,3,2,4,0.6131729977560245,0.40549849607178257,1276
Dopey,4,1,4,0.6131729977560245,0.33484076887899994,1276
Dopey,1,3,5,0.8766214747857599,0.05389216684225596,1275
Dopey,2,4,5,0.8766214747857599,0.21340303175242584,1275
Dopey,3,2,5,0.8766214747857599,0.410885712591324,1275
Dopey,4,1,5,0.8766214747857599,0.3218190888139936,1275
Dopey,1,3,6,1.341052034880535,0.05989021960887979,1275
Dopey,2,4,6,1.341052034880535,0.20602135690756843,1275
Dopey,3,2,6,1.341052034880535,0.41849521285824215,1275
Dopey,4,1,6,1.341052034880535,0.3155932106253094,1275
Dopey,1,3,7,2.4730646903918796,0.09214102937673609,1276
Dopey,2,4,7,2.4730646903918796,0.2021397326120665,1276
Dopey,3,2,7,2.4730646903918796,0.39997591544060807,1276
Dopey,4,1,7,2.4730646903918796,0.30574332257058945,1276
Dopey,1,3,8,4.89329754320794,0.10170988501457981,1275
Dopey,2,4,8,4.89329754320794,0.1873076369244332,1275
Dopey,3,2,8,4.89329754320794,0.3943453918714029,1275
Dopey,4,1,8,4.89329754320794,0.3166370861895842,1275
Dopey,1,3,9,10.419075820985498,0.13320434513693297,1275
Dopey,2,4,9,10.419075820985498,0.17893148892518784,1275
Dopey,3,2,9,10.419075820985498,0.37260650672544204,1275
Dopey,4,1,9,10.419075820985498,0.31525765921243676,1275
Dopey,1,3,10,53.45221116418045,0.09656926824719725,1276
Dopey,2,4,10,53.45221116418045,0.21466850376459298,1276
Dopey,3,2,10,53.45221116418045,0.380138747062202,1276
Dopey,4,1,10,53.45221116418045,0.3086234809260069,1276
Draco,1,4,1,0.08804461186088253,0.376700649601045,1243
Draco,2,2,1,0.08804461186088253,0.30626839399297756,1243
Draco,3,1,1,0.08804461186088253,0.2835797813740051,1243
Draco,4,3,1,0.08804461186088253,0.03345117503197081,1243
Draco,1,4,2,0.2591674477224447,0.38991728409747095,1244
Draco,2,2,2,0.2591674477224447,0.30106149075153044,1244
Draco,3,1,2,0.2591674477224447,0.27787890124375475,1244
Draco,4,3,2,0.2591674477224447,0.031142323907242236,1244
Draco,1,4,3,0.42582397907372155,0.36328122788061185,1243
Draco,2,2,3,0.42582397907372155,0.3146254918721582,1243
Draco,3,1,3,0.42582397907372155,0.28150274431729216,1243
Draco,4,3,3,0.42582397907372155,0.04059053592993623,1243
Draco,1,4,4,0.6106710528868171,0.37461108963732215,1243
Draco,2,2,4,0.6106710528868171,0.3153748054677091,1243
Draco,3,1,4,0.6106710528868171,0.2832582472653701,1243
Draco,4,3,4,0.6106710528868171,0.02675585762959719,1243
Draco,1,4,5,0.8791690901185738,0.3686375086840492,1243
Draco,2,2,5,0.8791690901185738,0.33437349777011904,1243
Draco,3,1,5,0.8791690901185738,0.26968850119483345,1243
Draco,4,3,5,0.8791690901185738,0.027300492350996734,1243
Draco,1,4,6,1.3925298765442267,0.3577867522938748,1244
Draco,2,2,6,1.3925298765442267,0.3354208816755128,1244
Draco,3,1,6,1.3925298765442267,0.28038025312708514,1244
Draco,4,3,6,1.3925298765442267,0.026412112903525627,1244
Draco,1,4,7,2.606458841711515,0.3633399048509314,1243
Draco,2,2,7,2.606458841711515,0.3158247802209101,1243
Draco,3,1,7,2.606458841711515,0.2841315511164768,1243
Draco,4,3,7,2.606458841711515,0.03670376381168031,1243
Draco,1,4,8,5.902583146240459,0.36869900353049573,1243
Draco,2,2,8,5.902583146240459,0.33403006066245244,1243
Draco,3,1,8,5.902583146240459,0.2586033121210533,1243
Draco,4,3,8,5.902583146240459,0.03866762368599722,1243
Draco,1,4,9,15.97366091832119,0.352313779989034,1243
Draco,2,2,9,15.97366091832119,0.32833234214928664,1243
Draco,3,1,9,15.97366091832119,0.26482745007602665,1243
Draco,4,3,9,15.97366091832119,0.054526427785651074,1243
Draco,1,4,10,86.15809024637022,0.341997951437427,1244
Draco,2,2,10,86.15809024637022,0.3528551970985695,1244
Draco,3,1,10,86.15809024637022,0.23987052381838234,1244
Draco,4,3,10,86.15809024637022,0.06527632764561972,1244
Randy,1,4,1,0.06353040175208391,0.09970631129257201,837
Randy,2,3,1,0.06353040175208391,0.33837965892592936,837
Randy,3,1,1,0.06353040175208391,0.2490643229429534,837
Randy,4,2,1,0.06353040175208391,0.3128497068385451,837
Randy,1,4,2,0.1558428458368736,0.06461226847978321,835
Randy,2,3,2,0.1558428458368736,0.32863263923864255,835
Randy,3,1,2,0.1558428458368736,0.2555375271883175,835
Randy,4,2,2,0.1558428458368736,0.3512175650932568,835
Randy,1,4,3,0.23760013372325672,0.08178651860871473,839
Randy,2,3,3,0.23760013372325672,0.299175818154457,839
Randy,3,1,3,0.23760013372325672,0.22407114275910844,839
Randy,4,2,3,0.23760013372325672,0.3949665204777196,839
Randy,1,4,4,0.4286626236282815,0.06844669979181828,836
Randy,2,3,4,0.4286626236282815,0.3029548521489556,836
Randy,3,1,4,0.4286626236282815,0.2347217735335021,836
Randy,4,2,4,0.4286626236282815,0.3938766745257241,836
Randy,1,4,5,0.6877498562982878,0.05814710076661671,837
Randy,2,3,5,0.6877498562982878,0.28154586590990904,837
Randy,3,1,5,0.6877498562982878,0.22274039436864676,837
Randy,4,2,5,0.6877498562982878,0.43756663895482734,837
Randy,1,4,6,1.0755988594642987,0.0478182801329226,837
Randy,2,3,6,1.0755988594642987,0.2758000152219802,837
Randy,3,1,6,1.0755988594642987,0.22043949783648953,837
Randy,4,2,6,1.0755988594642987,0.4559422068086076,837
Randy,1,4,7,1.8537679834824308,0.0857781108514416,836
Randy,2,3,7,1.8537679834824308,0.255087541822971,836
Randy,3,1,7,1.8537679834824308,0.20092104792666085,836
Randy,4,2,7,1.8537679834824308,0.45821329939892624,836
Randy,1,4,8,3.732328888947315,0.08230081741173714,837
Randy,2,3,8,3.732328888947315,0.30212686586687343,837
Randy,3,1,8,3.732328888947315,0.2260687238898139,837
Randy,4,2,8,3.732328888947315,0.3895035928315755,837
Randy,1,4,9,8.545309067427404,0.10995363233856019,837
Randy,2,3,9,8.545309067427404,0.32863371950513,837
Randy,3,1,9,8.545309067427404,0.23988023852571078,837
Randy,4,2,9,8.545309067427404,0.3215324096305989,837
Randy,1,4,10,58.67328696037604,0.2482146261276601,837
Randy,2,3,10,58.67328696037604,0.3275914821107141,837
Randy,3,1,10,58.67328696037604,0.23583871468576234,837
Randy,4,2,10,58.67328696037604,0.18835517707586327,837
Remy,1,4,1,0.21306108767116214,0.05206340973677539,2347
Remy,2,2,1,0.21306108767116214,0.349085378956649,2347
Remy,3,3,1,0.21306108767116214,0.19760109620726896,2347
Remy,4,1,1,0.21306108767116214,0.40125011509930814,2347
Remy,1,4,2,0.5079080636652515,0.062145565508660086,2346
Remy,2,2,2,0.5079080636652515,0.32966006107387774,2346
Remy,3,3,2,0.5079080636652515,0.19884393885428564,2346
Remy,4,1,2,0.5079080636652515,0.4093504345631779,2346
Remy,1,4,3,0.7790614287557075,0.07328065506626887,2346
Remy,2,2,3,0.7790614287557075,0.32248022214398486,2346
Remy,3,3,3,0.7790614287557075,0.22181352753926922,2346
Remy,4,1,3,0.7790614287557075,0.38242559525047826,2346
Remy,1,4,4,1.1766934891777374,0.10315496878786796,2346
Remy,2,2,4,1.1766934891777374,0.31402781636948546,2346
Remy,3,3,4,1.1766934891777374,0.2779836111524377,2346
Remy,4,1,4,1.1766934891777374,0.30483360369021,2346
Remy,1,4,5,1.747229370987891,0.12578310151234504,2345
Remy,2,2,5,1.747229370987891,0.3034372935813453,2345
Remy,3,3,5,1.747229370987891,0.3134909874264833,2345
Remy,4,1,5,1.747229370987891,0.2572886174798273,2345
Remy,1,4,6,2.5160219590031443,0.13887295469677377,2347
Remy,2,2,6,2.5160219590031443,0.3016578285278117,2347
Remy,3,3,6,2.5160219590031443,0.33229322814844525,2347
Remy,4,1,6,2.5160219590031443,0.22717598862697005,2347
Remy,1,4,7,3.568828097984497,0.15295271280755987,2346
Remy,2,2,7,3.568828097984497,0.2841273782035513,2346
Remy,3,3,7,3.568828097984497,0.3344282095525373,2346
Remy,4,1,7,3.568828097984497,0.2284916994363524,2346
Remy,1,4,8,5.14528123094008,0.17347703556121977,2346
Remy,2,2,8,5.14528123094008,0.27073499169079657,2346
Remy,3,3,8,5.14528123094008,0.33198030121121314,2346
Remy,4,1,8,5.14528123094008,0.2238076715367714,2346
Remy,1,4,9,8.245726606744496,0.19277417705803876,2346
Remy,2,2,9,8.245726606744496,0.27418254154814764,2346
Remy,3,3,9,8.245726606744496,0.3180305807815757,2346
Remy,4,1,9,8.245726606744496,0.21501270061223884,2346
Remy,1,4,10,27.58910786271547,0.1644907023703314,2347
Remy,2,2,10,27.58910786271547,0.3018708742118847,2347
Remy,3,3,10,27.58910786271547,0.276090955678753,2347
Remy,4,1,10,27.58910786271547,0.2575474677390318,2347
Rhea,1,3,1,0.17857923458705838,0.15533528631694257,1720
Rhea,2,4,1,0.17857923458705838,0.00356339274003937,1720
Rhea,3,2,1,0.17857923458705838,0.16182030561715788,1720
Rhea,4,1,1,0.17857923458705838,0.6792810153258608,1720
Rhea,1,3,2,0.553671872188536,0.16470871913600246,1718
Rhea,2,4,2,0.553671872188536,0.004715008323461929,1718
Rhea,3,2,2,0.553671872188536,0.14341079148341718,1718
Rhea,4,1,2,0.553671872188536,0.6871654810571194,1718
Rhea,1,3,3,0.9282024853445021,0.16674605589493516,1720
Rhea,2,4,3,0.9282024853445021,0.0023483080706339747,1720
Rhea,3,2,3,0.9282024853445021,0.1608401243333927,1720
Rhea,4,1,3,0.9282024853445021,0.6700655117010392,1720
Rhea,1,3,4,1.4506098013437807,0.1706305119587581,1719
Rhea,2,4,4,1.4506098013437807,0.007505872953860156,1719
Rhea,3,2,4,1.4506098013437807,0.1831463030948211,1719
Rhea,4,1,4,1.4506098013437807,0.6387173119925615,1719
Rhea,1,3,5,2.2436881383274527,0.16868358356287966,1719
Rhea,2,4,5,2.2436881383274527,0.0079864415675052,1719
Rhea,3,2,5,2.2436881383274527,0.19592940758981325,1719
Rhea,4,1,5,2.2436881383274527,0.6274005672798028,1719
Rhea,1,3,6,3.3270809536186925,0.18139207714796327,1720
Rhea,2,4,6,3.3270809536186925,0.006485271179128918,1720
Rhea,3,2,6,3.3270809536186925,0.19645464312779237,1720
Rhea,4,1,6,3.3270809536186925,0.6156680085451162,1720
Rhea,1,3,7,4.86421751775275,0.16974025287582206,1719
Rhea,2,4,7,4.86421751775275,0.006876858426282436,1719
Rhea,3,2,7,4.86421751775275,0.24950328475565425,1719
Rhea,4,1,7,4.86421751775275,0.573879603942242,1719
Rhea,1,3,8,7.3715886010693366,0.1974748286948884,1719
Rhea,2,4,8,7.3715886010693366,0.012620068093848462,1719
Rhea,3,2,8,7.3715886010693366,0.2410415337738867,1719
Rhea,4,1,8,7.3715886010693366,0.5488635694373772,1719
Rhea,1,3,9,12.602304154910154,0.21018223309927356,1719
Rhea,2,4,9,12.602304154910154,0.01217797025451135,1719
Rhea,3,2,9,12.602304154910154,0.27662523160304575,1719
Rhea,4,1,9,12.602304154910154,0.5010145650431701,1719
Rhea,1,3,10,52.40736217331469,0.20667021179420264,1720
Rhea,2,4,10,52.40736217331469,0.023238448795414566,1720
Rhea,3,2,10,52.40736217331469,0.28174891233366794,1720
Rhea,4,1,10,52.40736217331469,0.48834242707671566,1720
Robert,1,3,1,0.07815106903798609,0.0336346190932427,1865
Robert,2,2,1,0.07815106903798609,0.38403113491273694,1865
Robert,3,1,1,0.07815106903798609,0.5778985226058057,1865
Robert,4,4,1,0.07815106903798609,0.004435723388213509,1865
Robert,1,3,2,0.23120566254817368,0.0298168649118696,1865
Robert,2,2,2,0.23120566254817368,0.3250360044168222,1865
Robert,3,1,2,0.23120566254817368,0.6413192552213924,1865
Robert,4,4,2,0.23120566254817368,0.003827875449914811,1865
Robert,1,3,3,0.3905657480624606,0.03443676713392062,1864
Robert,2,2,3,0.3905657480624606,0.3425077155404354,1864
Robert,3,1,3,0.3905657480624606,0.6195500214173396,1864
Robert,4,4,3,0.3905657480624606,0.003505495908303301,1864
Robert,1,3,4,0.5968930755677605,0.04906361425502365,1865
Robert,2,2,4,0.5968930755677605,0.33279996139205126,1865
Robert,3,1,4,0.5968930755677605,0.6130638046112841,1865
Robert,4,4,4,0.5968930755677605,0.005072619741639799,1865
Robert,1,3,5,0.9395205391694943,0.06511754456296077,1864
Robert,2,2,5,0.9395205391694943,0.3308825424506233,1864
Robert,3,1,5,0.9395205391694943,0.5963494549501456,1864
Robert,4,4,5,0.9395205391694943,0.007650458036269534,1864
Robert,1,3,6,1.5468925354061793,0.06644510217960586,1865
Robert,2,2,6,1.5468925354061793,0.3327256178811291,1865
Robert,3,1,6,1.5468925354061793,0.5924924296978058,1865
Robert,4,4,6,1.5468925354061793,0.008336850241458343,1865
Robert,1,3,7,2.5948994249312918,0.07122210106511344,1865
Robert,2,2,7,2.5948994249312918,0.37577983071173565,1865
Robert,3,1,7,2.5948994249312918,0.541397396324827,1865
Robert,4,4,7,2.5948994249312918,0.011600671898323176,1865
Robert,1,3,8,4.477160201226219,0.11512444140973897,1864
Robert,2,2,8,4.477160201226219,0.4063134883430548,1864
Robert,3,1,8,4.477160201226219,0.46683177093171496,1864
Robert,4,4,8,4.477160201226219,0.0117302993154904,1864
Robert,1,3,9,8.946431275261794,0.16963688130407142,1865
Robert,2,2,9,8.946431275261794,0.46936268618193105,1865
Robert,3,1,9,8.946431275261794,0.34716120651119414,1865
Robert,4,4,9,8.946431275261794,0.013839226002802385,1865
Robert,1,3,10,44.344189975869135,0.24653030681299096,1865
Robert,2,2,10,44.344189975869135,0.49443639127908245,1865
Robert,3,1,10,44.344189975869135,0.24456197754163608,1865
Robert,4,4,10,44.344189975869135,0.014471324366289154,1865
Ron,1,3,1,0.07781267926219011,0.16271625252089683,1067
Ron,2,1,1,0.07781267926219011,0.421300808507672,1067
Ron,3,2,1,0.07781267926219011,0.39221517338641204,1067
Ron,4,4,1,0.07781267926219011,0.023767765585020768,1067
Ron,1,3,2,0.14372994040510004,0.10208606668388044,1066
Ron,2,1,2,0.14372994040510004,0.5143584347879921,1066
Ron,3,2,2,0.14372994040510004,0.36332464023360195,1066
Ron,4,4,2,0.14372994040510004,0.02023085829452714,1066
Ron,1,3,3,0.18781149298903496,0.09700739523214731,1066
Ron,2,1,3,0.18781149298903496,0.47528775145671837,1066
Ron,3,2,3,0.18781149298903496,0.40568371709505874,1066
Ron,4,4,3,0.18781149298903496,0.022021136216077448,1066
Ron,1,3,4,0.2516759312977039,0.10033067695397688,1066
Ron,2,1,4,0.2516759312977039,0.3799796163891325,1066
Ron,3,2,4,0.2516759312977039,0.49723889495182966,1066
Ron,4,4,4,0.2516759312977039,0.02245081170506418,1066
Ron,1,3,5,0.374414022732985,0.15073727691302571,1065
Ron,2,1,5,0.374414022732985,0.4141983916693169,1065
Ron,3,2,5,0.374414022732985,0.41771145655310926,1065
Ron,4,4,5,0.374414022732985,0.017352874864549808,1065
Ron,1,3,6,0.6465034795000032,0.2084639926901119,1068
Ron,2,1,6,0.6465034795000032,0.36540265959187285,1068
Ron,3,2,6,0.6465034795000032,0.40026665397011485,1068
Ron,4,4,6,0.6465034795000032,0.025866693747901896,1068
Ron,1,3,7,1.2577000170431172,0.21969224642734084,1066
Ron,2,1,7,1.2577000170431172,0.3822907702178751,1066
Ron,3,2,7,1.2577000170431172,0.3728703964693093,1066
Ron,4,4,7,1.2577000170431172,0.02514658688547614,1066
Ron,1,3,8,2.9062138062504705,0.25438182372509816,1066
Ron,2,1,8,2.9062138062504705,0.35122800485101385,1066
Ron,3,2,8,2.9062138062504705,0.3704463747794265,1066
Ron,4,4,8,2.9062138062504705,0.023943796644463,1066
Ron,1,3,9,7.165422676435639,0.29478243861105086,1066
Ron,2,1,9,7.165422676435639,0.31719577662056275,1066
Ron,3,2,9,7.165422676435639,0.3629284546267053,1066
Ron,4,4,9,7.165422676435639,0.0250933301416823,1066
Ron,1,3,10,38.83395307176089,0.229062192575588,1067
Ron,2,1,10,38.83395307176089,0.3221661560674293,1067
Ron,3,2,10,38.83395307176089,0.42050728268637755,1067
Ron,4,4,10,38.83395307176089,0.028264368670606468,1067
Rudy,1,1,1,0.07645552267678841,0.23906582783211508,2090
Rudy,2,4,1,0.07645552267678841,0.09963724445074246,2090
Rudy,3,2,1,0.07645552267678841,0.3450836639069598,2090
Rudy,4,3,1,0.07645552267678841,0.31621326381018233,2090
Rudy,1,1,2,0.2657222207795139,0.23798682933190976,2089
Rudy,2,4,2,0.2657222207795139,0.10949883762736644,2089
Rudy,3,2,2,0.2657222207795139,0.34117942131609796,2089
Rudy,4,3,2,0.2657222207795139,0.31133491172462546,2089
Rudy,1,1,3,0.5179219528208437,0.20513146419500636,2088
Rudy,2,4,3,0.5179219528208437,0.08868894352085734,2088
Rudy,3,2,3,0.5179219528208437,0.3875267470482609,2088
Rudy,4,3,3,0.5179219528208437,0.31865284523587467,2088
Rudy,1,1,4,0.7842507368726352,0.2100488763243603,2091
Rudy,2,4,4,0.7842507368726352,0.09744035795114173,2091
Rudy,3,2,4,0.7842507368726352,0.3981941769792336,2091
Rudy,4,3,4,0.7842507368726352,0.2943165887452638,2091
Rudy,1,1,5,1.1675198730933216,0.21950912873667847,2089
Rudy,2,4,5,1.1675198730933216,0.09542092260951555,2089
Rudy,3,2,5,1.1675198730933216,0.4048989983977081,2089
Rudy,4,3,5,1.1675198730933216,0.28017095025609723,2089
Rudy,1,1,6,1.8169810667802169,0.22262269769467,2090
Rudy,2,4,6,1.8169810667802169,0.11065616046600286,2090
Rudy,3,2,6,1.8169810667802169,0.3909221870654855,2090
Rudy,4,3,6,1.8169810667802169,0.27579895477384114,2090
Rudy,1,1,7,2.9738609881662126,0.21391547474114725,2089
Rudy,2,4,7,2.9738609881662126,0.1498384873400193,2089
Rudy,3,2,7,2.9738609881662126,0.351065953407937,2089
Rudy,4,3,7,2.9738609881662126,0.28518008451089594,2089
Rudy,1,1,8,5.013110680141898,0.1911325987479763,2090
Rudy,2,4,8,5.013110680141898,0.17791771570705858,2090
Rudy,3,2,8,5.013110680141898,0.332819513625062,2090
Rudy,4,3,8,5.013110680141898,0.29813017191990254,2090
Rudy,1,1,9,9.157614202887299,0.2004401800005417,2089
Rudy,2,4,9,9.157614202887299,0.2490764972611235,2089
Rudy,3,2,9,9.157614202887299,0.24623534565717617,2089
Rudy,4,3,9,9.157614202887299,0.3042479770811583,2089
Rudy,1,1,10,33.076591980518096,0.22499925161848794,2090
Rudy,2,4,10,33.076591980518096,0.2649833983040728,2090
Rudy,3,2,10,33.076591980518096,0.2114288422661447,2090
Rudy,4,3,10,33.076591980518096,0.2985885078112943,2090
