rat,state,acc_rank,edge,pos,posterior,n_bouts
1029,1,3,start,1,0.11182670477458324,403
1029,1,3,start,2,0.11625666201147496,403
1029,1,3,start,3,0.12268709880015266,403
1029,1,3,start,4,0.11528210393993503,403
1029,1,3,start,5,0.1136340541111397,403
1029,1,3,start,6,0.11053469854472046,403
1029,1,3,start,7,0.10308785962222153,403
1029,1,3,start,8,0.10572349126381159,403
1029,1,3,start,9,0.11126736375222206,403
1029,1,3,start,10,0.11536210584466462,403
1029,1,3,end,1,0.13165880494954754,403
1029,1,3,end,2,0.12742364475459686,403
1029,1,3,end,3,0.13312538164531793,403
1029,1,3,end,4,0.12573027647701174,403
1029,1,3,end,5,0.12830908873648755,403
1029,1,3,end,6,0.12987897984378174,403
1029,1,3,end,7,0.1358238430462201,403
1029,1,3,end,8,0.1341599699528481,403
1029,1,3,end,9,0.13000832103399482,403
1029,1,3,end,10,0.12577465235003624,403
1029,2,2,start,1,0.338325444664219,403
1029,2,2,start,2,0.35045037334206,403
1029,2,2,start,3,0.35109037990299075,403
1029,2,2,start,4,0.34644288172432985,403
1029,2,2,start,5,0.34390453661555337,403
1029,2,2,start,6,0.3530038680333498,403
1029,2,2,start,7,0.3426003532491168,403
1029,2,2,start,8,0.33625951157822753,403
1029,2,2,start,9,0.3331071098526094,403
1029,2,2,start,10,0.3209139893044345,403
1029,2,2,end,1,0.3420785320987638,403
1029,2,2,end,2,0.34025714893291625,403
1029,2,2,end,3,0.34951910665450264,403
1029,2,2,end,4,0.3424772000890838,403
1029,2,2,end,5,0.3297356461982238,403
1029,2,2,end,6,0.30840596162139033,403
1029,2,2,end,7,0.32698925054769307,403
1029,2,2,end,8,0.3331494336966914,403
1029,2,2,end,9,0.3191227188424247,403
1029,2,2,end,10,0.31607533473319177,403
1029,3,4,start,1,0.3044512008261502,403
1029,3,4,start,2,0.28376380517342464,403
1029,3,4,start,3,0.2708378195728541,403
1029,3,4,start,4,0.2737547218159526,403
1029,3,4,start,5,0.26892294379374115,403
1029,3,4,start,6,0.254960200015359,403
1029,3,4,start,7,0.2633184365745184,403
1029,3,4,start,8,0.2599569418778834,403
1029,3,4,start,9,0.2555600889686795,403
1029,3,4,start,10,0.255423708964206,403
1029,3,4,end,1,0.31645301248534985,403
1029,3,4,end,2,0.3119896854017054,403
1029,3,4,end,3,0.28666079477916595,403
1029,3,4,end,4,0.29290618761971954,403
1029,3,4,end,5,0.29331346141205566,403
1029,3,4,end,6,0.30648019686678857,403
1029,3,4,end,7,0.270453911869759,403
1029,3,4,end,8,0.2549295856664069,403
1029,3,4,end,9,0.2662588911961462,403
1029,3,4,end,10,0.26693357652945954,403
1029,4,1,start,1,0.24539664973504766,403
1029,4,1,start,2,0.24952915947304036,403
1029,4,1,start,3,0.2553847017240022,403
1029,4,1,start,4,0.26452029251978265,403
1029,4,1,start,5,0.27353846547956573,403
1029,4,1,start,6,0.28150123340657124,403
1029,4,1,start,7,0.29099335055414305,403
1029,4,1,start,8,0.2980600552800773,403
1029,4,1,start,9,0.3000654374264891,403
1029,4,1,start,10,0.3083001958866951,403
1029,4,1,end,1,0.20980965046633845,403
1029,4,1,end,2,0.22032952091078123,403
1029,4,1,end,3,0.23069471692101345,403
1029,4,1,end,4,0.23888633581418472,403
1029,4,1,end,5,0.24864180365323274,403
1029,4,1,end,6,0.25523486166803944,403
1029,4,1,end,7,0.26673299453632826,403
1029,4,1,end,8,0.27776101068405346,403
1029,4,1,end,9,0.28461006892743396,403
1029,4,1,end,10,0.29121643638731226,403
1052,1,4,start,1,0.06799770974454163,1015
1052,1,4,start,2,0.07061478517460572,1015
1052,1,4,start,3,0.07320043646255864,1015
1052,1,4,start,4,0.0737962950080529,1015
1052,1,4,start,5,0.07343331567413744,1015
1052,1,4,start,6,0.07312590097223619,1015
1052,1,4,start,7,0.07281940745976655,1015
1052,1,4,start,8,0.0721723769985618,1015
1052,1,4,start,9,0.07160716684511671,1015
1052,1,4,start,10,0.07233489563564464,1015
1052,1,4,end,1,0.06666488779145667,1015
1052,1,4,end,2,0.06521141508508063,1015
1052,1,4,end,3,0.06648713495848778,1015
1052,1,4,end,4,0.06739551355221877,1015
1052,1,4,end,5,0.06739387249949606,1015
1052,1,4,end,6,0.06771386790568498,1015
1052,1,4,end,7,0.06870783684392782,1015
1052,1,4,end,8,0.0704295790520581,1015
1052,1,4,end,9,0.07030793600408301,1015
1052,1,4,end,10,0.06996477536515021,1015
1052,2,1,start,1,0.4045889790666592,1015
1052,2,1,start,2,0.39397351054158336,1015
1052,2,1,start,3,0.3854886041422638,1015
1052,2,1,start,4,0.38327570965540947,1015
1052,2,1,start,5,0.37685904624368927,1015
1052,2,1,start,6,0.36936964091310465,1015
1052,2,1,start,7,0.36912102683913867,1015
1052,2,1,start,8,0.37256903606661196,1015
1052,2,1,start,9,0.37296931644914383,1015
1052,2,1,start,10,0.36752286906890236,1015
1052,2,1,end,1,0.42564278935417343,1015
1052,2,1,end,2,0.41693059695577317,1015
1052,2,1,end,3,0.417962622199186,1015
1052,2,1,end,4,0.41890682877458146,1015
1052,2,1,end,5,0.4180139696434268,1015
1052,2,1,end,6,0.41905018699326413,1015
1052,2,1,end,7,0.4207220852578396,1015
1052,2,1,end,8,0.4143871610251331,1015
1052,2,1,end,9,0.4069357093964612,1015
1052,2,1,end,10,0.4040291135882153,1015
1052,3,3,start,1,0.13408898943170106,1015
1052,3,3,start,2,0.13400144786115337,1015
1052,3,3,start,3,0.13683914066950764,1015
1052,3,3,start,4,0.1363291898277143,1015
1052,3,3,start,5,0.13980952600892302,1015
1052,3,3,start,6,0.14347316738356491,1015
1052,3,3,start,7,0.1490855867364727,1015
1052,3,3,start,8,0.15115235930853296,1015
1052,3,3,start,9,0.15211821959168648,1015
1052,3,3,start,10,0.15975125895907652,1015
1052,3,3,end,1,0.150887355172089,1015
1052,3,3,end,2,0.1753042283787488,1015
1052,3,3,end,3,0.17947999116675076,1015
1052,3,3,end,4,0.18122476615465447,1015
1052,3,3,end,5,0.18727985531747862,1015
1052,3,3,end,6,0.1915979937783262,1015
1052,3,3,end,7,0.1879164945400701,1015
1052,3,3,end,8,0.19600356170283215,1015
1052,3,3,end,9,0.20230792933791764,1015
1052,3,3,end,10,0.20352138964316152,1015
1052,4,2,start,1,0.3933243217570972,1015
1052,4,2,start,2,0.40141025642265765,1015
1052,4,2,start,3,0.40447181872567023,1015
1052,4,2,start,4,0.40659880550882305,1015
1052,4,2,start,5,0.4098981120732496,1015
1052,4,2,start,6,0.41403129073109335,1015
1052,4,2,start,7,0.40897397896462273,1015
1052,4,2,start,8,0.4041062276262933,1015
1052,4,2,start,9,0.40330529711405255,1015
1052,4,2,start,10,0.4003909763363765,1015
1052,4,2,end,1,0.3568049676822808,1015
1052,4,2,end,2,0.34255375958039747,1015
1052,4,2,end,3,0.3360702516755755,1015
1052,4,2,end,4,0.3324728915185441,1015
1052,4,2,end,5,0.32731230253959775,1015
1052,4,2,end,6,0.32163795132272394,1015
1052,4,2,end,7,0.32265358335816213,1015
1052,4,2,end,8,0.31917969821997655,1015
1052,4,2,end,9,0.32044842526153766,1015
1052,4,2,end,10,0.32248472140347273,1015
1054,1,3,start,1,0.4448013705580289,722
1054,1,3,start,2,0.43932692625237935,722
1054,1,3,start,3,0.4379573812338674,722
1054,1,3,start,4,0.43685217153618083,722
1054,1,3,start,5,0.43155383736646136,722
1054,1,3,start,6,0.42534719859428816,722
1054,1,3,start,7,0.4206064258646422,722
1054,1,3,start,8,0.41036678344773175,722
1054,1,3,start,9,0.4173102625419812,722
1054,1,3,start,10,0.41986913529107095,722
1054,1,3,end,1,0.43065705027434126,722
1054,1,3,end,2,0.4022890051090885,722
1054,1,3,end,3,0.43130855885998737,722
1054,1,3,end,4,0.4229223098214888,722
1054,1,3,end,5,0.4160566626886328,722
1054,1,3,end,6,0.40446706618729344,722
1054,1,3,end,7,0.40787116305275734,722
1054,1,3,end,8,0.41813885335467105,722
1054,1,3,end,9,0.41700262325499765,722
1054,1,3,end,10,0.41837468376990933,722
1054,2,4,start,1,0.008137828028783389,722
1054,2,4,start,2,0.008141956970905828,722
1054,2,4,start,3,0.008293674385532407,722
1054,2,4,start,4,0.008530126972890085,722
1054,2,4,start,5,0.009514586921022116,722
1054,2,4,start,6,0.009064899082260143,722
1054,2,4,start,7,0.008513267751914999,722
1054,2,4,start,8,0.008393941026119971,722
1054,2,4,start,9,0.008389816476474705,722
1054,2,4,start,10,0.008450651385801478,722
1054,2,4,end,1,0.007837760398897567,722
1054,2,4,end,2,0.008224324051374706,722
1054,2,4,end,3,0.008099422679921812,722
1054,2,4,end,4,0.00814430924189569,722
1054,2,4,end,5,0.009247353715676246,722
1054,2,4,end,6,0.008684043411347408,722
1054,2,4,end,7,0.008360536110088003,722
1054,2,4,end,8,0.008429002567602149,722
1054,2,4,end,9,0.008170867323993842,722
1054,2,4,end,10,0.008363994680141523,722
1054,3,2,start,1,0.2782549088597861,722
1054,3,2,start,2,0.28269307583250436,722
1054,3,2,start,3,0.28339288500557913,722
1054,3,2,start,4,0.28683747330560344,722
1054,3,2,start,5,0.29024362518404184,722
1054,3,2,start,6,0.2930963051138017,722
1054,3,2,start,7,0.29866348149658534,722
1054,3,2,start,8,0.30486479074657835,722
1054,3,2,start,9,0.30968423769768494,722
1054,3,2,start,10,0.3133207372326062,722
1054,3,2,end,1,0.2794896282883817,722
1054,3,2,end,2,0.28467932554906783,722
1054,3,2,end,3,0.28768091374583116,722
1054,3,2,end,4,0.2894036817473747,722
1054,3,2,end,5,0.2918430176297731,722
1054,3,2,end,6,0.2973070646238481,722
1054,3,2,end,7,0.3012651208448267,722
1054,3,2,end,8,0.3022718752769248,722
1054,3,2,end,9,0.30145992132498356,722
1054,3,2,end,10,0.301854688046188,722
1054,4,1,start,1,0.26880589255340215,722
1054,4,1,start,2,0.26983804094421054,722
1054,4,1,start,3,0.2703560593750214,722
1054,4,1,start,4,0.26778022818532576,722
1054,4,1,start,5,0.26868795052847516,722
1054,4,1,start,6,0.27249159720964966,722
1054,4,1,start,7,0.27221682488685833,722
1054,4,1,start,8,0.2763744847795702,722
1054,4,1,start,9,0.26461568328385854,722
1054,4,1,start,10,0.2583594760905218,722
1054,4,1,end,1,0.2820155610383794,722
1054,4,1,end,2,0.30480734529046855,722
1054,4,1,end,3,0.27291110471425895,722
1054,4,1,end,4,0.27952969918924087,722
1054,4,1,end,5,0.2828529659659175,722
1054,4,1,end,6,0.2895418257775114,722
1054,4,1,end,7,0.28250317999232794,722
1054,4,1,end,8,0.2711602688008027,722
1054,4,1,end,9,0.27336658809602465,722
1054,4,1,end,10,0.2714066335037607,722
1059,1,4,start,1,0.06768560639513387,293
1059,1,4,start,2,0.06362713547637698,293
1059,1,4,start,3,0.0606247543716294,293
1059,1,4,start,4,0.052085443065152705,293
1059,1,4,start,5,0.04699256014548444,293
1059,1,4,start,6,0.036301009947073117,293
1059,1,4,start,7,0.03307609504602703,293
1059,1,4,start,8,0.028970574597402203,293
1059,1,4,start,9,0.024062642914491953,293
1059,1,4,start,10,0.02714568587908305,293
1059,1,4,end,1,0.023219113898851118,293
1059,1,4,end,2,0.015694478784845804,293
1059,1,4,end,3,0.014132512487315138,293
1059,1,4,end,4,0.013436553783476243,293
1059,1,4,end,5,0.012276477370741286,293
1059,1,4,end,6,0.0146686392204392,293
1059,1,4,end,7,0.01812306043358664,293
1059,1,4,end,8,0.02085619716236798,293
1059,1,4,end,9,0.019090588642768917,293
1059,1,4,end,10,0.017606620356298834,293
1059,2,1,start,1,0.474658179493611,293
1059,2,1,start,2,0.47380792465696286,293
1059,2,1,start,3,0.478243523531358,293
1059,2,1,start,4,0.4811250531385439,293
1059,2,1,start,5,0.484607552546304,293
1059,2,1,start,6,0.4854633763266296,293
1059,2,1,start,7,0.4818541819959296,293
1059,2,1,start,8,0.4856843478965124,293
1059,2,1,start,9,0.487062065402345,293
1059,2,1,start,10,0.48630560384722876,293
1059,2,1,end,1,0.47130353418366994,293
1059,2,1,end,2,0.47318168237201474,293
1059,2,1,end,3,0.4799358768446981,293
1059,2,1,end,4,0.48355825929553836,293
1059,2,1,end,5,0.4828239680007402,293
1059,2,1,end,6,0.4767321989675,293
1059,2,1,end,7,0.4751111083693683,293
1059,2,1,end,8,0.47305678069393664,293
1059,2,1,end,9,0.47048882979085155,293
1059,2,1,end,10,0.4688313363791584,293
1059,3,2,start,1,0.19914268282513126,293
1059,3,2,start,2,0.1985504046378442,293
1059,3,2,start,3,0.20210811533396822,293
1059,3,2,start,4,0.21137294302316784,293
1059,3,2,start,5,0.22376512073982868,293
1059,3,2,start,6,0.23695491716164324,293
1059,3,2,start,7,0.25289294989493477,293
1059,3,2,start,8,0.265254236343612,293
1059,3,2,start,9,0.27866291423166156,293
1059,3,2,start,10,0.29107335246710475,293
1059,3,2,end,1,0.25308237398547373,293
1059,3,2,end,2,0.27762632571323054,293
1059,3,2,end,3,0.29420613305057985,293
1059,3,2,end,4,0.3054215869562183,293
1059,3,2,end,5,0.314401801228823,293
1059,3,2,end,6,0.32624556464263793,293
1059,3,2,end,7,0.33332476686974694,293
1059,3,2,end,8,0.3390939047038525,293
1059,3,2,end,9,0.34165727633093984,293
1059,3,2,end,10,0.3417686965165409,293
1059,4,3,start,1,0.2585135312861235,293
1059,4,3,start,2,0.2640145352288157,293
1059,4,3,start,3,0.25902360676304464,293
1059,4,3,start,4,0.25541656077313646,293
1059,4,3,start,5,0.24463476656838304,293
1059,4,3,start,6,0.24128069656465448,293
1059,4,3,start,7,0.2321767730631093,293
1059,4,3,start,8,0.2200908411624737,293
1059,4,3,start,9,0.210212377451502,293
1059,4,3,start,10,0.19547535780658362,293
1059,4,3,end,1,0.2523949779320053,293
1059,4,3,end,2,0.2334975131299089,293
1059,4,3,end,3,0.21172547761740731,293
1059,4,3,end,4,0.19758359996476715,293
1059,4,3,end,5,0.1904977533996959,293
1059,4,3,end,6,0.18235359716942273,293
1059,4,3,end,7,0.17344106432729844,293
1059,4,3,end,8,0.16699311743984255,293
1059,4,3,end,9,0.1687633052354405,293
1059,4,3,end,10,0.17179334674800148,293
1060,1,4,start,1,0.23990351679001265,849
1060,1,4,start,2,0.2244047753885988,849
1060,1,4,start,3,0.20406251427862748,849
1060,1,4,start,4,0.20010508440290356,849
1060,1,4,start,5,0.18921323573691562,849
1060,1,4,start,6,0.1756804346078458,849
1060,1,4,start,7,0.1632262027583004,849
1060,1,4,start,8,0.15654279816422026,849
1060,1,4,start,9,0.14786249748822952,849
1060,1,4,start,10,0.13570740526632996,849
1060,1,4,end,1,0.21723001261516764,849
1060,1,4,end,2,0.1801244627290789,849
1060,1,4,end,3,0.1662832952880785,849
1060,1,4,end,4,0.1583551611135871,849
1060,1,4,end,5,0.1538278143885667,849
1060,1,4,end,6,0.15191589733204974,849
1060,1,4,end,7,0.14947242743183786,849
1060,1,4,end,8,0.15070320702311088,849
1060,1,4,end,9,0.14962776883260595,849
1060,1,4,end,10,0.14485846038626757,849
1060,2,3,start,1,0.04421313608844083,849
1060,2,3,start,2,0.04401544640997144,849
1060,2,3,start,3,0.04749130620441115,849
1060,2,3,start,4,0.03765928040966306,849
1060,2,3,start,5,0.03244994338357042,849
1060,2,3,start,6,0.035561259934710855,849
1060,2,3,start,7,0.037862420722833225,849
1060,2,3,start,8,0.033562495536829946,849
1060,2,3,start,9,0.029732393602227035,849
1060,2,3,start,10,0.030895230056105928,849
1060,2,3,end,1,0.05317915345829284,849
1060,2,3,end,2,0.05341873043474866,849
1060,2,3,end,3,0.041971015539272766,849
1060,2,3,end,4,0.038115835176596544,849
1060,2,3,end,5,0.032993860217263186,849
1060,2,3,end,6,0.027997545816844962,849
1060,2,3,end,7,0.026457556380956305,849
1060,2,3,end,8,0.02442779638784449,849
1060,2,3,end,9,0.023555759776553366,849
1060,2,3,end,10,0.02482067714441917,849
1060,3,1,start,1,0.1618021003695485,849
1060,3,1,start,2,0.1678810811788155,849
1060,3,1,start,3,0.18210849182764652,849
1060,3,1,start,4,0.20494951037435413,849
1060,3,1,start,5,0.22917573568630625,849
1060,3,1,start,6,0.25878050654634593,849
1060,3,1,start,7,0.2794850202890662,849
1060,3,1,start,8,0.30339682901621595,849
1060,3,1,start,9,0.3260574179127518,849
1060,3,1,start,10,0.34243319646534137,849
1060,3,1,end,1,0.20157400099395625,849
1060,3,1,end,2,0.2748832757253455,849
1060,3,1,end,3,0.33266760296211006,849
1060,3,1,end,4,0.37557767481869336,849
1060,3,1,end,5,0.40383784374394177,849
1060,3,1,end,6,0.42204463558040806,849
1060,3,1,end,7,0.43418165429214894,849
1060,3,1,end,8,0.44431947648419967,849
1060,3,1,end,9,0.45589270604678567,849
1060,3,1,end,10,0.4631858047183402,849
1060,4,2,start,1,0.5540812467519983,849
1060,4,2,start,2,0.5636986970226147,849
1060,4,2,start,3,0.5663376876893141,849
1060,4,2,start,4,0.5572861248130797,849
1060,4,2,start,5,0.5491610851932074,849
1060,4,2,start,6,0.5299777989110973,849
1060,4,2,start,7,0.5194263562297994,849
1060,4,2,start,8,0.5064978772827335,849
1060,4,2,start,9,0.49634769099679193,849
1060,4,2,start,10,0.4909641682122222,849
1060,4,2,end,1,0.5280168329325836,849
1060,4,2,end,2,0.4915735311108274,849
1060,4,2,end,3,0.4590780862105387,849
1060,4,2,end,4,0.4279513288911232,849
1060,4,2,end,5,0.40934048165022857,849
1060,4,2,end,6,0.398041921270697,849
1060,4,2,end,7,0.3898883618950571,849
1060,4,2,end,8,0.3805495201048451,849
1060,4,2,end,9,0.3709237653440551,849
1060,4,2,end,10,0.36713505775097316,849
1062,1,4,start,1,0.13115648620797746,961
1062,1,4,start,2,0.12375962682180215,961
1062,1,4,start,3,0.11738536397083077,961
1062,1,4,start,4,0.11322164084296912,961
1062,1,4,start,5,0.10377770039974818,961
1062,1,4,start,6,0.10129290546139817,961
1062,1,4,start,7,0.09562928229725537,961
1062,1,4,start,8,0.09479799216229422,961
1062,1,4,start,9,0.0937127216311437,961
1062,1,4,start,10,0.08475799972101809,961
1062,1,4,end,1,0.1381279844274437,961
1062,1,4,end,2,0.12908935559110865,961
1062,1,4,end,3,0.12174149998619535,961
1062,1,4,end,4,0.11077423857471654,961
1062,1,4,end,5,0.10277935399576654,961
1062,1,4,end,6,0.09508241582675887,961
1062,1,4,end,7,0.08899055064796138,961
1062,1,4,end,8,0.0874417248973409,961
1062,1,4,end,9,0.09082848653668736,961
1062,1,4,end,10,0.0901013103580651,961
1062,2,1,start,1,0.237154524920595,961
1062,2,1,start,2,0.22999696369954814,961
1062,2,1,start,3,0.23417170469629814,961
1062,2,1,start,4,0.24105119275769085,961
1062,2,1,start,5,0.2510427915355343,961
1062,2,1,start,6,0.2634932847372417,961
1062,2,1,start,7,0.2812468553830577,961
1062,2,1,start,8,0.2959960340276634,961
1062,2,1,start,9,0.31107883404380143,961
1062,2,1,start,10,0.3219718550182441,961
1062,2,1,end,1,0.2801414882795615,961
1062,2,1,end,2,0.29514990257547374,961
1062,2,1,end,3,0.3166936953360929,961
1062,2,1,end,4,0.3372825663092394,961
1062,2,1,end,5,0.35571438308745584,961
1062,2,1,end,6,0.3676411278158823,961
1062,2,1,end,7,0.3841482846572946,961
1062,2,1,end,8,0.39620056787456315,961
1062,2,1,end,9,0.4068994677563738,961
1062,2,1,end,10,0.41445644855150476,961
1062,3,3,start,1,0.12396498899342356,961
1062,3,3,start,2,0.1214043452378096,961
1062,3,3,start,3,0.12163291165946483,961
1062,3,3,start,4,0.12326062903539162,961
1062,3,3,start,5,0.12897405194306527,961
1062,3,3,start,6,0.14131323805022966,961
1062,3,3,start,7,0.1407844271726399,961
1062,3,3,start,8,0.14851740437802982,961
1062,3,3,start,9,0.15528637702031295,961
1062,3,3,start,10,0.16680751915546374,961
1062,3,3,end,1,0.1383849197391032,961
1062,3,3,end,2,0.16971137776089665,961
1062,3,3,end,3,0.1818033042248969,961
1062,3,3,end,4,0.1887259412774093,961
1062,3,3,end,5,0.19413528848667194,961
1062,3,3,end,6,0.2045157892585637,961
1062,3,3,end,7,0.20256251311759435,961
1062,3,3,end,8,0.19934952161411912,961
1062,3,3,end,9,0.19335691983353048,961
1062,3,3,end,10,0.18336976469259522,961
1062,4,2,start,1,0.5077239998780042,961
1062,4,2,start,2,0.52483906424084,961
1062,4,2,start,3,0.5268100196734063,961
1062,4,2,start,4,0.5224665373639473,961
1062,4,2,start,5,0.5162054561216513,961
1062,4,2,start,6,0.4939005717511309,961
1062,4,2,start,7,0.482339435147046,961
1062,4,2,start,8,0.4606885694320127,961
1062,4,2,start,9,0.43992206730474176,961
1062,4,2,start,10,0.42646262610527386,961
1062,4,2,end,1,0.4433456075538919,961
1062,4,2,end,2,0.40604936407252057,961
1062,4,2,end,3,0.3797615004528159,961
1062,4,2,end,4,0.3632172538386343,961
1062,4,2,end,5,0.3473709744301062,961
1062,4,2,end,6,0.33276066709879515,961
1062,4,2,end,7,0.32429865157714943,961
1062,4,2,end,8,0.31700818561397615,961
1062,4,2,end,9,0.30891512587340864,961
1062,4,2,end,10,0.3120724763978355,961
1064,1,4,start,1,0.08196689550909632,864
1064,1,4,start,2,0.08062661346810805,864
1064,1,4,start,3,0.07852200661494378,864
1064,1,4,start,4,0.07321543789912538,864
1064,1,4,start,5,0.07029956051946831,864
1064,1,4,start,6,0.06608174155845034,864
1064,1,4,start,7,0.06422923598936052,864
1064,1,4,start,8,0.06289280631503512,864
1064,1,4,start,9,0.06475138135220904,864
1064,1,4,start,10,0.06250350666878808,864
1064,1,4,end,1,0.09427093151774535,864
1064,1,4,end,2,0.08999548704431579,864
1064,1,4,end,3,0.08358030823894332,864
1064,1,4,end,4,0.07959164567606829,864
1064,1,4,end,5,0.07416607169455064,864
1064,1,4,end,6,0.06738797129137464,864
1064,1,4,end,7,0.06414863886517683,864
1064,1,4,end,8,0.06386828824342351,864
1064,1,4,end,9,0.06742921335965019,864
1064,1,4,end,10,0.06463344949970741,864
1064,2,3,start,1,0.4858132556259882,864
1064,2,3,start,2,0.47200534010102285,864
1064,2,3,start,3,0.4515880383586285,864
1064,2,3,start,4,0.43487439954684465,864
1064,2,3,start,5,0.41244871490129414,864
1064,2,3,start,6,0.3895088146446705,864
1064,2,3,start,7,0.3683304618630076,864
1064,2,3,start,8,0.3540053293274075,864
1064,2,3,start,9,0.33682266655240156,864
1064,2,3,start,10,0.32672153779178253,864
1064,2,3,end,1,0.449544772725049,864
1064,2,3,end,2,0.41958323426764543,864
1064,2,3,end,3,0.3878704060293953,864
1064,2,3,end,4,0.36298344512719066,864
1064,2,3,end,5,0.34994026377145254,864
1064,2,3,end,6,0.34339846285510556,864
1064,2,3,end,7,0.3343872300061604,864
1064,2,3,end,8,0.3254770472397691,864
1064,2,3,end,9,0.3146165001181539,864
1064,2,3,end,10,0.3083006885918967,864
1064,3,2,start,1,0.19148059964643235,864
1064,3,2,start,2,0.19513765375965933,864
1064,3,2,start,3,0.20391196214945406,864
1064,3,2,start,4,0.2129095654613403,864
1064,3,2,start,5,0.2244901512731272,864
1064,3,2,start,6,0.2376172985926902,864
1064,3,2,start,7,0.24883670492098448,864
1064,3,2,start,8,0.25616474095190656,864
1064,3,2,start,9,0.26350540518168464,864
1064,3,2,start,10,0.26875660224595455,864
1064,3,2,end,1,0.18943250177814525,864
1064,3,2,end,2,0.19724707419489945,864
1064,3,2,end,3,0.20886716066632527,864
1064,3,2,end,4,0.21837486061973585,864
1064,3,2,end,5,0.22488396636955799,864
1064,3,2,end,6,0.22966597001645214,864
1064,3,2,end,7,0.23388040127630916,864
1064,3,2,end,8,0.23836604710149167,864
1064,3,2,end,9,0.24108510255117835,864
1064,3,2,end,10,0.24552026711125552,864
1064,4,1,start,1,0.24073924921848294,864
1064,4,1,start,2,0.2522303926712104,864
1064,4,1,start,3,0.2659779928769736,864
1064,4,1,start,4,0.2790005970926898,864
1064,4,1,start,5,0.2927615733061105,864
1064,4,1,start,6,0.3067921452041888,864
1064,4,1,start,7,0.31860359722664694,864
1064,4,1,start,8,0.32693712340565056,864
1064,4,1,start,9,0.3349205469137045,864
1064,4,1,start,10,0.3420183532934747,864
1064,4,1,end,1,0.2667517939790601,864
1064,4,1,end,2,0.2931742044931389,864
1064,4,1,end,3,0.31968212506533644,864
1064,4,1,end,4,0.3390500485770047,864
1064,4,1,end,5,0.3510096981644384,864
1064,4,1,end,6,0.3595475958370678,864
1064,4,1,end,7,0.36758372985235394,864
1064,4,1,end,8,0.3722886174153159,864
1064,4,1,end,9,0.3768691839710173,864
1064,4,1,end,10,0.38154559479714034,864
1065,1,1,start,1,0.4754604279947434,506
1065,1,1,start,2,0.48980833378966715,506
1065,1,1,start,3,0.48520126062357494,506
1065,1,1,start,4,0.4777537113989171,506
1065,1,1,start,5,0.4662539306921613,506
1065,1,1,start,6,0.43751234076522477,506
1065,1,1,start,7,0.42483777356899144,506
1065,1,1,start,8,0.4228600390618072,506
1065,1,1,start,9,0.4204204371511477,506
1065,1,1,start,10,0.41678551323608803,506
1065,1,1,end,1,0.39660835330429,506
1065,1,1,end,2,0.3760964411836061,506
1065,1,1,end,3,0.3671445346989848,506
1065,1,1,end,4,0.36026119983964383,506
1065,1,1,end,5,0.3488624454854841,506
1065,1,1,end,6,0.3482312761303978,506
1065,1,1,end,7,0.3372549461810549,506
1065,1,1,end,8,0.33185377402327226,506
1065,1,1,end,9,0.3314913363526609,506
1065,1,1,end,10,0.33145946497604556,506
1065,2,2,start,1,0.25159638391335293,506
1065,2,2,start,2,0.2752417847529117,506
1065,2,2,start,3,0.29543038237747843,506
1065,2,2,start,4,0.31826692772663134,506
1065,2,2,start,5,0.33182398067053237,506
1065,2,2,start,6,0.3528903275101301,506
1065,2,2,start,7,0.36327324398914174,506
1065,2,2,start,8,0.3656019148067119,506
1065,2,2,start,9,0.37244428706808264,506
1065,2,2,start,10,0.3852576162700717,506
1065,2,2,end,1,0.2248973860843581,506
1065,2,2,end,2,0.2523587017806917,506
1065,2,2,end,3,0.2678131544777619,506
1065,2,2,end,4,0.2874371039002581,506
1065,2,2,end,5,0.3110737933674757,506
1065,2,2,end,6,0.3230734783406593,506
1065,2,2,end,7,0.3378389520290369,506
1065,2,2,end,8,0.3530506451348614,506
1065,2,2,end,9,0.35723646449642693,506
1065,2,2,end,10,0.3501219382249295,506
1065,3,3,start,1,0.11008081705521804,506
1065,3,3,start,2,0.10426070957928006,506
1065,3,3,start,3,0.10830942905744595,506
1065,3,3,start,4,0.11085744068657188,506
1065,3,3,start,5,0.11363315331063029,506
1065,3,3,start,6,0.11763653086288064,506
1065,3,3,start,7,0.1185491021284653,506
1065,3,3,start,8,0.12077788527864987,506
1065,3,3,start,9,0.11621281716902247,506
1065,3,3,start,10,0.11080157177774635,506
1065,3,3,end,1,0.12879651762520117,506
1065,3,3,end,2,0.12091192834055652,506
1065,3,3,end,3,0.13710176514602482,506
1065,3,3,end,4,0.15866175743224303,506
1065,3,3,end,5,0.16760962561697715,506
1065,3,3,end,6,0.1733873857532714,506
1065,3,3,end,7,0.17173911264257563,506
1065,3,3,end,8,0.17320435829260122,506
1065,3,3,end,9,0.17651964039319512,506
1065,3,3,end,10,0.18978260180912734,506
1065,4,4,start,1,0.16286237103668538,506
1065,4,4,start,2,0.13068917187814116,506
1065,4,4,start,3,0.11105892794150084,506
1065,4,4,start,4,0.09312192018787971,506
1065,4,4,start,5,0.0882889353266764,506
1065,4,4,start,6,0.09196080086176431,506
1065,4,4,start,7,0.09333988031340176,506
1065,4,4,start,8,0.0907601608528315,506
1065,4,4,start,9,0.09092245861174755,506
1065,4,4,start,10,0.08715529871609412,506
1065,4,4,end,1,0.24969774298615025,506
1065,4,4,end,2,0.2506329286951455,506
1065,4,4,end,3,0.22794054567722788,506
1065,4,4,end,4,0.19363993882785516,506
1065,4,4,end,5,0.17245413553006303,506
1065,4,4,end,6,0.15530785977567124,506
1065,4,4,end,7,0.15316698914733204,506
1065,4,4,end,8,0.1418912225492648,506
1065,4,4,end,9,0.13475255875771694,506
1065,4,4,end,10,0.12863599498989786,506
1072,1,3,start,1,0.1432866801968635,724
1072,1,3,start,2,0.13800659750002928,724
1072,1,3,start,3,0.13313529354524226,724
1072,1,3,start,4,0.1280751955996323,724
1072,1,3,start,5,0.12333152702604767,724
1072,1,3,start,6,0.12052666503694014,724
1072,1,3,start,7,0.11832715712729096,724
1072,1,3,start,8,0.11558509343479627,724
1072,1,3,start,9,0.1130962405446991,724
1072,1,3,start,10,0.10642543126681611,724
1072,1,3,end,1,0.16058965803454486,724
1072,1,3,end,2,0.1503010669067836,724
1072,1,3,end,3,0.13803633586343014,724
1072,1,3,end,4,0.12704445397371475,724
1072,1,3,end,5,0.11632120122606139,724
1072,1,3,end,6,0.11128649029746397,724
1072,1,3,end,7,0.10615477798533679,724
1072,1,3,end,8,0.10373574417565427,724
1072,1,3,end,9,0.10247363660090633,724
1072,1,3,end,10,0.09981516954057568,724
1072,2,1,start,1,0.28841570005365863,724
1072,2,1,start,2,0.30352952076217826,724
1072,2,1,start,3,0.3188170071413392,724
1072,2,1,start,4,0.3348035232266337,724
1072,2,1,start,5,0.35914610213568526,724
1072,2,1,start,6,0.3866281926337501,724
1072,2,1,start,7,0.40044277640435527,724
1072,2,1,start,8,0.43196307779855975,724
1072,2,1,start,9,0.4480569345652538,724
1072,2,1,start,10,0.46677208539904425,724
1072,2,1,end,1,0.2978439221047786,724
1072,2,1,end,2,0.34650192994039664,724
1072,2,1,end,3,0.3950229508111863,724
1072,2,1,end,4,0.43110246374857825,724
1072,2,1,end,5,0.458831907463542,724
1072,2,1,end,6,0.47614484489794645,724
1072,2,1,end,7,0.4871873167063935,724
1072,2,1,end,8,0.49363584520847226,724
1072,2,1,end,9,0.5011810340569153,724
1072,2,1,end,10,0.49985958137094283,724
1072,3,4,start,1,0.04525331096721513,724
1072,3,4,start,2,0.04338351857852322,724
1072,3,4,start,3,0.05117890510746741,724
1072,3,4,start,4,0.06515302881295565,724
1072,3,4,start,5,0.060657132468396005,724
1072,3,4,start,6,0.06191816834861272,724
1072,3,4,start,7,0.07175787407773039,724
1072,3,4,start,8,0.06527980268208712,724
1072,3,4,start,9,0.0723423445347271,724
1072,3,4,start,10,0.07620487791952758,724
1072,3,4,end,1,0.0550238672041655,724
1072,3,4,end,2,0.061664577980004555,724
1072,3,4,end,3,0.05506233599691619,724
1072,3,4,end,4,0.05140930037698006,724
1072,3,4,end,5,0.057572358465246457,724
1072,3,4,end,6,0.05708875194726568,724
1072,3,4,end,7,0.05817927024671469,724
1072,3,4,end,8,0.05854610975614017,724
1072,3,4,end,9,0.05942425925668223,724
1072,3,4,end,10,0.0648573048636368,724
1072,4,2,start,1,0.5230443087822623,724
1072,4,2,start,2,0.5150803631592688,724
1072,4,2,start,3,0.4968687942059508,724
1072,4,2,start,4,0.47196825236077816,724
1072,4,2,start,5,0.4568652383698719,724
1072,4,2,start,6,0.4309269739806969,724
1072,4,2,start,7,0.4094721923906229,724
1072,4,2,start,8,0.3871720260845567,724
1072,4,2,start,9,0.3665044803553199,724
1072,4,2,start,10,0.3505976054146126,724
1072,4,2,end,1,0.48654255265651103,724
1072,4,2,end,2,0.441532425172815,724
1072,4,2,end,3,0.41187837732846716,724
1072,4,2,end,4,0.39044378190072665,724
1072,4,2,end,5,0.36727453284515016,724
1072,4,2,end,6,0.35547991285732444,724
1072,4,2,end,7,0.3484786350615551,724
1072,4,2,end,8,0.34408230085973335,724
1072,4,2,end,9,0.33692107008549654,724
1072,4,2,end,10,0.3354679442248457,724
Denna,1,1,start,1,0.45802288149231984,71
Denna,1,1,start,2,0.4817678743086196,71
Denna,1,1,start,3,0.49759098248064665,71
Denna,1,1,start,4,0.5033705432591408,71
Denna,1,1,start,5,0.5004050421235466,71
Denna,1,1,start,6,0.46917313101915176,71
Denna,1,1,start,7,0.44044157624670677,71
Denna,1,1,start,8,0.4293950657225398,71
Denna,1,1,start,9,0.4592982384911635,71
Denna,1,1,start,10,0.4540086182684145,71
Denna,1,1,end,1,0.3493164649904806,71
Denna,1,1,end,2,0.3957972203401632,71
Denna,1,1,end,3,0.40986633438250175,71
Denna,1,1,end,4,0.4125516630979091,71
Denna,1,1,end,5,0.46481506922096044,71
Denna,1,1,end,6,0.4667868093843485,71
Denna,1,1,end,7,0.47173736479766387,71
Denna,1,1,end,8,0.4657026031749175,71
Denna,1,1,end,9,0.43186184613896833,71
Denna,1,1,end,10,0.40646797402825885,71
Denna,2,2,start,1,0.2740284166248907,71
Denna,2,2,start,2,0.2585819468257002,71
Denna,2,2,start,3,0.24318374374885765,71
Denna,2,2,start,4,0.2305688130451924,71
Denna,2,2,start,5,0.2236211813282982,71
Denna,2,2,start,6,0.2555315448396518,71
Denna,2,2,start,7,0.28537099895188217,71
Denna,2,2,start,8,0.29387941434107934,71
Denna,2,2,start,9,0.2735983180800459,71
Denna,2,2,start,10,0.29349694604168985,71
Denna,2,2,end,1,0.3324469852364127,71
Denna,2,2,end,2,0.3108903107829857,71
Denna,2,2,end,3,0.3033798274254847,71
Denna,2,2,end,4,0.2888373511246105,71
Denna,2,2,end,5,0.2445995550959302,71
Denna,2,2,end,6,0.2498848838542992,71
Denna,2,2,end,7,0.23761789681989087,71
Denna,2,2,end,8,0.24489973488052036,71
Denna,2,2,end,9,0.2816166468383675,71
Denna,2,2,end,10,0.29389307730406605,71
Denna,3,3,start,1,0.18045396850327947,71
Denna,3,3,start,2,0.18789580292150004,71
Denna,3,3,start,3,0.19548174245658062,71
Denna,3,3,start,4,0.19880074766183833,71
Denna,3,3,start,5,0.20186640453894786,71
Denna,3,3,start,6,0.20118170198502952,71
Denna,3,3,start,7,0.20736130455078716,71
Denna,3,3,start,8,0.21253496003786093,71
Denna,3,3,start,9,0.21557492146072432,71
Denna,3,3,start,10,0.21745305858005912,71
Denna,3,3,end,1,0.20933409583035753,71
Denna,3,3,end,2,0.20945259191077786,71
Denna,3,3,end,3,0.20594207880538737,71
Denna,3,3,end,4,0.2014137289675386,71
Denna,3,3,end,5,0.19960133900288396,71
Denna,3,3,end,6,0.19824513175748767,71
Denna,3,3,end,7,0.194895054489269,71
Denna,3,3,end,8,0.19518860294936688,71
Denna,3,3,end,9,0.1958183577857934,71
Denna,3,3,end,10,0.1925397650528441,71
Denna,4,4,start,1,0.08749473337951048,71
Denna,4,4,start,2,0.07175437594418059,71
Denna,4,4,start,3,0.06374353131391558,71
Denna,4,4,start,4,0.06725989603382886,71
Denna,4,4,start,5,0.074107372009208,71
Denna,4,4,start,6,0.07411362215616746,71
Denna,4,4,start,7,0.06682612025062432,71
Denna,4,4,start,8,0.0641905598985205,71
Denna,4,4,start,9,0.0515285219680668,71
Denna,4,4,start,10,0.03504137710983715,71
Denna,4,4,end,1,0.10890245394274985,71
Denna,4,4,end,2,0.08385987696607403,71
Denna,4,4,end,3,0.08081175938662703,71
Denna,4,4,end,4,0.09719725680994235,71
Denna,4,4,end,5,0.09098403668022605,71
Denna,4,4,end,6,0.08508317500386524,71
Denna,4,4,end,7,0.09574968389317674,71
Denna,4,4,end,8,0.09420905899519595,71
Denna,4,4,end,9,0.09070314923687157,71
Denna,4,4,end,10,0.10709918361483155,71
Dopey,1,3,start,1,0.02175578984920885,80
Dopey,1,3,start,2,0.028753275554845453,80
Dopey,1,3,start,3,0.028747678806442217,80
Dopey,1,3,start,4,0.028013723161799085,80
Dopey,1,3,start,5,0.027606344495148694,80
Dopey,1,3,start,6,0.027745841041727965,80
Dopey,1,3,start,7,0.026945481893982083,80
Dopey,1,3,start,8,0.02685319157359158,80
Dopey,1,3,start,9,0.027155067089664142,80
Dopey,1,3,start,10,0.026848637262687325,80
Dopey,1,3,end,1,0.023358111276356824,80
Dopey,1,3,end,2,0.02028882245576793,80
Dopey,1,3,end,3,0.015212174956318967,80
Dopey,1,3,end,4,0.026184728532890257,80
Dopey,1,3,end,5,0.026876165372320338,80
Dopey,1,3,end,6,0.027818749654193443,80
Dopey,1,3,end,7,0.032735749235670054,80
Dopey,1,3,end,8,0.035006886057694996,80
Dopey,1,3,end,9,0.03670305434979796,80
Dopey,1,3,end,10,0.038187596858331785,80
Dopey,2,4,start,1,0.23638965170113493,80
Dopey,2,4,start,2,0.21612489066711965,80
Dopey,2,4,start,3,0.20088036124862468,80
Dopey,2,4,start,4,0.21773505605471177,80
Dopey,2,4,start,5,0.25124147556537557,80
Dopey,2,4,start,6,0.2903527682839267,80
Dopey,2,4,start,7,0.29572854293239786,80
Dopey,2,4,start,8,0.2921250831397776,80
Dopey,2,4,start,9,0.28660991660480206,80
Dopey,2,4,start,10,0.29071346633190587,80
Dopey,2,4,end,1,0.27871158383405786,80
Dopey,2,4,end,2,0.25346657509924586,80
Dopey,2,4,end,3,0.25353219039028113,80
Dopey,2,4,end,4,0.22627322640310887,80
Dopey,2,4,end,5,0.22529127276168776,80
Dopey,2,4,end,6,0.2312312232512132,80
Dopey,2,4,end,7,0.2263815742805892,80
Dopey,2,4,end,8,0.22424923597132262,80
Dopey,2,4,end,9,0.23806698949479732,80
Dopey,2,4,end,10,0.21960691208947064,80
Dopey,3,2,start,1,0.4786663101073504,80
Dopey,3,2,start,2,0.4758218229729373,80
Dopey,3,2,start,3,0.488519309555772,80
Dopey,3,2,start,4,0.4641477225879136,80
Dopey,3,2,start,5,0.4188806748116541,80
Dopey,3,2,start,6,0.36667089105920864,80
Dopey,3,2,start,7,0.3715680977359216,80
Dopey,3,2,start,8,0.38441350557343607,80
Dopey,3,2,start,9,0.39318229190271137,80
Dopey,3,2,start,10,0.4009615771485815,80
Dopey,3,2,end,1,0.47703764911748514,80
Dopey,3,2,end,2,0.5077665869985483,80
Dopey,3,2,end,3,0.5095317693010089,80
Dopey,3,2,end,4,0.5114194631971547,80
Dopey,3,2,end,5,0.5001622625969819,80
Dopey,3,2,end,6,0.47766353038538795,80
Dopey,3,2,end,7,0.4672000737203291,80
Dopey,3,2,end,8,0.4489109898474119,80
Dopey,3,2,end,9,0.42766361690500254,80
Dopey,3,2,end,10,0.42240188942592355,80
Dopey,4,1,start,1,0.2631882483423051,80
Dopey,4,1,start,2,0.2793000108050971,80
Dopey,4,1,start,3,0.28185265038916013,80
Dopey,4,1,start,4,0.29010349819557507,80
Dopey,4,1,start,5,0.302271505127821,80
Dopey,4,1,start,6,0.3152304996151358,80
Dopey,4,1,start,7,0.305757877437698,80
Dopey,4,1,start,8,0.29660821971319423,80
Dopey,4,1,start,9,0.2930527244028217,80
Dopey,4,1,start,10,0.2814763192568245,80
Dopey,4,1,end,1,0.22089265577209946,80
Dopey,4,1,end,2,0.21847801544643736,80
Dopey,4,1,end,3,0.22172386535239044,80
Dopey,4,1,end,4,0.2361225818668456,80
Dopey,4,1,end,5,0.24767029926900946,80
Dopey,4,1,end,6,0.26328649670920473,80
Dopey,4,1,end,7,0.27368260276341083,80
Dopey,4,1,end,8,0.2918328881235697,80
Dopey,4,1,end,9,0.29756633925040166,80
Dopey,4,1,end,10,0.319803601626273,80
Draco,1,4,start,1,0.4090432057188595,82
Draco,1,4,start,2,0.37667078449860836,82
Draco,1,4,start,3,0.38917774624115115,82
Draco,1,4,start,4,0.40309220237796367,82
Draco,1,4,start,5,0.3706146772849369,82
Draco,1,4,start,6,0.38292665630079004,82
Draco,1,4,start,7,0.39067293750163384,82
Draco,1,4,start,8,0.3100249307838379,82
Draco,1,4,start,9,0.37268702000116116,82
Draco,1,4,start,10,0.34724828807111363,82
Draco,1,4,end,1,0.3743707912000326,82
Draco,1,4,end,2,0.345358766735839,82
Draco,1,4,end,3,0.3451947918404564,82
Draco,1,4,end,4,0.34652544886978487,82
Draco,1,4,end,5,0.3388801219006592,82
Draco,1,4,end,6,0.32726209677105417,82
Draco,1,4,end,7,0.3200883725548123,82
Draco,1,4,end,8,0.30308900908726993,82
Draco,1,4,end,9,0.3123816754430667,82
Draco,1,4,end,10,0.31266463433243025,82
Draco,2,2,start,1,0.26847686468360804,82
Draco,2,2,start,2,0.27062176568184537,82
Draco,2,2,start,3,0.2753325628091023,82
Draco,2,2,start,4,0.2774219118819112,82
Draco,2,2,start,5,0.2969074528782793,82
Draco,2,2,start,6,0.2997287264527091,82
Draco,2,2,start,7,0.31983695058076667,82
Draco,2,2,start,8,0.32891113031982927,82
Draco,2,2,start,9,0.3564295069553783,82
Draco,2,2,start,10,0.3768546697986721,82
Draco,2,2,end,1,0.3285560807329244,82
Draco,2,2,end,2,0.3589906419039188,82
Draco,2,2,end,3,0.3911833380097787,82
Draco,2,2,end,4,0.3779623936408341,82
Draco,2,2,end,5,0.3948855809589286,82
Draco,2,2,end,6,0.399694111006986,82
Draco,2,2,end,7,0.37746170599516016,82
Draco,2,2,end,8,0.3977329177391715,82
Draco,2,2,end,9,0.3999516338081958,82
Draco,2,2,end,10,0.4137888006407817,82
Draco,3,1,start,1,0.297926622358729,82
Draco,3,1,start,2,0.32479185711945935,82
Draco,3,1,start,3,0.316640182504095,82
Draco,3,1,start,4,0.28145809035412783,82
Draco,3,1,start,5,0.29971172823844405,82
Draco,3,1,start,6,0.2655896790257726,82
Draco,3,1,start,7,0.24404364228138775,82
Draco,3,1,start,8,0.3138776145883977,82
Draco,3,1,start,9,0.22639628583750668,82
Draco,3,1,start,10,0.24050345044897217,82
Draco,3,1,end,1,0.22091839846178368,82
Draco,3,1,end,2,0.22061658072356558,82
Draco,3,1,end,3,0.23477093276721536,82
Draco,3,1,end,4,0.22024433555141248,82
Draco,3,1,end,5,0.21301616525348369,82
Draco,3,1,end,6,0.2115799812027591,82
Draco,3,1,end,7,0.21699963241080733,82
Draco,3,1,end,8,0.23644337587129552,82
Draco,3,1,end,9,0.22976082391212524,82
Draco,3,1,end,10,0.22130612354516924,82
Draco,4,3,start,1,0.02455330723880186,82
Draco,4,3,start,2,0.02791559270008551,82
Draco,4,3,start,3,0.018849508445650053,82
Draco,4,3,start,4,0.03802779538599586,82
Draco,4,3,start,5,0.032766141598338176,82
Draco,4,3,start,6,0.0517549382207268,82
Draco,4,3,start,7,0.04544646963621004,82
Draco,4,3,start,8,0.047186324307933736,82
Draco,4,3,start,9,0.04448718720595226,82
Draco,4,3,start,10,0.03539359168124037,82
Draco,4,3,end,1,0.07615472960525795,82
Draco,4,3,end,2,0.07503401063667521,82
Draco,4,3,end,3,0.028850937382548233,82
Draco,4,3,end,4,0.05526782193796723,82
Draco,4,3,end,5,0.053218131886927256,82
Draco,4,3,end,6,0.061463811019199364,82
Draco,4,3,end,7,0.085450289039219,82
Draco,4,3,end,8,0.06273469730226161,82
Draco,4,3,end,9,0.05790586683661065,82
Draco,4,3,end,10,0.05224044148161735,82
Randy,1,4,start,1,0.18030227077926145,60
Randy,1,4,start,2,0.16852181084906936,60
Randy,1,4,start,3,0.15543525638798797,60
Randy,1,4,start,4,0.13863001013665388,60
Randy,1,4,start,5,0.1305300189819002,60
Randy,1,4,start,6,0.12292981288922908,60
Randy,1,4,start,7,0.1186284250140429,60
Randy,1,4,start,8,0.11505414792614002,60
Randy,1,4,start,9,0.11496681110972176,60
Randy,1,4,start,10,0.11426717279870371,60
Randy,1,4,end,1,0.22652009722173805,60
Randy,1,4,end,2,0.19824961076567463,60
Randy,1,4,end,3,0.18361985718989063,60
Randy,1,4,end,4,0.17105775127478717,60
Randy,1,4,end,5,0.160033176458164,60
Randy,1,4,end,6,0.15545548085202426,60
Randy,1,4,end,7,0.14693038739948813,60
Randy,1,4,end,8,0.13558880127251355,60
Randy,1,4,end,9,0.13876875933096755,60
Randy,1,4,end,10,0.12917633456045882,60
Randy,2,3,start,1,0.3728136349287771,60
Randy,2,3,start,2,0.3718347414112901,60
Randy,2,3,start,3,0.49541607442033425,60
Randy,2,3,start,4,0.41557634013598865,60
Randy,2,3,start,5,0.4007428892029245,60
Randy,2,3,start,6,0.33261127003000185,60
Randy,2,3,start,7,0.43817703919709877,60
Randy,2,3,start,8,0.4133643802497595,60
Randy,2,3,start,9,0.43285266533475864,60
Randy,2,3,start,10,0.4410298260590144,60
Randy,2,3,end,1,0.4412827823199027,60
Randy,2,3,end,2,0.4324051702401754,60
Randy,2,3,end,3,0.3521656509236052,60
Randy,2,3,end,4,0.3153342631108897,60
Randy,2,3,end,5,0.33669356043823334,60
Randy,2,3,end,6,0.3245104260313118,60
Randy,2,3,end,7,0.35882738524041724,60
Randy,2,3,end,8,0.3420451098340918,60
Randy,2,3,end,9,0.3252770970088786,60
Randy,2,3,end,10,0.36806848018886457,60
Randy,3,1,start,1,0.3139455231810379,60
Randy,3,1,start,2,0.3115002682613378,60
Randy,3,1,start,3,0.17853952961502637,60
Randy,3,1,start,4,0.26042513068951834,60
Randy,3,1,start,5,0.27147868505263356,60
Randy,3,1,start,6,0.3399119457082532,60
Randy,3,1,start,7,0.23267922230286384,60
Randy,3,1,start,8,0.2573185739861711,60
Randy,3,1,start,9,0.2373231224470332,60
Randy,3,1,start,10,0.22614944202817047,60
Randy,3,1,end,1,0.20810906388158726,60
Randy,3,1,end,2,0.23596182315544653,60
Randy,3,1,end,3,0.3190719537588796,60
Randy,3,1,end,4,0.3556053161801151,60
Randy,3,1,end,5,0.32288257698475326,60
Randy,3,1,end,6,0.3218666441830664,60
Randy,3,1,end,7,0.2808643353441555,60
Randy,3,1,end,8,0.29394082116722975,60
Randy,3,1,end,9,0.29915348708940925,60
Randy,3,1,end,10,0.24110308528116706,60
Randy,4,2,start,1,0.13293857111092341,60
Randy,4,2,start,2,0.14814317947830288,60
Randy,4,2,start,3,0.1706091395766514,60
Randy,4,2,start,4,0.185368519037839,60
Randy,4,2,start,5,0.19724840676254177,60
Randy,4,2,start,6,0.20454697137251585,60
Randy,4,2,start,7,0.21051531348599437,60
Randy,4,2,start,8,0.21426289783792934,60
Randy,4,2,start,9,0.2148574011084862,60
Randy,4,2,start,10,0.2185535591141114,60
Randy,4,2,end,1,0.12408805657677169,60
Randy,4,2,end,2,0.13338339583870334,60
Randy,4,2,end,3,0.14514253812762462,60
Randy,4,2,end,4,0.15800266943420785,60
Randy,4,2,end,5,0.1803906861188496,60
Randy,4,2,end,6,0.19816744893359742,60
Randy,4,2,end,7,0.21337789201593912,60
Randy,4,2,end,8,0.2284252677261648,60
Randy,4,2,end,9,0.2368006565707447,60
Randy,4,2,end,10,0.26165209996950956,60
Remy,1,4,start,1,0.0939947921018415,90
Remy,1,4,start,2,0.08818776276458061,90
Remy,1,4,start,3,0.09133014937919956,90
Remy,1,4,start,4,0.08850693655130656,90
Remy,1,4,start,5,0.09707528033792387,90
Remy,1,4,start,6,0.09443087035494493,90
Remy,1,4,start,7,0.09715220601304178,90
Remy,1,4,start,8,0.10096140304385594,90
Remy,1,4,start,9,0.10745710759781263,90
Remy,1,4,start,10,0.09037537897474858,90
Remy,1,4,end,1,0.08554444616871064,90
Remy,1,4,end,2,0.08377264825748548,90
Remy,1,4,end,3,0.06914095847956443,90
Remy,1,4,end,4,0.061035522638215094,90
Remy,1,4,end,5,0.06078972386238392,90
Remy,1,4,end,6,0.06151756057113162,90
Remy,1,4,end,7,0.06270552641877397,90
Remy,1,4,end,8,0.06309040644768202,90
Remy,1,4,end,9,0.06172964103185754,90
Remy,1,4,end,10,0.06616046524453645,90
Remy,2,2,start,1,0.425848762701426,90
Remy,2,2,start,2,0.4217950243131622,90
Remy,2,2,start,3,0.4331352800890815,90
Remy,2,2,start,4,0.41949174773918857,90
Remy,2,2,start,5,0.4263933757838357,90
Remy,2,2,start,6,0.4313455856962336,90
Remy,2,2,start,7,0.42143141154482394,90
Remy,2,2,start,8,0.41034593874114605,90
Remy,2,2,start,9,0.40769588353627273,90
Remy,2,2,start,10,0.40854492345408144,90
Remy,2,2,end,1,0.37229562965538693,90
Remy,2,2,end,2,0.32229989220338184,90
Remy,2,2,end,3,0.2947028440518166,90
Remy,2,2,end,4,0.28008906344460793,90
Remy,2,2,end,5,0.2917641344558663,90
Remy,2,2,end,6,0.31017175591746826,90
Remy,2,2,end,7,0.31162698814006856,90
Remy,2,2,end,8,0.2923099093537294,90
Remy,2,2,end,9,0.26864142488950465,90
Remy,2,2,end,10,0.2606804341742404,90
Remy,3,3,start,1,0.19129959954266443,90
Remy,3,3,start,2,0.22241005728493338,90
Remy,3,3,start,3,0.22811415473648242,90
Remy,3,3,start,4,0.2343078716271967,90
Remy,3,3,start,5,0.22359480071201376,90
Remy,3,3,start,6,0.23114037936225193,90
Remy,3,3,start,7,0.23450793913639917,90
Remy,3,3,start,8,0.24286588042647606,90
Remy,3,3,start,9,0.23603500789949727,90
Remy,3,3,start,10,0.23515755183367415,90
Remy,3,3,end,1,0.1844800069677005,90
Remy,3,3,end,2,0.1490650854404564,90
Remy,3,3,end,3,0.13819224825469914,90
Remy,3,3,end,4,0.1366646537761819,90
Remy,3,3,end,5,0.13447149968336483,90
Remy,3,3,end,6,0.13252014408065815,90
Remy,3,3,end,7,0.13244854561308056,90
Remy,3,3,end,8,0.1310888954136236,90
Remy,3,3,end,9,0.13401985701991537,90
Remy,3,3,end,10,0.13463919901457574,90
Remy,4,1,start,1,0.2888568456540688,90
Remy,4,1,start,2,0.26760715563732457,90
Remy,4,1,start,3,0.24742041579523755,90
Remy,4,1,start,4,0.25769344408230915,90
Remy,4,1,start,5,0.2529365431662276,90
Remy,4,1,start,6,0.24308316458657045,90
Remy,4,1,start,7,0.2469084433057361,90
Remy,4,1,start,8,0.24582677778852288,90
Remy,4,1,start,9,0.24881200096641806,90
Remy,4,1,start,10,0.2659221457374968,90
Remy,4,1,end,1,0.3576799172082027,90
Remy,4,1,end,2,0.4448623740986769,90
Remy,4,1,end,3,0.4979639492139204,90
Remy,4,1,end,4,0.5222107601409959,90
Remy,4,1,end,5,0.5129746419983854,90
Remy,4,1,end,6,0.4957905394307426,90
Remy,4,1,end,7,0.4932189398280775,90
Remy,4,1,end,8,0.5135107887849655,90
Remy,4,1,end,9,0.5356090770587232,90
Remy,4,1,end,10,0.5385199015666481,90
Rhea,1,3,start,1,0.15461530456844585,128
Rhea,1,3,start,2,0.15111645016407274,128
Rhea,1,3,start,3,0.15300668599754538,128
Rhea,1,3,start,4,0.13935313149713094,128
Rhea,1,3,start,5,0.1484912190094588,128
Rhea,1,3,start,6,0.14609388810085605,128
Rhea,1,3,start,7,0.15456985006882482,128
Rhea,1,3,start,8,0.16597905706237584,128
Rhea,1,3,start,9,0.1761139368650667,128
Rhea,1,3,start,10,0.2004189181654904,128
Rhea,1,3,end,1,0.17688096568515352,128
Rhea,1,3,end,2,0.20204799479927052,128
Rhea,1,3,end,3,0.2120688772147707,128
Rhea,1,3,end,4,0.20819309288817672,128
Rhea,1,3,end,5,0.19607954997384774,128
Rhea,1,3,end,6,0.1970151470129913,128
Rhea,1,3,end,7,0.182506259304055,128
Rhea,1,3,end,8,0.14971124997850718,128
Rhea,1,3,end,9,0.1517260412813172,128
Rhea,1,3,end,10,0.15553376202786073,128
Rhea,2,4,start,1,0.008862985415264374,128
Rhea,2,4,start,2,0.001671085014421986,128
Rhea,2,4,start,3,0.0004050575379163427,128
Rhea,2,4,start,4,0.0008604754664897848,128
Rhea,2,4,start,5,0.008514545886775303,128
Rhea,2,4,start,6,0.015846349768563858,128
Rhea,2,4,start,7,0.012184822452927119,128
Rhea,2,4,start,8,0.012280139526410645,128
Rhea,2,4,start,9,0.016535901465665755,128
Rhea,2,4,start,10,0.008920123396660441,128
Rhea,2,4,end,1,0.010698937764367793,128
Rhea,2,4,end,2,0.01695712617911591,128
Rhea,2,4,end,3,0.016889789885427525,128
Rhea,2,4,end,4,0.009770857305096118,128
Rhea,2,4,end,5,0.012788817243566135,128
Rhea,2,4,end,6,0.017689076104147907,128
Rhea,2,4,end,7,0.018677684046962635,128
Rhea,2,4,end,8,0.017203540803649813,128
Rhea,2,4,end,9,0.015312260624863336,128
Rhea,2,4,end,10,0.015928099819723443,128
Rhea,3,2,start,1,0.3299260802787261,128
Rhea,3,2,start,2,0.3249907820490615,128
Rhea,3,2,start,3,0.2967278409943473,128
Rhea,3,2,start,4,0.2878765980358619,128
Rhea,3,2,start,5,0.26915313425420995,128
Rhea,3,2,start,6,0.2532347854266752,128
Rhea,3,2,start,7,0.24607845068712147,128
Rhea,3,2,start,8,0.2336043914527466,128
Rhea,3,2,start,9,0.20909765817926612,128
Rhea,3,2,start,10,0.2038969209053811,128
Rhea,3,2,end,1,0.27231655273632444,128
Rhea,3,2,end,2,0.19650872868162608,128
Rhea,3,2,end,3,0.15292881668596178,128
Rhea,3,2,end,4,0.1413287457942877,128
Rhea,3,2,end,5,0.12950819473960948,128
Rhea,3,2,end,6,0.1210328543509504,128
Rhea,3,2,end,7,0.11553292032084682,128
Rhea,3,2,end,8,0.13371205478330736,128
Rhea,3,2,end,9,0.13149710791911395,128
Rhea,3,2,end,10,0.13435604095029033,128
Rhea,4,1,start,1,0.5065956297375646,128
Rhea,4,1,start,2,0.5222216827724452,128
Rhea,4,1,start,3,0.5498604154701922,128
Rhea,4,1,start,4,0.5719097950005185,128
Rhea,4,1,start,5,0.5738411008495571,128
Rhea,4,1,start,6,0.584824976703906,128
Rhea,4,1,start,7,0.5871668767911273,128
Rhea,4,1,start,8,0.5881364119584679,128
Rhea,4,1,start,9,0.5982525034900026,128
Rhea,4,1,start,10,0.5867640375324692,128
Rhea,4,1,end,1,0.5401035438141554,128
Rhea,4,1,end,2,0.5844861503399882,128
Rhea,4,1,end,3,0.6181125162138407,128
Rhea,4,1,end,4,0.6407073040124404,128
Rhea,4,1,end,5,0.6616234380429775,128
Rhea,4,1,end,6,0.6642629225319118,128
Rhea,4,1,end,7,0.6832831363281364,128
Rhea,4,1,end,8,0.6993731544345367,128
Rhea,4,1,end,9,0.7014645901747064,128
Rhea,4,1,end,10,0.6941820972021266,128
Robert,1,3,start,1,0.21238927752910144,97
Robert,1,3,start,2,0.22263599283821137,97
Robert,1,3,start,3,0.22920962662411054,97
Robert,1,3,start,4,0.22047918687762755,97
Robert,1,3,start,5,0.2125842254967796,97
Robert,1,3,start,6,0.21959738330894793,97
Robert,1,3,start,7,0.22208666893005416,97
Robert,1,3,start,8,0.22462060530744804,97
Robert,1,3,start,9,0.20202661730323998,97
Robert,1,3,start,10,0.19876529093204948,97
Robert,1,3,end,1,0.18218445787459847,97
Robert,1,3,end,2,0.13678557071277853,97
Robert,1,3,end,3,0.12454854551204245,97
Robert,1,3,end,4,0.11272403608125374,97
Robert,1,3,end,5,0.11249998432809483,97
Robert,1,3,end,6,0.11528632377899166,97
Robert,1,3,end,7,0.11157724160183143,97
Robert,1,3,end,8,0.10902487362595192,97
Robert,1,3,end,9,0.11101535281543837,97
Robert,1,3,end,10,0.11195193023254461,97
Robert,2,2,start,1,0.5919199049213003,97
Robert,2,2,start,2,0.5967044815222011,97
Robert,2,2,start,3,0.5762011656248598,97
Robert,2,2,start,4,0.584034428193256,97
Robert,2,2,start,5,0.5907923863366125,97
Robert,2,2,start,6,0.5846890516364969,97
Robert,2,2,start,7,0.5712285418477905,97
Robert,2,2,start,8,0.5609794304639399,97
Robert,2,2,start,9,0.5555091589436644,97
Robert,2,2,start,10,0.552111893404336,97
Robert,2,2,end,1,0.6002133717196809,97
Robert,2,2,end,2,0.583281110937389,97
Robert,2,2,end,3,0.5781974263541519,97
Robert,2,2,end,4,0.568190219641212,97
Robert,2,2,end,5,0.5517576249057609,97
Robert,2,2,end,6,0.5451369853743631,97
Robert,2,2,end,7,0.538624278053309,97
Robert,2,2,end,8,0.5395331911994488,97
Robert,2,2,end,9,0.536120759580716,97
Robert,2,2,end,10,0.5327366763278383,97
Robert,3,1,start,1,0.18478032276215461,97
Robert,3,1,start,2,0.16987444387409023,97
Robert,3,1,start,3,0.1726582701241261,97
Robert,3,1,start,4,0.1745793482168797,97
Robert,3,1,start,5,0.17595858500663558,97
Robert,3,1,start,6,0.18503969430149045,97
Robert,3,1,start,7,0.2065231311147289,97
Robert,3,1,start,8,0.2141940531832361,97
Robert,3,1,start,9,0.22162530719512807,97
Robert,3,1,start,10,0.2282609867476721,97
Robert,3,1,end,1,0.20557518904651237,97
Robert,3,1,end,2,0.2486997479624394,97
Robert,3,1,end,3,0.2786341663579514,97
Robert,3,1,end,4,0.2983812137537656,97
Robert,3,1,end,5,0.31498225776624716,97
Robert,3,1,end,6,0.31888642769942155,97
Robert,3,1,end,7,0.3289320359440037,97
Robert,3,1,end,8,0.3305618965676631,97
Robert,3,1,end,9,0.3242139857408972,97
Robert,3,1,end,10,0.32407955647795467,97
Robert,4,4,start,1,0.010910494787442318,97
Robert,4,4,start,2,0.010785081765495757,97
Robert,4,4,start,3,0.021930937626902285,97
Robert,4,4,start,4,0.020907036712235334,97
Robert,4,4,start,5,0.02066480315997072,97
Robert,4,4,start,6,0.010673870753063319,97
Robert,4,4,start,7,0.0001616581074252596,97
Robert,4,4,start,8,0.00020591104537413728,97
Robert,4,4,start,9,0.02083891655796622,97
Robert,4,4,start,10,0.02086182891594087,97
Robert,4,4,end,1,0.0120269813592068,97
Robert,4,4,end,2,0.031233570387391916,97
Robert,4,4,end,3,0.018619861775853175,97
Robert,4,4,end,4,0.020704530523767375,97
Robert,4,4,end,5,0.02076013299989544,97
Robert,4,4,end,6,0.020690263147222707,97
Robert,4,4,end,7,0.020866444400854244,97
Robert,4,4,end,8,0.020880038606934923,97
Robert,4,4,end,9,0.02864990186294685,97
Robert,4,4,end,10,0.03123183696166133,97
Ron,1,3,start,1,0.08741663087035055,44
Ron,1,3,start,2,0.09708742412157907,44
Ron,1,3,start,3,0.09873330126242798,44
Ron,1,3,start,4,0.1046865591820379,44
Ron,1,3,start,5,0.11302267646467344,44
Ron,1,3,start,6,0.11493379984938423,44
Ron,1,3,start,7,0.13794385176011167,44
Ron,1,3,start,8,0.14398019312061333,44
Ron,1,3,start,9,0.15026650606279307,44
Ron,1,3,start,10,0.14677952410412268,44
Ron,1,3,end,1,0.07574906930337817,44
Ron,1,3,end,2,0.08174126598628371,44
Ron,1,3,end,3,0.09876574260294067,44
Ron,1,3,end,4,0.10058308050619896,44
Ron,1,3,end,5,0.10973421809375648,44
Ron,1,3,end,6,0.13055100448579082,44
Ron,1,3,end,7,0.14107217524206891,44
Ron,1,3,end,8,0.1298095861185828,44
Ron,1,3,end,9,0.12332344343855318,44
Ron,1,3,end,10,0.10786442474591579,44
Ron,2,1,start,1,0.4489843283488225,44
Ron,2,1,start,2,0.4255651900761501,44
Ron,2,1,start,3,0.39669359549513666,44
Ron,2,1,start,4,0.3750594210897055,44
Ron,2,1,start,5,0.3513286253878309,44
Ron,2,1,start,6,0.3568855265330075,44
Ron,2,1,start,7,0.37376116991928926,44
Ron,2,1,start,8,0.3743460428558365,44
Ron,2,1,start,9,0.3860853325513718,44
Ron,2,1,start,10,0.3819051454634815,44
Ron,2,1,end,1,0.46926366526682967,44
Ron,2,1,end,2,0.48059151000856026,44
Ron,2,1,end,3,0.4685964748072369,44
Ron,2,1,end,4,0.45929631390312625,44
Ron,2,1,end,5,0.44164685388429664,44
Ron,2,1,end,6,0.4226683013460599,44
Ron,2,1,end,7,0.42843344227358654,44
Ron,2,1,end,8,0.42511979492621293,44
Ron,2,1,end,9,0.43272947320241983,44
Ron,2,1,end,10,0.4340719540212615,44
Ron,3,2,start,1,0.45555335985229084,44
Ron,3,2,start,2,0.4699486463497504,44
Ron,3,2,start,3,0.4875390711500458,44
Ron,3,2,start,4,0.5030523420331975,44
Ron,3,2,start,5,0.505880567917475,44
Ron,3,2,start,6,0.4791541329618838,44
Ron,3,2,start,7,0.48044584340548935,44
Ron,3,2,start,8,0.46972171707147053,44
Ron,3,2,start,9,0.45327738738098344,44
Ron,3,2,start,10,0.4474582736912046,44
Ron,3,2,end,1,0.43937466864563784,44
Ron,3,2,end,2,0.4094462642150045,44
Ron,3,2,end,3,0.4018529428507287,44
Ron,3,2,end,4,0.4225060461308034,44
Ron,3,2,end,5,0.4189615098525765,44
Ron,3,2,end,6,0.40732245297864034,44
Ron,3,2,end,7,0.39680882843245563,44
Ron,3,2,end,8,0.41400772501566024,44
Ron,3,2,end,9,0.42722199614929135,44
Ron,3,2,end,10,0.4182194631803729,44
Ron,4,4,start,1,0.008045680928537345,44
Ron,4,4,start,2,0.007398739452521758,44
Ron,4,4,start,3,0.01703403209239071,44
Ron,4,4,start,4,0.017201677695060247,44
Ron,4,4,start,5,0.02976813023002186,44
Ron,4,4,start,6,0.04902654065572553,44
Ron,4,4,start,7,0.007849134915110969,44
Ron,4,4,start,8,0.011952046952080943,44
Ron,4,4,start,9,0.010370774004853226,44
Ron,4,4,start,10,0.023857056741192862,44
Ron,4,4,end,1,0.015612596784155502,44
Ron,4,4,end,2,0.02822095979015258,44
Ron,4,4,end,3,0.03078483973909495,44
Ron,4,4,end,4,0.01761455945987261,44
Ron,4,4,end,5,0.02965741816937156,44
Ron,4,4,end,6,0.039458241189509864,44
Ron,4,4,end,7,0.033685554051890006,44
Ron,4,4,end,8,0.03106289393954526,44
Ron,4,4,end,9,0.01672508720973668,44
Ron,4,4,end,10,0.039844158052451055,44
Rudy,1,1,start,1,0.2748978832761047,76
Rudy,1,1,start,2,0.2729160730891456,76
Rudy,1,1,start,3,0.28200847261602613,76
Rudy,1,1,start,4,0.28881237655921344,76
Rudy,1,1,start,5,0.2909922329299404,76
Rudy,1,1,start,6,0.2998396145241237,76
Rudy,1,1,start,7,0.3057360553478019,76
Rudy,1,1,start,8,0.30306781516588827,76
Rudy,1,1,start,9,0.3037011918297555,76
Rudy,1,1,start,10,0.3025514486935865,76
Rudy,1,1,end,1,0.3034730532019466,76
Rudy,1,1,end,2,0.3031065401959092,76
Rudy,1,1,end,3,0.2997230461355772,76
Rudy,1,1,end,4,0.2864345171535674,76
Rudy,1,1,end,5,0.28198433212788343,76
Rudy,1,1,end,6,0.2835585547325498,76
Rudy,1,1,end,7,0.2880200998163948,76
Rudy,1,1,end,8,0.29760912141069235,76
Rudy,1,1,end,9,0.3046230461499252,76
Rudy,1,1,end,10,0.3043847175640469,76
Rudy,2,4,start,1,0.05800703528490937,76
Rudy,2,4,start,2,0.05549453633060736,76
Rudy,2,4,start,3,0.05366210300256959,76
Rudy,2,4,start,4,0.05183333845082725,76
Rudy,2,4,start,5,0.05123895653086735,76
Rudy,2,4,start,6,0.0516062693361665,76
Rudy,2,4,start,7,0.05311038591198067,76
Rudy,2,4,start,8,0.05329779161855351,76
Rudy,2,4,start,9,0.053822810759741366,76
Rudy,2,4,start,10,0.05548033751602294,76
Rudy,2,4,end,1,0.09664667058306703,76
Rudy,2,4,end,2,0.10566312129257309,76
Rudy,2,4,end,3,0.11075967050806663,76
Rudy,2,4,end,4,0.11095735318054775,76
Rudy,2,4,end,5,0.11156035190496986,76
Rudy,2,4,end,6,0.11236759191046897,76
Rudy,2,4,end,7,0.11423390850721345,76
Rudy,2,4,end,8,0.11678895097523057,76
Rudy,2,4,end,9,0.11746323043281957,76
Rudy,2,4,end,10,0.11859266450609876,76
Rudy,3,2,start,1,0.4237696697377977,76
Rudy,3,2,start,2,0.4039822704920824,76
Rudy,3,2,start,3,0.40201861434537695,76
Rudy,3,2,start,4,0.40826489772780067,76
Rudy,3,2,start,5,0.4018275443009624,76
Rudy,3,2,start,6,0.397659775309982,76
Rudy,3,2,start,7,0.38932992868369465,76
Rudy,3,2,start,8,0.3973363209209074,76
Rudy,3,2,start,9,0.4146449629584265,76
Rudy,3,2,start,10,0.4351614305068449,76
Rudy,3,2,end,1,0.4192054039670903,76
Rudy,3,2,end,2,0.41095598128051974,76
Rudy,3,2,end,3,0.39576513883577225,76
Rudy,3,2,end,4,0.38054756176502424,76
Rudy,3,2,end,5,0.3642750711694585,76
Rudy,3,2,end,6,0.33707210573161384,76
Rudy,3,2,end,7,0.3199895194365315,76
Rudy,3,2,end,8,0.3266873012761085,76
Rudy,3,2,end,9,0.32201458315025705,76
Rudy,3,2,end,10,0.31287147027990925,76
Rudy,4,3,start,1,0.24332541170118813,76
Rudy,4,3,start,2,0.26760712008816434,76
Rudy,4,3,start,3,0.26231081003602735,76
Rudy,4,3,start,4,0.25108938726215846,76
Rudy,4,3,start,5,0.25594126623822977,76
Rudy,4,3,start,6,0.25089434082972767,76
Rudy,4,3,start,7,0.2518236300565225,76
Rudy,4,3,start,8,0.24629807229465053,76
Rudy,4,3,start,9,0.2278310344520762,76
Rudy,4,3,start,10,0.20680678328354551,76
Rudy,4,3,end,1,0.18067487224789597,76
Rudy,4,3,end,2,0.18027435723099758,76
Rudy,4,3,end,3,0.19375214452058362,76
Rudy,4,3,end,4,0.2220605679008604,76
Rudy,4,3,end,5,0.242180244797688,76
Rudy,4,3,end,6,0.26700174762536727,76
Rudy,4,3,end,7,0.27775647223986016,76
Rudy,4,3,end,8,0.2589146263379683,76
Rudy,4,3,end,9,0.2558991402669981,76
Rudy,4,3,end,10,0.264151147649945,76
