rat,state,acc_rank,occupancy,n_eff,rho_pre,iti_pre_geo,iti_post_geo,iti_pre_med,iti_post_med,trial_rate,p_pause_next
1029,1,3,0.12081574850474426,3289.765174415096,0.10152045996628767,6.082638116576971,6.297151648062707,4.931,5.0206,1.6566747194169342,0.07609996467274446
1029,2,2,0.31226564149967334,8501.155030675942,-0.09626414547525262,3.305717975757907,3.273828718044131,1.8255,1.8056,2.9778176600022337,0.07305648656493127
1029,3,4,0.2738410287247991,7445.649580792744,0.053211610564199825,4.746224609686648,4.741152277715086,2.9051,2.9224,2.010885467575463,0.07739468382704065
1029,4,1,0.29307758127078315,7978.430214116213,-0.08607962987044432,3.0140029801424535,3.0130172939614916,2.1216,2.1286,3.6414342243610305,0.05193136517443542
1052,1,4,0.0725295270431972,4950.854391206542,0.07040536631590293,6.154295424998969,6.1702337546669135,6.3511,6.3918,2.0082557824522835,0.02946231529111167
1052,2,1,0.3657492802156518,24943.357822653514,-0.050656318547899856,3.5185713807499206,3.569788822567194,2.5881,2.635,2.8915834178291338,0.04180910968415139
1052,3,3,0.19496809181298091,13313.612563803708,-0.04789966804953235,3.277139403007862,3.242941743616317,2.7443,2.679,3.081748002663329,0.02431103935878091
1052,4,2,0.36675310092817,25010.175222336224,0.0001172441068574653,3.767285553884257,3.727268674635348,2.8445,2.8163,2.8383919442935137,0.0326910554425528
1054,1,3,0.4132519857940726,16839.88932891085,-0.024173855326610087,3.7017932171938694,3.6780660608116142,2.6374,2.6056,2.3296826740958108,0.05245960761979572
1054,2,4,0.009651071384419665,393.88888999479224,0.056555138753005045,8.097649421546231,8.334121852274516,7.4621,7.646,1.4258572610871405,0.07698357426059134
1054,3,2,0.3020901142643228,12301.131106101042,-0.008064731783839216,4.119511223847948,4.14844838292674,3.1652,3.2038,2.0505036745783016,0.05899762758666267
1054,4,1,0.27500682855718517,11216.090674993324,-0.042846938587425346,3.6936222323633308,3.702627865494328,2.642,2.6597,2.3438578665193455,0.05175827333787963
1059,1,4,0.03164267898324121,536.2830818327766,0.03359717417054161,15.728242777182782,14.430439130682304,12.9431,12.6033,1.73840949649691,0.13100648426221115
1059,2,1,0.47337769435182764,8060.802853832056,-0.08847485728709073,5.549917998449612,5.543633139904903,4.0731,4.0648,3.3966198564498282,0.056728500676474405
1059,3,2,0.2348295963226667,4000.654299001102,0.028510523383862837,6.794259046890645,7.02851761167807,5.4003,5.5732,2.8094083134142545,0.05417482185727083
1059,4,3,0.2601500303422648,4438.25976533407,-0.012897013011354923,6.775088883942,6.708231202047044,4.6579,4.6002,3.4561912691404455,0.09119147282310455
1060,1,4,0.14529373293426753,8237.893848100515,0.20004036364967603,7.731746447768741,7.621806191435051,7.0807,7.0235,2.6164516729058658,0.05877077229612496
1060,2,3,0.029955078110266257,1695.1386407628024,0.22000361399149282,8.977675164276217,9.79201556447906,8.5396,9.2484,1.8082926906396286,0.06603907940865189
1060,3,1,0.4135318164832301,23442.510399935923,-0.20996711103118665,2.0621193078207116,2.093636433473915,1.8616,1.8862,3.913958846981964,0.011274872980116283
1060,4,2,0.41121937247223583,23301.457111200743,-0.02335117908826079,3.1663653959682123,3.1134249169849006,2.4461,2.3974,2.9249124661613397,0.03770562029062843
1062,1,4,0.07425700362764417,6994.760440867833,0.12518326270883262,6.4614214470542874,6.637384146882947,6.029,6.2914,2.10869648065763,0.03685741357214555
1062,2,1,0.41948972910184396,39534.107056774454,-0.14179541516944674,2.0439570739320287,2.0775080434391655,1.7417,1.7698,4.265032274054329,0.009818109597052713
1062,3,3,0.1869330997796392,17615.582068897376,-0.0541402093234738,2.5051179585548655,2.5838001605819128,2.087,2.1398,3.7464588783740473,0.012144519921328012
1062,4,2,0.3193201674908727,30070.55043346033,0.03940901392189855,3.121075843561626,2.984029705130731,2.2011,2.093,3.0780745280211246,0.022716851819453373
1064,1,4,0.05911563714594433,3923.0253740842363,0.03563161165843288,6.514117149552389,6.885990997327668,5.1514,5.4885,2.193811354716653,0.08243812873305227
1064,2,3,0.29390014588968194,19485.831898258453,0.0011750319190400678,3.6539993641838833,3.583831486712122,2.6837,2.6198,2.9476667212199965,0.045120097572089596
1064,3,2,0.26117923417425687,17334.045081248,-0.08665780048985126,2.586007962134362,2.5916921048091583,2.4099,2.4231,3.9826496756065253,0.016962750221114944
1064,4,1,0.3858049827901168,25605.097646409304,-0.049135452608682656,2.7213758467461084,2.7325583966156297,2.7022,2.7081,4.067016106608638,0.012003758777846409
1065,1,1,0.323665415936781,14814.731396555442,-0.08389565903279156,2.539821181782684,2.408562262085104,1.9419,1.8439,3.5311172039860783,0.020306346646376795
1065,2,2,0.3762312743284332,17277.779286803212,-0.13985253156380092,2.129493808210953,2.1002291419795394,1.8213,1.8002,3.9473683656369323,0.008695912775218258
1065,3,3,0.19064893751111994,8747.896111948146,0.021720410235131046,3.1035728642567455,3.2036384221159055,3.0225,3.1324,3.5824237495672744,0.0097004446492712
1065,4,4,0.10945437222366583,5017.593204693195,0.16730712439921963,6.150897232525801,7.1709426343018805,5.1158,6.3077,2.5238382821451117,0.04804342944821903
1072,1,3,0.1356809743760824,6098.388239041967,0.2228730631576837,10.874182217953685,11.004656144338384,11.8211,12.0724,1.722332129095577,0.08258688939400438
1072,2,1,0.46451309058389945,20842.572227168217,-0.21388041267080174,2.322084794256793,2.289249195497647,1.8665,1.8485,3.4203694750078,0.019408690045057925
1072,3,4,0.0557773036988359,2499.439885281243,-0.12732842489772048,2.8369285211720796,3.173218893108092,2.3328,2.5402,3.0749503829178213,0.03203967778393842
1072,4,2,0.3440286313411824,15422.599648508576,0.034647698479896495,4.1945959255552046,4.181584176102567,3.0142,3.0098,2.323049514692031,0.05198506287067512
Denna,1,1,0.3991571250390972,2022.940231892825,-0.030758137471823335,2.488582660579809,2.4321104197372376,1.7201,1.7029,3.2491927479435736,0.026406343697115992
Denna,2,2,0.24692736744170396,1253.3007676272368,0.025744201129405102,3.0756127664774704,3.10391773978083,2.1825,2.1825,2.9426497963316196,0.04152679838294902
Denna,3,3,0.28167277289864506,1430.6096762556622,-0.011654327399385782,2.355157768374767,2.3173497617820864,2.0578,2.0459,3.7334470160025273,0.02365898611821154
Denna,4,4,0.07224273462055408,366.14932422427734,0.13795102604359336,6.382404941044938,7.157222740923929,4.7728,5.3384,2.0205613266902884,0.09747171395703776
Dopey,1,3,0.07382359064159279,941.9319863512102,0.113713714323518,2.4995716684901135,2.497463863910413,2.7537,2.7464,3.695779871277284,0.0023624102978710895
Dopey,2,4,0.200973871111828,2565.607080546161,-0.02595553616629133,1.5225779030196214,1.5671681636421015,1.0329,1.0456,4.277339935606123,0.013972140977366663
Dopey,3,2,0.4036585782145163,5143.835548695497,-0.049622603166829586,1.4582563698494049,1.4487885248413028,1.0148,1.0115,4.401818928947851,0.009968547973805487
Dopey,4,1,0.3215439600320625,4102.625384407126,-0.03906468410077971,1.4545602465429834,1.442473876946347,1.0019,1.0024,4.49352640630365,0.006008634132373743
Draco,1,4,0.36547365647915203,4547.09514592664,-0.03932999306644146,1.5725786445869234,1.5916986620008784,1.0168,1.0535,4.285365505724706,0.01359677945655115
Draco,2,2,0.324008627725183,4026.030846054429,0.03282597851051064,1.7698543450978894,1.7687574742196894,1.1526,1.1443,4.188720587179149,0.011053823850156411
Draco,3,1,0.27244651259228486,3386.383662886459,-0.03652509203184975,1.5242901122919534,1.4907956455429665,1.0152,0.9761,4.363235571654728,0.011639625712553829
Draco,4,3,0.03807120320337861,473.4903451324523,0.06439522151375951,2.746609588335334,2.816318448707225,2.0587,1.8669,3.438015226799296,0.030105948593747208
Randy,1,4,0.09490076666785022,792.3218978657435,0.10385548724943973,2.4676392485242045,2.580028101579933,2.0655,2.1601,3.2002720422098383,0.027783953270043
Randy,2,3,0.30396479435543133,2543.8031640678155,-0.030823523338674788,1.1082619545651058,1.086922087823976,0.8072,0.7963,4.547611118647896,0.013595431801788231
Randy,3,1,0.23109087192909342,1932.3716165305614,-0.049549582996902236,1.077372055377394,1.082399511622752,0.7942,0.7916,4.618259504086133,0.011539826208258806
Randy,4,2,0.37004356704762487,3099.503321535879,-0.08169003201775091,0.9006582102903228,0.9010190628480642,0.8185,0.8192,5.498382013172392,0.0029368674306062396
Remy,1,4,0.12384410123939656,2906.9125781315943,0.2056511510114425,3.3034296244179857,3.283484154412262,3.4946,3.4847,4.217971913806225,0.003868676838341402
Remy,2,2,0.30516124372712994,7158.91542706559,-0.1105794698644124,1.9851042276288642,1.991393015068349,1.8681,1.8791,4.496515348896347,0.005387701720195475
Remy,3,3,0.2800692332911938,6575.289894444232,0.1286350873134519,2.4905502504679427,2.4750122018459346,2.5919,2.5763,4.424683047239168,0.003045712768963254
Remy,4,1,0.2909254217422807,6820.882100358608,-0.1925894176979611,1.6062835026968303,1.6139226217200586,1.3505,1.3453,4.5632537462891065,0.004861181999301362
Rhea,1,3,0.17900127008160488,3080.2435391800054,0.026498583260496485,3.1266967455670565,3.1791656828491544,3.1881,3.2423,3.5690238910047998,0.008886006882334905
Rhea,2,4,0.00874278589115165,150.47374426811763,0.17726510160958384,6.664274897156598,5.54968533965607,7.2228,5.8119,2.541850469642331,0.010424596307352504
Rhea,3,2,0.20955273288807752,3594.2622575219725,0.14550634813288238,3.807518185791579,3.752799121716384,4.0344,4.01,3.5159390604745453,0.015150521907098341
Rhea,4,1,0.6027032111391668,10368.020459029918,-0.1800637431471598,2.315572238707998,2.319188033565413,2.2784,2.2733,4.095311544041809,0.008353123717542143
Robert,1,3,0.08820214670063017,1642.9029939356167,0.2471630775768563,4.753844895174453,4.680176493303095,5.4091,5.1985,2.9392351894451725,0.013141047297287173
Robert,2,2,0.3793231873688447,7074.497867103075,0.08075917060328829,1.7414596217555571,1.7270452471593274,1.5808,1.5661,3.905362209613906,0.009196940711979355
Robert,3,1,0.5240357614675768,9772.084460004216,-0.2509236846823161,0.9572408864624816,0.9653028324843179,0.8441,0.8477,5.199974930702636,0.0016554230843982968
Robert,4,4,0.008438904462947339,157.51467895707364,0.1039591089583854,2.939875991004692,2.920008336050068,2.9346,3.5924,3.1590393886187034,0.007427005603733447
Ron,1,3,0.18178922311098122,1939.9895154006663,0.17229645853402725,1.3228643336341461,1.3287091900268124,1.1654,1.1676,4.782487530907958,0.002535245972028582
Ron,2,1,0.3940662526363952,4204.733396482208,-0.15188886454989078,0.6512765263789125,0.6499425653566753,0.3571,0.3512,4.790632895267311,0.008235122780672306
Ron,3,2,0.40075691271213576,4268.599330013034,-0.008464504551880513,0.8105736878332139,0.8043484912104145,0.4418,0.4321,4.749256234704981,0.009867670579496245
Ron,4,4,0.023387611540489503,249.67775810411038,-0.045725038442340424,0.9390442297041902,1.0363518990725527,0.604,0.7261,4.555950312710833,0.0053429732827682316
Rudy,1,1,0.21647860674090763,4523.469302410971,-0.08261213374956021,1.4744177948607906,1.4695036990960308,1.3542,1.3537,4.211275518048124,0.004679864761238231
Rudy,2,4,0.1443131906806452,3015.5176290732834,0.11459682342774105,2.8705456443297046,2.9122211753221237,3.4602,3.4945,3.828700225024577,0.0037096119438386355
Rudy,3,2,0.3410307989415581,7123.831396774542,-0.1330574159648118,1.2747276194377015,1.2801859994057014,1.2121,1.2188,4.650550662813797,0.0041296710917206195
Rudy,4,3,0.29817740363688866,6232.181671741195,-0.047511321888982765,1.4856572729066313,1.4734121003010356,1.3795,1.3677,4.394755034183916,0.002924384361342629
