rat,from,to,p
1029,1,1,0.611783066397737
1029,1,2,0.006859035301010049
1029,1,3,0.37943642193514643
1029,1,4,0.0019214763661065258
1029,2,1,0.001994999908176748
1029,2,2,0.7449609123577863
1029,2,3,0.22186279791024005
1029,2,4,0.0311812898237969
1029,3,1,0.16752276081517795
1029,3,2,0.24499533710190358
1029,3,3,0.5746584179270963
1029,3,4,0.012823484155822178
1029,4,1,0.0014891380524085982
1029,4,2,0.04125911853847256
1029,4,3,0.0032805638145071425
1029,4,4,0.9539711795946118
1052,1,1,0.9200929513039785
1052,1,2,0.0008286769095492884
1052,1,3,0.005046831265916343
1052,1,4,0.07403154052055595
1052,2,1,1.8590958503491238e-5
1052,2,2,0.9025112486824812
1052,2,3,0.06467915407026975
1052,2,4,0.0327910062887456
1052,3,1,0.004189706350473953
1052,3,2,0.128283050122665
1052,3,3,0.7881098195528966
1052,3,4,0.07941742397396441
1052,4,1,0.013445384066276832
1052,4,2,0.029116792150862728
1052,4,3,0.047447179227246894
1052,4,4,0.9099906445556136
1054,1,1,0.6019189744172765
1054,1,2,0.00030112060129184584
1054,1,3,0.02353771761974094
1054,1,4,0.3742421873616907
1054,2,1,0.0351981834886204
1054,2,2,0.9564677633754828
1054,2,3,0.008315570822826664
1054,2,4,1.8482313070165685e-5
1054,3,1,0.03654926950247343
1054,3,2,0.00038423249585168234
1054,3,3,0.962422298516216
1054,3,4,0.0006441994854587521
1054,4,1,0.5565488610182691
1054,4,2,0.0007409907001763549
1054,4,3,0.0055556159606046955
1054,4,4,0.4371545323209499
1059,1,1,0.630053068069149
1059,1,2,0.03446759308592237
1059,1,3,0.00826161258991951
1059,1,4,0.3272177262550092
1059,2,1,0.0001223311551514449
1059,2,2,0.9254023141239424
1059,2,3,0.03527555970869459
1059,2,4,0.039199795012211616
1059,3,1,0.00198171037163689
1059,3,2,0.05967262514644573
1059,3,3,0.9279551206176738
1059,3,4,0.010390543864243526
1059,4,1,0.0419926306632985
1059,4,2,0.07597274083508407
1059,4,3,0.002714468849636871
1059,4,4,0.8793201596519805
1060,1,1,0.8065223961143007
1060,1,2,0.10721261720603445
1060,1,3,1.2210574258244077e-6
1060,1,4,0.08626376562223903
1060,2,1,0.5203267906920623
1060,2,2,0.38572231755107655
1060,2,3,0.014282577233015004
1060,2,4,0.07966831452384619
1060,3,1,0.0010612271342907622
1060,3,2,0.0018121553084479779
1060,3,3,0.9463958914891134
1060,3,4,0.05073072606814787
1060,4,1,0.02918911716873316
1060,4,2,0.005079176917684553
1060,4,3,0.05326864770657596
1060,4,4,0.9124630582070064
1062,1,1,0.7519009965561584
1062,1,2,2.2416640375604212e-5
1062,1,3,4.545971245309039e-5
1062,1,4,0.24803112709101294
1062,2,1,0.0003492231049427222
1062,2,2,0.9019956687418462
1062,2,3,0.06770749936005277
1062,2,4,0.02994760879315825
1062,3,1,0.00014412132448082056
1062,3,2,0.1401354794677289
1062,3,3,0.7582217620503219
1062,3,4,0.10149863715746843
1062,4,1,0.05714305897538515
1062,4,2,0.04715343970775376
1062,4,3,0.05262000999808966
1062,4,4,0.8430834913187714
1064,1,1,0.6997158786587183
1064,1,2,0.289188850636104
1064,1,3,0.011095270681344636
1064,1,4,2.38329766843846e-11
1064,2,1,0.05839677048841015
1064,2,2,0.8558247880955487
1064,2,3,0.03644310920541324
1064,2,4,0.04933533221062789
1064,3,1,0.0022505611082799808
1064,3,2,0.03422972080434452
1064,3,3,0.9388810799478455
1064,3,4,0.024638638139529823
1064,4,1,7.529808153290526e-9
1064,4,2,0.04206821389117341
1064,4,3,0.011856576702439031
1064,4,4,0.9460752018765795
1065,1,1,0.8291021902840886
1065,1,2,0.09509270069200959
1065,1,3,0.0338656305688817
1065,1,4,0.04193947845502016
1065,2,1,0.07660255160758687
1065,2,2,0.872715007822158
1065,2,3,0.04443507959619077
1065,2,4,0.006247360974064233
1065,3,1,0.04681116743016664
1065,3,2,0.07887628586369998
1065,3,3,0.821019224458613
1065,3,4,0.05329332224752045
1065,4,1,0.15622618412311054
1065,4,2,0.02041722380399307
1065,4,3,0.06011895666122209
1065,4,4,0.7632376354116743
1072,1,1,0.9377447498004899
1072,1,2,3.3996270920930286e-9
1072,1,3,0.015160192170983446
1072,1,4,0.047095054628899444
1072,2,1,1.0823346424065264e-9
1072,2,2,0.901639029218704
1072,2,3,0.051510691901978
1072,2,4,0.04685027779698353
1072,3,1,0.035038063799858146
1072,3,2,0.4024815460752771
1072,3,3,0.42692528248263023
1072,3,4,0.13555510764223436
1072,4,1,0.01907250889382852
1072,4,2,0.06790109268120245
1072,4,3,0.017238809044803884
1072,4,4,0.8957875893801651
Denna,1,1,0.8329389343859691
Denna,1,2,0.15827772627148906
Denna,1,3,2.472056168548282e-10
Denna,1,4,0.008783339095336212
Denna,2,1,0.24356984958880795
Denna,2,2,0.7080224379095335
Denna,2,3,0.00022224945728374534
Denna,2,4,0.048185463044374904
Denna,3,1,8.155582684929604e-8
Denna,3,2,0.0003867817704745775
Denna,3,3,0.9768918867991386
Denna,3,4,0.022721249874559892
Denna,4,1,0.08067990435027307
Denna,4,2,0.1278512510617038
Denna,4,3,0.08986937741235704
Denna,4,4,0.701599467175666
Dopey,1,1,0.9824767783526573
Dopey,1,2,0.008176249305954704
Dopey,1,3,0.002500177789076402
Dopey,1,4,0.006846794552311442
Dopey,2,1,0.003399288757460075
Dopey,2,2,0.7446295999880076
Dopey,2,3,0.23474682008554099
Dopey,2,4,0.017224291168991396
Dopey,3,1,9.512176849713342e-6
Dopey,3,2,0.12028906760638566
Dopey,3,3,0.8060661784562221
Dopey,3,4,0.07363524176054247
Dopey,4,1,0.0016736038322525619
Dopey,4,2,0.007190736142109209
Dopey,4,3,0.09598842624579933
Dopey,4,4,0.8951472337798388
Draco,1,1,0.5512805614482444
Draco,1,2,3.480052515024887e-5
Draco,1,3,0.4398191675236915
Draco,1,4,0.00886547050291379
Draco,2,1,0.0410418600812459
Draco,2,2,0.9214648721801378
Draco,2,3,0.0001310116404398423
Draco,2,4,0.03736225609817638
Draco,3,1,0.5289633717263634
Draco,3,2,0.054663849428861426
Draco,3,3,0.3845990596674426
Draco,3,4,0.03177371917733255
Draco,4,1,0.17635275021094396
Draco,4,2,0.27768943315221095
Draco,4,3,0.175396921033539
Draco,4,4,0.370560895603306
Randy,1,1,0.9202305647727557
Randy,1,2,0.029000157825707185
Randy,1,3,0.050769277401516655
Randy,1,4,2.046191475046321e-14
Randy,2,1,0.010279289970016283
Randy,2,2,0.6758773096861125
Randy,2,3,0.3019401799380977
Randy,2,4,0.011903220405773702
Randy,3,1,0.014943793759138947
Randy,3,2,0.4148486325029211
Randy,3,3,0.5325330710338562
Randy,3,4,0.03767450270408386
Randy,4,1,0.002236989018006313
Randy,4,2,0.000751634144274987
Randy,4,3,0.030520529321950447
Randy,4,4,0.9664908475157682
Remy,1,1,0.8763859448328958
Remy,1,2,5.891608250397684e-7
Remy,1,3,0.12105379014472786
Remy,1,4,0.0025596758615511876
Remy,2,1,7.751779962172837e-8
Remy,2,2,0.8379773272862633
Remy,2,3,0.028914416809594
Remy,2,4,0.13310817838634303
Remy,3,1,0.05452487294209062
Remy,3,2,0.034644011436143284
Remy,3,3,0.9108089158832333
Remy,3,4,2.2199738532814736e-5
Remy,4,1,1.198246637772645e-6
Remy,4,2,0.1365918682772321
Remy,4,3,0.004189747631159878
Remy,4,4,0.8592171858449702
Rhea,1,1,0.7154849316816445
Rhea,1,2,0.005951142415826741
Rhea,1,3,0.0560656944919418
Rhea,1,4,0.22249823141058706
Rhea,2,1,0.0737178938844559
Rhea,2,2,0.6470357509780378
Rhea,2,3,0.27924635513743834
Rhea,2,4,6.808466988710813e-14
Rhea,3,1,0.050915623793900126
Rhea,3,2,0.00964451406638257
Rhea,3,3,0.8781496922684001
Rhea,3,4,0.061290169871317114
Rhea,4,1,0.06583678457370992
Rhea,4,2,5.684781280763089e-6
Rhea,4,3,0.021370443228636748
Rhea,4,4,0.9127870874163726
Robert,1,1,0.9054581923399987
Robert,1,2,0.07877718614590928
Robert,1,3,1.98433423041086e-10
Robert,1,4,0.015764621315658516
Robert,2,1,0.018539733617542995
Robert,2,2,0.9465920137708693
Robert,2,3,0.03356550308613726
Robert,2,4,0.0013027495254504472
Robert,3,1,0.0001838658319543264
Robert,3,2,0.023491446552584998
Robert,3,3,0.9741733299148768
Robert,3,4,0.0021513577005838965
Robert,4,1,0.14027104214221783
Robert,4,2,0.12321507562593671
Robert,4,3,0.09316602499539209
Robert,4,4,0.6433478572364534
Ron,1,1,0.9108616134747407
Ron,1,2,3.662584920296336e-41
Ron,1,3,0.07819377913822487
Ron,1,4,0.010944607387034455
Ron,2,1,3.312024127921642e-39
Ron,2,2,0.9522299045930163
Ron,2,3,0.02080413028612376
Ron,2,4,0.02696596512085995
Ron,3,1,0.034196664407503026
Ron,3,2,0.0214964341725706
Ron,3,3,0.9341288537867475
Ron,3,4,0.010178047633178809
Ron,4,1,0.10591452702989444
Ron,4,2,0.4417148664246425
Ron,4,3,0.1661726178604459
Ron,4,4,0.2861979886850173
Rudy,1,1,0.9411932010104782
Rudy,1,2,0.0008922338113836913
Rudy,1,3,0.018684585166983778
Rudy,1,4,0.03922998001115437
Rudy,2,1,0.00018842377775429267
Rudy,2,2,0.9746185331815044
Rudy,2,3,1.1834676176553419e-18
Rudy,2,4,0.025193043040741284
Rudy,3,1,0.009094283707245483
Rudy,3,2,6.684837262216566e-7
Rudy,3,3,0.949974655440756
Rudy,3,4,0.04093039236827232
Rudy,4,1,0.03252149686079429
Rudy,4,2,0.0117699469577259
Rudy,4,3,0.043502958632072986
Rudy,4,4,0.9122055975494068
