rat,state,acc_rank,hour,occupancy,n_trials
1029,1,3,0,0.06625548121161007,182
1029,2,2,0,0.3248867440495814,182
1029,3,4,0,0.25048746231022634,182
1029,4,1,0,0.35837031242858153,182
1029,1,3,1,0.08374614528615695,158
1029,2,2,1,0.29293903306478114,158
1029,3,4,1,0.21046403576898476,158
1029,4,1,1,0.4128507858800764,158
1029,1,3,2,0.04623607353903213,281
1029,2,2,2,0.25297889447962035,281
1029,3,4,2,0.16999651048633904,281
1029,4,1,2,0.5307885214950081,281
1029,1,3,3,0.085393298879078,473
1029,2,2,3,0.38665316929461363,473
1029,3,4,3,0.30129909833825186,473
1029,4,1,3,0.22665443348805583,473
1029,1,3,4,0.17347308654605523,1064
1029,2,2,4,0.3222511642814759,1064
1029,3,4,4,0.32060658320772956,1064
1029,4,1,4,0.1836691659647388,1064
1029,1,3,5,0.20845500741229248,1197
1029,2,2,5,0.24097143577102798,1197
1029,3,4,5,0.43807746097531347,1197
1029,4,1,5,0.11249609584136559,1197
1029,1,3,6,0.2390893966479393,1257
1029,2,2,6,0.21310687061376302,1257
1029,3,4,6,0.436017015084292,1257
1029,4,1,6,0.11178671765400527,1257
1029,1,3,7,0.20555677981098133,489
1029,2,2,7,0.2982198019264488,489
1029,3,4,7,0.3743301690038354,489
1029,4,1,7,0.12189324925873375,489
1029,1,3,8,0.10829932318473122,440
1029,2,2,8,0.28175244003721556,440
1029,3,4,8,0.22718619589406758,440
1029,4,1,8,0.3827620408839849,440
1029,1,3,9,0.041745254096109026,576
1029,2,2,9,0.2762138561917155,576
1029,3,4,9,0.14962956087581103,576
1029,4,1,9,0.5324113288363638,576
1029,1,3,10,0.05289716364657282,1105
1029,2,2,10,0.21305304041176562,1105
1029,3,4,10,0.16526704848981372,1105
1029,4,1,10,0.5687827474518472,1105
1029,1,3,11,0.07133766210634573,1173
1029,2,2,11,0.30412265361645685,1173
1029,3,4,11,0.23073032119141162,1173
1029,4,1,11,0.3938093630857853,1173
1029,1,3,12,0.0914867532375736,1059
1029,2,2,12,0.3020413001932839,1059
1029,3,4,12,0.2334546266115851,1059
1029,4,1,12,0.3730173199575571,1059
1029,1,3,13,0.05801127971483224,1150
1029,2,2,13,0.3209122330300678,1150
1029,3,4,13,0.18879283987586143,1150
1029,4,1,13,0.4322836473792385,1150
1029,1,3,14,0.06048557860888845,1319
1029,2,2,14,0.2546719188898407,1319
1029,3,4,14,0.16839677518042734,1319
1029,4,1,14,0.5164457273208434,1319
1029,1,3,15,0.0666578999208949,1767
1029,2,2,15,0.30718573021418144,1767
1029,3,4,15,0.1849462689211799,1767
1029,4,1,15,0.44121010094374363,1767
1029,1,3,16,0.07880988968997141,2612
1029,2,2,16,0.3343518069865904,2612
1029,3,4,16,0.22074524352521574,2612
1029,4,1,16,0.3660930597982223,2612
1029,1,3,17,0.12280422568523501,2454
1029,2,2,17,0.34569726790496397,2454
1029,3,4,17,0.28366594855808713,2454
1029,4,1,17,0.24783255785171343,2454
1029,1,3,18,0.13573938123313628,1974
1029,2,2,18,0.35484237054574963,1974
1029,3,4,18,0.27531144365968857,1974
1029,4,1,18,0.23410680456142544,1974
1029,1,3,19,0.11434658822529407,2057
1029,2,2,19,0.3770853544938901,2057
1029,3,4,19,0.285208722597852,2057
1029,4,1,19,0.22335933468296335,2057
1029,1,3,20,0.17984235902038467,1635
1029,2,2,20,0.34569122850458567,1635
1029,3,4,20,0.34241392402034576,1635
1029,4,1,20,0.13205248845468376,1635
1029,1,3,21,0.18470833530424366,1298
1029,2,2,21,0.2824274786631603,1298
1029,3,4,21,0.33509404457972564,1298
1029,4,1,21,0.19777014145287064,1298
1029,1,3,22,0.18280623839284013,895
1029,2,2,22,0.32430095635434175,895
1029,3,4,22,0.3690063995996534,895
1029,4,1,22,0.12388640565316449,895
1029,1,3,23,0.14538739974518855,770
1029,2,2,23,0.3692170823064659,770
1029,3,4,23,0.3283294025618211,770
1029,4,1,23,0.1570661153865245,770
1052,1,4,0,0.003958786047504454,1580
1052,2,1,0,0.613851806026495,1580
1052,3,3,0,0.1680735685409214,1580
1052,4,2,0,0.21411583938507933,1580
1052,1,4,1,0.020758750133633538,1950
1052,2,1,1,0.550376975427536,1950
1052,3,3,1,0.14866624591845867,1950
1052,4,2,1,0.28019802852037246,1950
1052,1,4,2,0.02066453139718553,2925
1052,2,1,2,0.534942808095037,2925
1052,3,3,2,0.1926394202990267,2925
1052,4,2,2,0.25175324020875145,2925
1052,1,4,3,0.02763598981769035,5173
1052,2,1,3,0.4190636310986316,5173
1052,3,3,3,0.23313374612547466,5173
1052,4,2,3,0.3201666329582038,5173
1052,1,4,4,0.07253013534480503,7316
1052,2,1,4,0.3010898136315635,7316
1052,3,3,4,0.24483571185195982,7316
1052,4,2,4,0.38154433917167185,7316
1052,1,4,5,0.13749786574292125,6211
1052,2,1,5,0.20063233715051312,6211
1052,3,3,5,0.1823793743330611,6211
1052,4,2,5,0.47949042277350473,6211
1052,1,4,6,0.29334502215512365,4670
1052,2,1,6,0.14254172444485097,4670
1052,3,3,6,0.1063200211438254,4670
1052,4,2,6,0.45779323225619994,4670
1052,1,4,7,0.20258184532017984,1380
1052,2,1,7,0.2580447568641358,1380
1052,3,3,7,0.11890978073494386,1380
1052,4,2,7,0.4204636170807405,1380
1052,1,4,8,0.10322510760276418,1666
1052,2,1,8,0.2865499064919442,1666
1052,3,3,8,0.18574651106770063,1666
1052,4,2,8,0.42447847483759144,1666
1052,1,4,9,0.08645166346198657,3486
1052,2,1,9,0.379838280185013,3486
1052,3,3,9,0.2187677167959227,3486
1052,4,2,9,0.31494233955707834,3486
1052,1,4,10,0.05168325869258862,4278
1052,2,1,10,0.3132187416336895,4278
1052,3,3,10,0.25148623221652583,4278
1052,4,2,10,0.3836117674571963,4278
1052,1,4,11,0.032169102871370536,4042
1052,2,1,11,0.370818311889636,4042
1052,3,3,11,0.25998000366057383,4042
1052,4,2,11,0.3370325815784199,4042
1052,1,4,12,0.020357021850130663,2528
1052,2,1,12,0.43795071773450744,2528
1052,3,3,12,0.21611494428838243,2528
1052,4,2,12,0.32557731612697977,2528
1052,1,4,13,0.02033539963499189,2554
1052,2,1,13,0.4313200579446058,2554
1052,3,3,13,0.26325467332715624,2554
1052,4,2,13,0.28508986909324596,2554
1052,1,4,14,0.025497362556573117,2204
1052,2,1,14,0.3946197668770081,2204
1052,3,3,14,0.27145736887735605,2204
1052,4,2,14,0.3084255016890627,2204
1052,1,4,15,0.055328021455403914,2010
1052,2,1,15,0.4010204574047259,2010
1052,3,3,15,0.21914414755208775,2010
1052,4,2,15,0.32450737358778253,2010
1052,1,4,16,0.06601259058940341,2395
1052,2,1,16,0.32073629367411527,2395
1052,3,3,16,0.13397575673786372,2395
1052,4,2,16,0.47927535899861823,2395
1052,1,4,17,0.05872016887120361,1734
1052,2,1,17,0.3322774873730872,1734
1052,3,3,17,0.14395776900291934,1734
1052,4,2,17,0.46504457475279015,1734
1052,1,4,18,0.044778385769698725,1802
1052,2,1,18,0.4936391388515284,1802
1052,3,3,18,0.09997297953702967,1802
1052,4,2,18,0.36160949584174423,1802
1052,1,4,19,0.03152804341504099,1928
1052,2,1,19,0.37785934222534484,1928
1052,3,3,19,0.160134869808442,1928
1052,4,2,19,0.430477744551172,1928
1052,1,4,20,0.0433731172069248,2079
1052,2,1,20,0.454459293000801,2079
1052,3,3,20,0.12039807365560355,2079
1052,4,2,20,0.38176951613667137,2079
1052,1,4,21,0.04374378466745104,1424
1052,2,1,21,0.4635299759685023,1424
1052,3,3,21,0.16843595210576925,1424
1052,4,2,21,0.324290287258278,1424
1052,1,4,22,0.009404355126729321,1528
1052,2,1,22,0.5322232843300928,1528
1052,3,3,22,0.14685499541107316,1528
1052,4,2,22,0.31151736513210504,1528
1052,1,4,23,0.008375786011474956,1531
1052,2,1,23,0.5639462617514801,1531
1052,3,3,23,0.12733888621103714,1531
1052,4,2,23,0.3003390660260083,1531
1054,1,3,0,0.43625877255828277,1006
1054,2,4,0,1.4408312070271417e-5,1006
1054,3,2,0,0.2931829206868522,1006
1054,4,1,0,0.27054389844279486,1006
1054,1,3,1,0.3521419686050474,558
1054,2,4,1,0.019724907373736666,558
1054,3,2,1,0.4035861477117841,558
1054,4,1,1,0.22454697630943235,558
1054,1,3,2,0.3901503833403438,570
1054,2,4,2,0.005277578621189775,570
1054,3,2,2,0.3756009204343506,570
1054,4,1,2,0.22897111760411548,570
1054,1,3,3,0.361775990426361,1299
1054,2,4,3,0.007840212146914036,1299
1054,3,2,3,0.4012680909688394,1299
1054,4,1,3,0.2291157064578853,1299
1054,1,3,4,0.39261819181629265,2723
1054,2,4,4,0.0042188752366394515,2723
1054,3,2,4,0.3415656269297147,2723
1054,4,1,4,0.2615973060173537,2723
1054,1,3,5,0.38424599192184533,3365
1054,2,4,5,0.009491853349316133,3365
1054,3,2,5,0.3420855637262423,3365
1054,4,1,5,0.2641765910025964,3365
1054,1,3,6,0.3818666253679267,2498
1054,2,4,6,0.014951617616629472,2498
1054,3,2,6,0.3400526187521661,2498
1054,4,1,6,0.26312913826327783,2498
1054,1,3,7,0.32489529382382115,1248
1054,2,4,7,0.008853509879106963,1248
1054,3,2,7,0.44780509808145336,1248
1054,4,1,7,0.2184460982156189,1248
1054,1,3,8,0.33729138015891585,1329
1054,2,4,8,0.04513031442433695,1329
1054,3,2,8,0.4013131721058279,1329
1054,4,1,8,0.21626513331091987,1329
1054,1,3,9,0.34018361738037795,1238
1054,2,4,9,0.01138112529159209,1238
1054,3,2,9,0.439736427064765,1238
1054,4,1,9,0.20869883026326522,1238
1054,1,3,10,0.36671195562011893,1311
1054,2,4,10,2.2765398251185322e-5,1311
1054,3,2,10,0.4105006588462413,1311
1054,4,1,10,0.22276462013538853,1311
1054,1,3,11,0.41416908533199626,1792
1054,2,4,11,0.010995590112860833,1792
1054,3,2,11,0.3011596616917201,1792
1054,4,1,11,0.27367566286342276,1792
1054,1,3,12,0.41353885512162303,1566
1054,2,4,12,0.01534754535353583,1566
1054,3,2,12,0.31465231039007635,1566
1054,4,1,12,0.25646128913476507,1566
1054,1,3,13,0.4177781972519565,1350
1054,2,4,13,0.03776719113003096,1350
1054,3,2,13,0.26846329027211846,1350
1054,4,1,13,0.27599132134589405,1350
1054,1,3,14,0.37973518030105113,1332
1054,2,4,14,2.2925199695098468e-5,1332
1054,3,2,14,0.3722837093012173,1332
1054,4,1,14,0.24795818519803642,1332
1054,1,3,15,0.37745081014256215,1475
1054,2,4,15,0.0128859618243879,1475
1054,3,2,15,0.3537947954056714,1475
1054,4,1,15,0.2558684326273786,1475
1054,1,3,16,0.42661203967547084,2271
1054,2,4,16,0.0010712310364813158,2271
1054,3,2,16,0.2796090990113726,2271
1054,4,1,16,0.29270763027667523,2271
1054,1,3,17,0.4461800117984473,2204
1054,2,4,17,0.007287258726747073,2204
1054,3,2,17,0.2485030076222118,2204
1054,4,1,17,0.298029721852594,2204
1054,1,3,18,0.4748785695362615,2292
1054,2,4,18,0.009216432415159258,2292
1054,3,2,18,0.1844347016989229,2292
1054,4,1,18,0.3314702963496566,2292
1054,1,3,19,0.4711506667436292,2163
1054,2,4,19,6.765542377078271e-5,2163
1054,3,2,19,0.20329093985964958,2163
1054,4,1,19,0.3254907379729506,2163
1054,1,3,20,0.4696991765698682,2202
1054,2,4,20,0.017322734203789665,2202
1054,3,2,20,0.19480402562490357,2202
1054,4,1,20,0.31817406360143874,2202
1054,1,3,21,0.5097524751668256,2106
1054,2,4,21,0.006196523864123468,2106
1054,3,2,21,0.1444379839814322,2106
1054,4,1,21,0.3396130169876189,2106
1054,1,3,22,0.4686786633111634,2226
1054,2,4,22,1.9002037693559613e-5,2226
1054,3,2,22,0.217331131579815,2226
1054,4,1,22,0.31397120307132836,2226
1054,1,3,23,0.3564209502748303,795
1054,2,4,23,1.478537445039794e-5,795
1054,3,2,23,0.4096681014815583,795
1054,4,1,23,0.2338961628691612,795
1059,1,4,0,0.03190393962320795,525
1059,2,1,0,0.4456315999176153,525
1059,3,2,0,0.2487840192064364,525
1059,4,3,0,0.2736804412527413,525
1059,1,4,1,0.01753585229762896,644
1059,2,1,1,0.33194641458622104,644
1059,3,2,1,0.3961310673783346,644
1059,4,3,1,0.25438666573781593,644
1059,1,4,2,0.011810517998458772,922
1059,2,1,2,0.3922629338409028,922
1059,3,2,2,0.4256005189007556,922
1059,4,3,2,0.17032602925988316,922
1059,1,4,3,0.033826901108684325,795
1059,2,1,3,0.40464996812338855,795
1059,3,2,3,0.36402657816226835,795
1059,4,3,3,0.19749655260565893,795
1059,1,4,4,0.07321585420850756,1335
1059,2,1,4,0.45188289604127824,1335
1059,3,2,4,0.1306345224779821,1335
1059,4,3,4,0.344266727272232,1335
1059,1,4,5,0.10333345597371935,1048
1059,2,1,5,0.3608583446954067,1048
1059,3,2,5,0.08603665919689667,1048
1059,4,3,5,0.4497715401339775,1048
1059,1,4,6,0.06864446067992125,1041
1059,2,1,6,0.2799365223543532,1041
1059,3,2,6,0.08941481733926239,1041
1059,4,3,6,0.5620041996264632,1041
1059,1,4,7,0.15933749743664255,223
1059,2,1,7,0.18186520021978053,223
1059,3,2,7,0.03780866472587747,223
1059,4,3,7,0.6209886376176993,223
1059,1,4,8,0.01831907326137744,206
1059,2,1,8,0.40242230914337046,206
1059,3,2,8,0.18346909340959042,206
1059,4,3,8,0.3957895241856618,206
1059,1,4,9,0.028166003301016696,229
1059,2,1,9,0.46945046699837606,229
1059,3,2,9,0.25655580187919647,229
1059,4,3,9,0.24582772782141124,229
1059,1,4,10,0.010093508642787923,324
1059,2,1,10,0.5463909412411029,324
1059,3,2,10,0.30598611047626095,324
1059,4,3,10,0.1375294396398483,324
1059,1,4,11,0.010660405842153432,589
1059,2,1,11,0.5285047285529049,589
1059,3,2,11,0.3012040791006946,589
1059,4,3,11,0.15963078650424747,589
1059,1,4,12,0.0063429327586986715,464
1059,2,1,12,0.5651661436800344,464
1059,3,2,12,0.26596674460536707,464
1059,4,3,12,0.1625241789559001,464
1059,1,4,13,0.007639195982076866,289
1059,2,1,13,0.4897114323628774,289
1059,3,2,13,0.37486567853079417,289
1059,4,3,13,0.12778369312425145,289
1059,1,4,14,0.015005867676703182,424
1059,2,1,14,0.47563043140829586,424
1059,3,2,14,0.3675007441590587,424
1059,4,3,14,0.14186295675594224,424
1059,1,4,15,0.0070585366987944795,781
1059,2,1,15,0.5436257600078787,781
1059,3,2,15,0.3169012196728389,781
1059,4,3,15,0.13241448362048783,781
1059,1,4,16,0.024740628740852116,984
1059,2,1,16,0.6003305652924835,984
1059,3,2,16,0.17668999814671488,984
1059,4,3,16,0.19823880781995004,984
1059,1,4,17,0.015936197723232282,1201
1059,2,1,17,0.5841033792848497,1201
1059,3,2,17,0.17216035119528164,1201
1059,4,3,17,0.22780007179663747,1201
1059,1,4,18,0.01779848211190326,996
1059,2,1,18,0.5612826603128784,996
1059,3,2,18,0.15987013007270995,996
1059,4,3,18,0.2610487275025098,996
1059,1,4,19,0.02004853726947695,685
1059,2,1,19,0.49857598632466915,685
1059,3,2,19,0.27965344826330935,685
1059,4,3,19,0.2017220281425453,685
1059,1,4,20,0.013077973640007222,830
1059,2,1,20,0.5666640926901304,830
1059,3,2,20,0.15492197496520896,830
1059,4,3,20,0.26533595870465393,830
1059,1,4,21,0.021048993768079474,893
1059,2,1,21,0.5062927694970057,893
1059,3,2,21,0.19869404520015993,893
1059,4,3,21,0.2739641915347552,893
1059,1,4,22,0.020929954418202768,815
1059,2,1,22,0.45313279774884574,815
1059,3,2,22,0.3286529620277092,815
1059,4,3,22,0.197284285805243,815
1059,1,4,23,0.006417572919211476,925
1059,2,1,23,0.5288289200056394,925
1059,3,2,23,0.30757027086144473,925
1059,4,3,23,0.15718323621370475,925
1060,1,4,0,0.10027697966594244,746
1060,2,3,0,0.016981556289452186,746
1060,3,1,0,0.19155314512144742,746
1060,4,2,0,0.691188318923158,746
1060,1,4,1,0.13521896360003074,731
1060,2,3,1,0.022910690813953027,731
1060,3,1,1,0.21712456054757984,731
1060,4,2,1,0.6247457850384364,731
1060,1,4,2,0.10951812947531733,2034
1060,2,3,2,0.015958297068167687,2034
1060,3,1,2,0.3292018259414834,2034
1060,4,2,2,0.5453217475150308,2034
1060,1,4,3,0.14975570360699522,3537
1060,2,3,3,0.02752529598783638,3537
1060,3,1,3,0.34132363152683143,3537
1060,4,2,3,0.48139536887833734,3537
1060,1,4,4,0.16012996545317787,5111
1060,2,3,4,0.0384063605838755,5111
1060,3,1,4,0.33650573911095494,5111
1060,4,2,4,0.46495793485199094,5111
1060,1,4,5,0.28123113648481707,5502
1060,2,3,5,0.058610541568879466,5502
1060,3,1,5,0.18381537129147607,5502
1060,4,2,5,0.4763429506548269,5502
1060,1,4,6,0.47759192354853974,3964
1060,2,3,6,0.08906625736669029,3964
1060,3,1,6,0.08632190781366969,3964
1060,4,2,6,0.3470199112710998,3964
1060,1,4,7,0.508804458164363,1382
1060,2,3,7,0.11011388714861937,1382
1060,3,1,7,0.051831288159251025,1382
1060,4,2,7,0.3292503665277662,1382
1060,1,4,8,0.2479518824147396,601
1060,2,3,8,0.061154540819571064,601
1060,3,1,8,0.1082126790273054,601
1060,4,2,8,0.5826808977383833,601
1060,1,4,9,0.2672742807975956,987
1060,2,3,9,0.04782836566893826,987
1060,3,1,9,0.2129987009077062,987
1060,4,2,9,0.47189865262575986,987
1060,1,4,10,0.12048072902633851,2068
1060,2,3,10,0.017840859569423412,2068
1060,3,1,10,0.36182339059658997,2068
1060,4,2,10,0.499855020807648,2068
1060,1,4,11,0.09781838865151592,2482
1060,2,3,11,0.021606206260494098,2482
1060,3,1,11,0.4243220842511341,2482
1060,4,2,11,0.45625332083685605,2482
1060,1,4,12,0.05999387309235041,1874
1060,2,3,12,0.013285692976359622,1874
1060,3,1,12,0.47993159335537217,1874
1060,4,2,12,0.4467888405759173,1874
1060,1,4,13,0.060232602741681816,2007
1060,2,3,13,0.014997484422674148,2007
1060,3,1,13,0.565908325681302,2007
1060,4,2,13,0.3588615871543421,2007
1060,1,4,14,0.016349188920469337,2107
1060,2,3,14,0.009100828267220216,2107
1060,3,1,14,0.7328468857962999,2107
1060,4,2,14,0.24170309701601073,2107
1060,1,4,15,0.038893851550123294,2284
1060,2,3,15,0.010076587401463206,2284
1060,3,1,15,0.6907879557475867,2284
1060,4,2,15,0.260241605300827,2284
1060,1,4,16,0.04560671181165303,3156
1060,2,3,16,0.013265167046444985,3156
1060,3,1,16,0.5988729586316874,3156
1060,4,2,16,0.3422551625102141,3156
1060,1,4,17,0.05270307398168719,3851
1060,2,3,17,0.012234567880100572,3851
1060,3,1,17,0.5721522548613653,3851
1060,4,2,17,0.3629101032768463,3851
1060,1,4,18,0.08102683650704892,2404
1060,2,3,18,0.019355137201647523,2404
1060,3,1,18,0.5222751056278495,2404
1060,4,2,18,0.3773429206634543,2404
1060,1,4,19,0.09929968300931168,2305
1060,2,3,19,0.019772565471350506,2305
1060,3,1,19,0.5129537345193448,2305
1060,4,2,19,0.3679740169999915,2305
1060,1,4,20,0.04275036889870282,2569
1060,2,3,20,0.009378844997816268,2569
1060,3,1,20,0.5876834386210835,2569
1060,4,2,20,0.3601873474823973,2569
1060,1,4,21,0.03977955879021909,1924
1060,2,3,21,0.010849420243993295,1924
1060,3,1,21,0.5382150426932513,1924
1060,4,2,21,0.4111559782725361,1924
1060,1,4,22,0.04446615605179167,1965
1060,2,3,22,0.0064613954739624595,1965
1060,3,1,22,0.6356871558827022,1965
1060,4,2,22,0.31338529259154313,1965
1060,1,4,23,0.05242036414934207,1258
1060,2,3,23,0.007358837466384048,1258
1060,3,1,23,0.4975444916395565,1258
1060,4,2,23,0.44267630674471736,1258
1062,1,4,0,0.07954033650783467,1522
1062,2,1,0,0.32746187168965024,1522
1062,3,3,0,0.21976994222576374,1522
1062,4,2,0,0.37322784957675126,1522
1062,1,4,1,0.07686360841156725,1624
1062,2,1,1,0.3715068309821767,1624
1062,3,3,1,0.22915577881712396,1624
1062,4,2,1,0.32247378178913294,1624
1062,1,4,2,0.06287312116637335,1616
1062,2,1,2,0.4249061479705711,1616
1062,3,3,2,0.2109574990981134,1616
1062,4,2,2,0.3012632317649418,1616
1062,1,4,3,0.07335181184989817,4082
1062,2,1,3,0.3743148284329806,4082
1062,3,3,3,0.22009778297617114,4082
1062,4,2,3,0.3322355767409505,4082
1062,1,4,4,0.10218961270569518,5897
1062,2,1,4,0.35182535925519426,5897
1062,3,3,4,0.2016016103285828,5897
1062,4,2,4,0.3443834177105276,5897
1062,1,4,5,0.15148111656855054,6453
1062,2,1,5,0.2631094609862417,6453
1062,3,3,5,0.18647354221961163,6453
1062,4,2,5,0.3989358802255961,6453
1062,1,4,6,0.2185321239679208,5620
1062,2,1,6,0.1564687419313042,5620
1062,3,3,6,0.141352294597718,5620
1062,4,2,6,0.48364683950305654,5620
1062,1,4,7,0.2544053032921281,1781
1062,2,1,7,0.09048863382497448,1781
1062,3,3,7,0.23000439387953567,1781
1062,4,2,7,0.4251016690033611,1781
1062,1,4,8,0.17804408643033315,1123
1062,2,1,8,0.21422828299035632,1123
1062,3,3,8,0.14733890709783495,1123
1062,4,2,8,0.4603887234814748,1123
1062,1,4,9,0.15214799043461846,1917
1062,2,1,9,0.2917733925565508,1917
1062,3,3,9,0.14336714431513126,1917
1062,4,2,9,0.41271147269369957,1917
1062,1,4,10,0.0933678810008832,2666
1062,2,1,10,0.3653416267396135,2666
1062,3,3,10,0.17723430245489105,2666
1062,4,2,10,0.3640561898046123,2666
1062,1,4,11,0.056769254741854645,3731
1062,2,1,11,0.41785978816192315,3731
1062,3,3,11,0.21101757836349153,3731
1062,4,2,11,0.31435337873273067,3731
1062,1,4,12,0.03757001873895719,3514
1062,2,1,12,0.5183114077226388,3514
1062,3,3,12,0.16154797702967078,3514
1062,4,2,12,0.2825705965087331,3514
1062,1,4,13,0.027126611246192745,2630
1062,2,1,13,0.5196263898622266,2630
1062,3,3,13,0.21025037589289416,2630
1062,4,2,13,0.24299662299868663,2630
1062,1,4,14,0.02479015410846328,3593
1062,2,1,14,0.5841212107345282,3593
1062,3,3,14,0.19862199204826847,3593
1062,4,2,14,0.19246664310874018,3593
1062,1,4,15,0.029509068414427495,4798
1062,2,1,15,0.5527126717125631,4798
1062,3,3,15,0.2117044758512499,4798
1062,4,2,15,0.20607378402175944,4798
1062,1,4,16,0.03497708080086259,5313
1062,2,1,16,0.5256639349221333,5313
1062,3,3,16,0.18236742382558901,5313
1062,4,2,16,0.25699156045141475,5313
1062,1,4,17,0.037945391585805024,5502
1062,2,1,17,0.5075603349794214,5502
1062,3,3,17,0.16465597318261088,5502
1062,4,2,17,0.28983830025216295,5502
1062,1,4,18,0.04714320859503578,6804
1062,2,1,18,0.462230846469121,6804
1062,3,3,18,0.1722456175612851,6804
1062,4,2,18,0.31838032737455774,6804
1062,1,4,19,0.05166685533463165,7327
1062,2,1,19,0.43720323953234663,7327
1062,3,3,19,0.15320464409974754,7327
1062,4,2,19,0.3579252610332739,7327
1062,1,4,20,0.05018679689167647,5256
1062,2,1,20,0.4564067148078628,5256
1062,3,3,20,0.1861868288814233,5256
1062,4,2,20,0.30721965941903756,5256
1062,1,4,21,0.038725094552044995,5175
1062,2,1,21,0.4797782977323608,5175
1062,3,3,21,0.21062812422312888,5175
1062,4,2,21,0.2708684834924649,5175
1062,1,4,22,0.019890239203746045,3651
1062,2,1,22,0.5374927373607407,3651
1062,3,3,22,0.2070069832833404,3651
1062,4,2,22,0.23561004015217274,3651
1062,1,4,23,0.02991561413710241,2792
1062,2,1,23,0.5069622551433233,2792
1062,3,3,23,0.19985403808826066,2792
1062,4,2,23,0.2632680926313144,2792
1064,1,4,0,0.052318110321814104,1677
1064,2,3,0,0.45125343261951756,1677
1064,3,2,0,0.24362038537140526,1677
1064,4,1,0,0.2528080716872634,1677
1064,1,4,1,0.054401051683681034,967
1064,2,3,1,0.3107524204023256,967
1064,3,2,1,0.36846671085347005,967
1064,4,1,1,0.2663798170605237,967
1064,1,4,2,0.039288108838085256,1902
1064,2,3,2,0.2877226056209464,1902
1064,3,2,2,0.32848821431414466,1902
1064,4,1,2,0.3445010712268232,1902
1064,1,4,3,0.05331301327403782,2329
1064,2,3,3,0.2767837644399638,2329
1064,3,2,3,0.27176894645320504,2329
1064,4,1,3,0.398134275832794,2329
1064,1,4,4,0.08279791079725857,2630
1064,2,3,4,0.3540118900705348,2630
1064,3,2,4,0.22014012664642735,2630
1064,4,1,4,0.3430500724857791,2630
1064,1,4,5,0.13976133620594144,2869
1064,2,3,5,0.41610134588595715,2869
1064,3,2,5,0.18334177366482696,2869
1064,4,1,5,0.26079554424327456,2869
1064,1,4,6,0.21625789482962224,1895
1064,2,3,6,0.41230962162127854,1895
1064,3,2,6,0.210807761434698,1895
1064,4,1,6,0.1606247221144012,1895
1064,1,4,7,0.27966347022059745,840
1064,2,3,7,0.5457465616330621,840
1064,3,2,7,0.08222218153026802,840
1064,4,1,7,0.09236778661607246,840
1064,1,4,8,0.12696921729003313,920
1064,2,3,8,0.42193564563007213,920
1064,3,2,8,0.2735346844056741,920
1064,4,1,8,0.17756045267422013,920
1064,1,4,9,0.06880475255581757,1968
1064,2,3,9,0.2911027044414842,1968
1064,3,2,9,0.32389974538955346,1968
1064,4,1,9,0.31619279761314495,1968
1064,1,4,10,0.05818386898030639,2911
1064,2,3,10,0.25670247658300044,2911
1064,3,2,10,0.3268528592267636,2911
1064,4,1,10,0.35826079520992943,2911
1064,1,4,11,0.050099724632839654,2361
1064,2,3,11,0.24398185118095322,2361
1064,3,2,11,0.24636528279847578,2361
1064,4,1,11,0.4595531413877309,2361
1064,1,4,12,0.024035999383443817,3021
1064,2,3,12,0.18055402819366587,3021
1064,3,2,12,0.2727752015489808,3021
1064,4,1,12,0.5226347708739095,3021
1064,1,4,13,0.016186818317557302,2713
1064,2,3,13,0.15890122092511533,2713
1064,3,2,13,0.2477718672273595,2713
1064,4,1,13,0.5771400935299682,2713
1064,1,4,14,0.023491188880130125,2632
1064,2,3,14,0.18380594775267628,2632
1064,3,2,14,0.3458962290108093,2632
1064,4,1,14,0.4468066343563842,2632
1064,1,4,15,0.017806278114456762,2948
1064,2,3,15,0.13659373143710699,2948
1064,3,2,15,0.2668468600985504,2948
1064,4,1,15,0.5787531303498858,2948
1064,1,4,16,0.024753199908521546,2730
1064,2,3,16,0.20546138984139337,2730
1064,3,2,16,0.28763692839540567,2730
1064,4,1,16,0.48214848185467973,2730
1064,1,4,17,0.026838527390567295,4756
1064,2,3,17,0.20177022250073878,4756
1064,3,2,17,0.22788172120285322,4756
1064,4,1,17,0.5435095289058408,4756
1064,1,4,18,0.051450722162668515,6371
1064,2,3,18,0.289968457951022,6371
1064,3,2,18,0.26405592339595413,6371
1064,4,1,18,0.39452489649035505,6371
1064,1,4,19,0.06367900042567093,4368
1064,2,3,19,0.3294648775835791,4368
1064,3,2,19,0.26476145289261793,4368
1064,4,1,19,0.34209466909813174,4368
1064,1,4,20,0.058099422675789235,2876
1064,2,3,20,0.31965311513101546,2876
1064,3,2,20,0.24368967812371659,2876
1064,4,1,20,0.37855778406947865,2876
1064,1,4,21,0.05025121888549358,4430
1064,2,3,21,0.3588434113916238,4430
1064,3,2,21,0.23060361347831407,4430
1064,4,1,21,0.36030175624456845,4430
1064,1,4,22,0.05496574206179869,3938
1064,2,3,22,0.3399639790964257,3938
1064,3,2,22,0.30050812651175224,3938
1064,4,1,22,0.3045621523300237,3938
1064,1,4,23,0.061432645220941856,2472
1064,2,3,23,0.4593477106204395,2472
1064,3,2,23,0.22223526904698734,2472
1064,4,1,23,0.2569843751116305,2472
1065,1,1,0,0.3436944154894029,898
1065,2,2,0,0.5284667465776285,898
1065,3,3,0,0.08260138898091655,898
1065,4,4,0,0.0452374489520514,898
1065,1,1,1,0.37758450057502396,1191
1065,2,2,1,0.47819748321333044,1191
1065,3,3,1,0.0759590931102679,1191
1065,4,4,1,0.06825892310137874,1191
1065,1,1,2,0.3864949101751542,1314
1065,2,2,2,0.4515623754319766,1314
1065,3,3,2,0.10414757977752942,1314
1065,4,4,2,0.057795134615340235,1314
1065,1,1,3,0.2986164639147614,2133
1065,2,2,3,0.3939542234234016,2133
1065,3,3,3,0.18870507211361975,2133
1065,4,4,3,0.11872424054821784,2133
1065,1,1,4,0.25415122022093084,3135
1065,2,2,4,0.36442023728993445,3135
1065,3,3,4,0.2580666177692421,3135
1065,4,4,4,0.12336192471989313,3135
1065,1,1,5,0.3064576031420697,4003
1065,2,2,5,0.28856396877476864,4003
1065,3,3,5,0.24453257954464677,4003
1065,4,4,5,0.1604458485385153,4003
1065,1,1,6,0.3154545530362858,3623
1065,2,2,6,0.3003565698021602,3623
1065,3,3,6,0.18874048136767857,3623
1065,4,4,6,0.19544839579387574,3623
1065,1,1,7,0.3578802698153952,1092
1065,2,2,7,0.22760235175227003,1092
1065,3,3,7,0.2134610431537979,1092
1065,4,4,7,0.20105633527853664,1092
1065,1,1,8,0.3635113701227355,1370
1065,2,2,8,0.21833391235987815,1370
1065,3,3,8,0.16715150969837858,1370
1065,4,4,8,0.2510032078190078,1370
1065,1,1,9,0.31114184799786393,2111
1065,2,2,9,0.3569118943672936,2111
1065,3,3,9,0.17538453696150305,2111
1065,4,4,9,0.15656172067333868,2111
1065,1,1,10,0.29908689071270306,2441
1065,2,2,10,0.37282560970714523,2441
1065,3,3,10,0.22070571200439743,2441
1065,4,4,10,0.10738178757575466,2441
1065,1,1,11,0.2702350908378346,2532
1065,2,2,11,0.38448252811379674,2532
1065,3,3,11,0.2319599031239391,2532
1065,4,4,11,0.11332247792443016,2532
1065,1,1,12,0.2768061464980207,2203
1065,2,2,12,0.4337498622974732,2203
1065,3,3,12,0.19936234752020596,2203
1065,4,4,12,0.09008164368430037,2203
1065,1,1,13,0.28735416104451417,1652
1065,2,2,13,0.4004691539004255,1652
1065,3,3,13,0.21541607958497466,1652
1065,4,4,13,0.09676060547008578,1652
1065,1,1,14,0.3108835920352347,1852
1065,2,2,14,0.4395715721757363,1852
1065,3,3,14,0.17355155967027994,1852
1065,4,4,14,0.07599327611874904,1852
1065,1,1,15,0.3118295620719423,1587
1065,2,2,15,0.4597762384227746,1587
1065,3,3,15,0.18376233852725551,1587
1065,4,4,15,0.04463186097802745,1587
1065,1,1,16,0.29608786495702155,2549
1065,2,2,16,0.40432523810432924,2549
1065,3,3,16,0.2381826594530919,2549
1065,4,4,16,0.06140423748555763,2549
1065,1,1,17,0.37544524050547845,2368
1065,2,2,17,0.3718901702000369,2368
1065,3,3,17,0.19080589387652766,2368
1065,4,4,17,0.061858695417957445,2368
1065,1,1,18,0.3997310959681189,1782
1065,2,2,18,0.3782276135772315,1782
1065,3,3,18,0.12897822852897706,1782
1065,4,4,18,0.09306306192567215,1782
1065,1,1,19,0.3419497641471452,1542
1065,2,2,19,0.4134488479447955,1542
1065,3,3,19,0.18678545081698922,1542
1065,4,4,19,0.05781593709107114,1542
1065,1,1,20,0.36840297224917923,1640
1065,2,2,20,0.42621508311722783,1640
1065,3,3,20,0.14809986235140796,1640
1065,4,4,20,0.057282082282185405,1640
1065,1,1,21,0.45424134247497494,1362
1065,2,2,21,0.32078474759566356,1362
1065,3,3,21,0.1708675480578672,1362
1065,4,4,21,0.054106361871494306,1362
1065,1,1,22,0.3535449730366981,823
1065,2,2,22,0.5100264994415257,823
1065,3,3,22,0.09294949072409382,823
1065,4,4,22,0.043479036797683446,823
1065,1,1,23,0.38695702126014037,771
1065,2,2,23,0.40119751222811595,771
1065,3,3,23,0.12159869466740564,771
1065,4,4,23,0.09024677184433857,771
1072,1,3,0,0.04717413761191445,1245
1072,2,1,0,0.43958440961305906,1245
1072,3,4,0,0.05539544734370611,1245
1072,4,2,0,0.4578460054313195,1245
1072,1,3,1,0.07934658562024617,1094
1072,2,1,1,0.5275273662015464,1094
1072,3,4,1,0.07766181776008087,1094
1072,4,2,1,0.315464230418127,1094
1072,1,3,2,0.13419271538109004,1753
1072,2,1,2,0.437533751333563,1753
1072,3,4,2,0.046165564435549596,1753
1072,4,2,2,0.3821079688497975,1753
1072,1,3,3,0.19070373414660696,2237
1072,2,1,3,0.3416822167159455,2237
1072,3,4,3,0.05969114517487861,2237
1072,4,2,3,0.40792290396256875,2237
1072,1,3,4,0.2900573704522014,3350
1072,2,1,4,0.30432523284321794,3350
1072,3,4,4,0.04199840011743888,3350
1072,4,2,4,0.36361899658714164,3350
1072,1,3,5,0.3636387824014102,2857
1072,2,1,5,0.21962382605532937,2857
1072,3,4,5,0.037301108208566684,2857
1072,4,2,5,0.37943628333469376,2857
1072,1,3,6,0.4935735453899175,1863
1072,2,1,6,0.1819956919861406,1863
1072,3,4,6,0.028156797162134192,1863
1072,4,2,6,0.2962739654618073,1863
1072,1,3,7,0.4233511242841676,696
1072,2,1,7,0.2254244908425871,696
1072,3,4,7,0.04617033473606815,696
1072,4,2,7,0.30505405013717707,696
1072,1,3,8,0.2814329590303682,752
1072,2,1,8,0.32772206705328993,752
1072,3,4,8,0.06467332680833965,752
1072,4,2,8,0.32617164710800195,752
1072,1,3,9,0.2964328934232261,967
1072,2,1,9,0.2670283376324712,967
1072,3,4,9,0.054602084349338637,967
1072,4,2,9,0.3819366845949638,967
1072,1,3,10,0.21696694489411877,1487
1072,2,1,10,0.2057119216122604,1487
1072,3,4,10,0.05581695595675003,1487
1072,4,2,10,0.5215041775368708,1487
1072,1,3,11,0.07059544566802556,2433
1072,2,1,11,0.5202984581852796,2433
1072,3,4,11,0.06321737203954841,2433
1072,4,2,11,0.34588872410714655,2433
1072,1,3,12,0.04378068285457659,2187
1072,2,1,12,0.47577534838504226,2187
1072,3,4,12,0.058242625174905735,2187
1072,4,2,12,0.42220134358547523,2187
1072,1,3,13,0.015188826098534674,1109
1072,2,1,13,0.6380688739012166,1109
1072,3,4,13,0.07515649896434452,1109
1072,4,2,13,0.27158580103590385,1109
1072,1,3,14,0.016220210321256565,1148
1072,2,1,14,0.6261343924607059,1148
1072,3,4,14,0.07609270018913447,1148
1072,4,2,14,0.28155269702890245,1148
1072,1,3,15,0.017547337549576054,2054
1072,2,1,15,0.7011028221720964,2054
1072,3,4,15,0.0721164405018693,2054
1072,4,2,15,0.2092333997764584,2054
1072,1,3,16,0.033001871859191644,2296
1072,2,1,16,0.6034146147657213,2296
1072,3,4,16,0.07270526583790798,2296
1072,4,2,16,0.29087824753717906,2296
1072,1,3,17,0.04170309036450674,2714
1072,2,1,17,0.6585351547536255,2714
1072,3,4,17,0.07200999148861996,2714
1072,4,2,17,0.22775176339324757,2714
1072,1,3,18,0.08220811837477869,2563
1072,2,1,18,0.5155350298471245,2563
1072,3,4,18,0.05544754982132202,2563
1072,4,2,18,0.34680930195677406,2563
1072,1,3,19,0.10472191491421937,2206
1072,2,1,19,0.48479399322749156,2206
1072,3,4,19,0.04467408336240881,2206
1072,4,2,19,0.3658100084958803,2206
1072,1,3,20,0.030060148418189866,1515
1072,2,1,20,0.5587329134196817,1515
1072,3,4,20,0.05848381735825304,1515
1072,4,2,20,0.3527231208038746,1515
1072,1,3,21,0.019834757314805756,2152
1072,2,1,21,0.5923327756985087,2152
1072,3,4,21,0.04766628800214832,2152
1072,4,2,21,0.34016617898453694,2152
1072,1,3,22,0.05029275091978791,2246
1072,2,1,22,0.6220744563346503,2246
1072,3,4,22,0.05409196347877036,2246
1072,4,2,22,0.2735408292667906,2246
1072,1,3,23,0.03948808027347318,2079
1072,2,1,23,0.5005057424775322,2079
1072,3,4,23,0.05279213290629698,2079
1072,4,2,23,0.40721404434269787,2079
Denna,1,1,0,0.14878617308528552,249
Denna,2,2,0,0.2797515949577108,249
Denna,3,3,0,0.5131735192020306,249
Denna,4,4,0,0.058288712754971335,249
Denna,1,1,1,0.04553886790499471,149
Denna,2,2,1,0.04990816788144121,149
Denna,3,3,1,0.8489491590090325,149
Denna,4,4,1,0.05560380520452864,149
Denna,1,1,2,0.23918429553413045,279
Denna,2,2,2,0.18819379819544707,279
Denna,3,3,2,0.5140494126400037,279
Denna,4,4,2,0.05857249363041736,279
Denna,1,1,3,0.39971053033462556,278
Denna,2,2,3,0.421627207285078,278
Denna,3,3,3,0.11309138253425655,278
Denna,4,4,3,0.06557087984604033,278
Denna,1,1,4,0.2528746427748063,193
Denna,2,2,4,0.3993646254373609,193
Denna,3,3,4,0.2529099952900633,193
Denna,4,4,4,0.09485073649777002,193
Denna,1,1,5,0.15617191140649214,104
Denna,2,2,5,0.2047738178021254,104
Denna,3,3,5,0.3516873378499483,104
Denna,4,4,5,0.2873669329414344,104
Denna,1,1,6,0.04609480694580867,82
Denna,2,2,6,0.11590170714332537,82
Denna,3,3,6,0.3506739720390756,82
Denna,4,4,6,0.4873295138717903,82
Denna,1,1,7,0.19024421745284995,6
Denna,2,2,7,0.2789014231771522,6
Denna,3,3,7,0.35985825078626227,6
Denna,4,4,7,0.17099610858373507,6
Denna,1,1,8,0.21015089216287994,15
Denna,2,2,8,0.15859813032667056,15
Denna,3,3,8,0.44541930405554403,15
Denna,4,4,8,0.18583167345490717,15
Denna,1,1,9,0.054112571064209546,19
Denna,2,2,9,0.11121725332872237,19
Denna,3,3,9,0.7134469651253815,19
Denna,4,4,9,0.12122321048168819,19
Denna,1,1,10,0.1253514645376517,77
Denna,2,2,10,0.11177745521857421,77
Denna,3,3,10,0.6795888716964893,77
Denna,4,4,10,0.0832822085472865,77
Denna,1,1,11,0.24267897166385666,130
Denna,2,2,11,0.11795349764192545,130
Denna,3,3,11,0.4713967903927434,130
Denna,4,4,11,0.16797074030147716,130
Denna,1,1,12,0.47941604885154776,67
Denna,2,2,12,0.2417573010051463,67
Denna,3,3,12,0.16173753869190083,67
Denna,4,4,12,0.11708911145140373,67
Denna,1,1,13,0.32995869744358836,240
Denna,2,2,13,0.145960823777638,240
Denna,3,3,13,0.4470796083055684,240
Denna,4,4,13,0.07700087047320527,240
Denna,1,1,14,0.39959917627817093,218
Denna,2,2,14,0.182480943540364,218
Denna,3,3,14,0.34246354425235703,218
Denna,4,4,14,0.07545633592910778,218
Denna,1,1,15,0.5743848435590101,284
Denna,2,2,15,0.34865833639170446,284
Denna,3,3,15,0.05267124092731007,284
Denna,4,4,15,0.02428557912197602,284
Denna,1,1,16,0.6406081226613202,385
Denna,2,2,16,0.3089143128087533,385
Denna,3,3,16,0.01871357014077405,385
Denna,4,4,16,0.03176399438915186,385
Denna,1,1,17,0.41674864729938427,244
Denna,2,2,17,0.2714334899609621,244
Denna,3,3,17,0.22936633926334032,244
Denna,4,4,17,0.08245152347631181,244
Denna,1,1,18,0.5746971482128251,214
Denna,2,2,18,0.30712356286420595,214
Denna,3,3,18,0.09846787929075998,214
Denna,4,4,18,0.019711409632209007,214
Denna,1,1,19,0.5449019224381998,360
Denna,2,2,19,0.3512978060229902,360
Denna,3,3,19,0.06188626505742591,360
Denna,4,4,19,0.04191400648138314,360
Denna,1,1,20,0.45790065792739115,551
Denna,2,2,20,0.1879448681793286,551
Denna,3,3,20,0.29276039853110253,551
Denna,4,4,20,0.06139407536217731,551
Denna,1,1,21,0.614975958088853,317
Denna,2,2,21,0.2511972112260497,317
Denna,3,3,21,0.051945907836519215,317
Denna,4,4,21,0.08188092284857726,317
Denna,1,1,22,0.530806012397697,338
Denna,2,2,22,0.24103125403221942,338
Denna,3,3,22,0.18444253850909134,338
Denna,4,4,22,0.043720195060991056,338
Denna,1,1,23,0.13670393484384732,294
Denna,2,2,23,0.1386625211173355,294
Denna,3,3,23,0.6832873003352464,294
Denna,4,4,23,0.04134624370356689,294
Dopey,1,3,0,0.0004970236172810588,43
Dopey,2,4,0,0.08168339395323379,43
Dopey,3,2,0,0.3470003385114586,43
Dopey,4,1,0,0.5708192439180259,43
Dopey,1,3,1,0.0006527252641658892,89
Dopey,2,4,1,0.2286969006518479,89
Dopey,3,2,1,0.41889447017072473,89
Dopey,4,1,1,0.3517559039132617,89
Dopey,1,3,2,0.05102946706354319,123
Dopey,2,4,2,0.24678129115975578,123
Dopey,3,2,2,0.4642115313149424,123
Dopey,4,1,2,0.23797771046175928,123
Dopey,1,3,3,0.18077672691102173,472
Dopey,2,4,3,0.3043842774290401,472
Dopey,3,2,3,0.35008500407259424,472
Dopey,4,1,3,0.16475399158734416,472
Dopey,1,3,4,0.11085727831937424,1437
Dopey,2,4,4,0.22851908203938429,1437
Dopey,3,2,4,0.4299522220219088,1437
Dopey,4,1,4,0.2306714176193321,1437
Dopey,1,3,5,0.17096296291886046,1544
Dopey,2,4,5,0.2220846265818276,1544
Dopey,3,2,5,0.3918790822168307,1544
Dopey,4,1,5,0.2150733282824805,1544
Dopey,1,3,6,0.3149135149034485,1105
Dopey,2,4,6,0.12312841370460093,1105
Dopey,3,2,6,0.25480134989740216,1105
Dopey,4,1,6,0.307156721494548,1105
Dopey,1,3,7,0.21478306317756896,166
Dopey,2,4,7,0.14585984028057608,166
Dopey,3,2,7,0.24818503603519967,166
Dopey,4,1,7,0.39117206050665326,166
Dopey,1,3,8,0.03817616731697935,150
Dopey,2,4,8,0.13925100879837582,150
Dopey,3,2,8,0.24988176911144247,150
Dopey,4,1,8,0.5726910547732008,150
Dopey,1,3,9,0.00041573788619707797,601
Dopey,2,4,9,0.3271260289329332,601
Dopey,3,2,9,0.4786364479890787,601
Dopey,4,1,9,0.19382178519178958,601
Dopey,1,3,10,0.009159951785209798,974
Dopey,2,4,10,0.2893542675777508,974
Dopey,3,2,10,0.3715429143548871,974
Dopey,4,1,10,0.32994286628215175,974
Dopey,1,3,11,0.019438142810367477,871
Dopey,2,4,11,0.1585067988749444,871
Dopey,3,2,11,0.37882538255226167,871
Dopey,4,1,11,0.4432296757624256,871
Dopey,1,3,12,0.0010419549539188522,741
Dopey,2,4,12,0.20285027456807905,741
Dopey,3,2,12,0.4308254411231895,741
Dopey,4,1,12,0.365282329354811,741
Dopey,1,3,13,0.0003689596809895695,506
Dopey,2,4,13,0.1534692198366777,506
Dopey,3,2,13,0.45643159183264215,506
Dopey,4,1,13,0.38973022864969004,506
Dopey,1,3,14,0.00030858720023825163,162
Dopey,2,4,14,0.3189251010887008,162
Dopey,3,2,14,0.48391332183556024,162
Dopey,4,1,14,0.1968529898755008,162
Dopey,1,3,15,0.00019012236820755774,574
Dopey,2,4,15,0.20818821439951748,574
Dopey,3,2,15,0.48113883417222886,574
Dopey,4,1,15,0.31048282906004554,574
Dopey,1,3,16,0.00038710792158531623,548
Dopey,2,4,16,0.1267991538821606,548
Dopey,3,2,16,0.4906366492446646,548
Dopey,4,1,16,0.38217708895159236,548
Dopey,1,3,17,0.0010252369385417752,757
Dopey,2,4,17,0.15023192701056637,757
Dopey,3,2,17,0.46453376291681464,757
Dopey,4,1,17,0.3842090731340809,757
Dopey,1,3,18,0.0012312117957912335,229
Dopey,2,4,18,0.14502900346728048,229
Dopey,3,2,18,0.4748711090380394,229
Dopey,4,1,18,0.37886867569888966,229
Dopey,1,3,19,7.816866021984754e-5,222
Dopey,2,4,19,0.37340181922803345,222
Dopey,3,2,19,0.5652075878350009,222
Dopey,4,1,19,0.06131242427674601,222
Dopey,1,3,20,0.012636531243012313,401
Dopey,2,4,20,0.106541749395699,401
Dopey,3,2,20,0.42245405538973346,401
Dopey,4,1,20,0.45836766397155637,401
Dopey,1,3,21,0.008548889622274465,540
Dopey,2,4,21,0.12521984051347393,540
Dopey,3,2,21,0.3628849097499118,540
Dopey,4,1,21,0.5033463601143424,540
Dopey,1,3,22,0.00018719836593289297,260
Dopey,2,4,22,0.16464489666252727,260
Dopey,3,2,22,0.445613966309848,260
Dopey,4,1,22,0.389553938661693,260
Dopey,1,3,23,0.0018194307623836102,259
Dopey,2,4,23,0.1884860780877193,259
Dopey,3,2,23,0.3028062882072009,259
Dopey,4,1,23,0.5068882029426979,259
Draco,1,4,0,0.31401620948438563,412
Draco,2,2,0,0.4686799817676498,412
Draco,3,1,0,0.20104505275156465,412
Draco,4,3,0,0.016258755996399775,412
Draco,1,4,1,0.28077327369918365,208
Draco,2,2,1,0.47186559433002534,208
Draco,3,1,1,0.2096599576284888,208
Draco,4,3,1,0.037701174342302406,208
Draco,1,4,2,0.4760451513079036,467
Draco,2,2,2,0.16090219033031447,467
Draco,3,1,2,0.34141965421941045,467
Draco,4,3,2,0.02163300414237128,467
Draco,1,4,3,0.4367662925546887,866
Draco,2,2,3,0.20268519100459909,866
Draco,3,1,3,0.3369530181503877,866
Draco,4,3,3,0.02359549829032533,866
Draco,1,4,4,0.3281708329311278,949
Draco,2,2,4,0.3939525618160854,949
Draco,3,1,4,0.23925250206737628,949
Draco,4,3,4,0.03862410318541032,949
Draco,1,4,5,0.2250474787356472,537
Draco,2,2,5,0.564128544092572,537
Draco,3,1,5,0.15683753474889311,537
Draco,4,3,5,0.05398644242288718,537
Draco,1,4,6,0.24630820263786196,357
Draco,2,2,6,0.484789712361255,357
Draco,3,1,6,0.16853635314166918,357
Draco,4,3,6,0.10036573185921342,357
Draco,1,4,7,0.4761892193724158,176
Draco,2,2,7,0.16022199880534316,176
Draco,3,1,7,0.3480347041401972,176
Draco,4,3,7,0.015554077682043126,176
Draco,1,4,8,0.459294904370255,501
Draco,2,2,8,0.14226030088309713,501
Draco,3,1,8,0.34965637296322655,501
Draco,4,3,8,0.04878842178342034,501
Draco,1,4,9,0.3549798788463189,414
Draco,2,2,9,0.25578285376720483,414
Draco,3,1,9,0.27873302805844924,414
Draco,4,3,9,0.11050423932802675,414
Draco,1,4,10,0.37578481620034204,743
Draco,2,2,10,0.29687664035805306,743
Draco,3,1,10,0.28491853750181645,743
Draco,4,3,10,0.042420005939787994,743
Draco,1,4,11,0.31304482330953937,793
Draco,2,2,11,0.40245014986232097,793
Draco,3,1,11,0.2344161312098892,793
Draco,4,3,11,0.05008889561825053,793
Draco,1,4,12,0.36483276317570457,147
Draco,2,2,12,0.30354127675667364,147
Draco,3,1,12,0.2699028321088271,147
Draco,4,3,12,0.06172312795879457,147
Draco,1,4,13,0.539304672262502,208
Draco,2,2,13,0.03800594654701566,208
Draco,3,1,13,0.40892845409062684,208
Draco,4,3,13,0.013760927099854372,208
Draco,1,4,14,0.4593277477093711,554
Draco,2,2,14,0.1736398472464967,554
Draco,3,1,14,0.3502335939526564,554
Draco,4,3,14,0.01679881109147527,554
Draco,1,4,15,0.38704176442395105,919
Draco,2,2,15,0.27965990299061705,919
Draco,3,1,15,0.29277477847862365,919
Draco,4,3,15,0.04052355410680853,919
Draco,1,4,16,0.28085980311351505,489
Draco,2,2,16,0.48048754004022964,489
Draco,3,1,16,0.19466324908870444,489
Draco,4,3,16,0.04398940775754987,489
Draco,1,4,17,0.24012432569215622,406
Draco,2,2,17,0.5482270832119842,406
Draco,3,1,17,0.18081386827497264,406
Draco,4,3,17,0.03083472282088843,406
Draco,1,4,18,0.31984388329868196,633
Draco,2,2,18,0.41152506816617485,633
Draco,3,1,18,0.25458312126390603,633
Draco,4,3,18,0.014047927271238317,633
Draco,1,4,19,0.4113514833243784,314
Draco,2,2,19,0.2557225368374318,314
Draco,3,1,19,0.2942316117864119,314
Draco,4,3,19,0.03869436805177702,314
Draco,1,4,20,0.4153601509602062,770
Draco,2,2,20,0.24397825531204748,770
Draco,3,1,20,0.3114094133389445,770
Draco,4,3,20,0.02925218038880122,770
Draco,1,4,21,0.3257797172602399,612
Draco,2,2,21,0.38837199749945317,612
Draco,3,1,21,0.24362687174288047,612
Draco,4,3,21,0.04222141349742782,612
Draco,1,4,22,0.3058751481486037,490
Draco,2,2,22,0.43666958971346687,490
Draco,3,1,22,0.23831184161108732,490
Draco,4,3,22,0.019143420526842245,490
Draco,1,4,23,0.49767145646041633,488
Draco,2,2,23,0.11155146925900027,488
Draco,3,1,23,0.36602045707316894,488
Draco,4,3,23,0.02475661720741339,488
Randy,1,4,0,NaN,0
Randy,2,3,0,NaN,0
Randy,3,1,0,NaN,0
Randy,4,2,0,NaN,0
Randy,1,4,1,0.020580741513054345,57
Randy,2,3,1,0.5376125568078575,57
Randy,3,1,1,0.31957776518631514,57
Randy,4,2,1,0.12222893649276613,57
Randy,1,4,2,0.057203723549997906,194
Randy,2,3,2,0.36167977640301463,194
Randy,3,1,2,0.19335592768722712,194
Randy,4,2,2,0.3877605723597581,194
Randy,1,4,3,0.03947924427124581,304
Randy,2,3,3,0.39446053909614154,304
Randy,3,1,3,0.30818565803290204,304
Randy,4,2,3,0.2578745585997068,304
Randy,1,4,4,0.1294594070376022,510
Randy,2,3,4,0.3269101394308041,510
Randy,3,1,4,0.2598107360281819,510
Randy,4,2,4,0.283819717503408,510
Randy,1,4,5,0.2778077247558952,607
Randy,2,3,5,0.19044262833901468,607
Randy,3,1,5,0.20061668086057408,607
Randy,4,2,5,0.331132966044513,607
Randy,1,4,6,0.44302431811346565,566
Randy,2,3,6,0.2824703493303796,566
Randy,3,1,6,0.2606009357968928,566
Randy,4,2,6,0.013904396759260381,566
Randy,1,4,7,0.2643920549607479,49
Randy,2,3,7,0.40413703409760177,49
Randy,3,1,7,0.3188726800144877,49
Randy,4,2,7,0.01259823092716104,49
Randy,1,4,8,0.34851049320574545,69
Randy,2,3,8,0.46953439925643387,69
Randy,3,1,8,0.17740828499740774,69
Randy,4,2,8,0.004546822540410413,69
Randy,1,4,9,0.017272406469244855,488
Randy,2,3,9,0.3245585457786462,488
Randy,3,1,9,0.21228376194722995,488
Randy,4,2,9,0.4458852858048755,488
Randy,1,4,10,0.07363976069256525,882
Randy,2,3,10,0.26346688531981494,882
Randy,3,1,10,0.21770020892225814,882
Randy,4,2,10,0.44519314506535795,882
Randy,1,4,11,0.05178543141211031,929
Randy,2,3,11,0.32872986641385155,929
Randy,3,1,11,0.26000570884476626,929
Randy,4,2,11,0.3594789933292699,929
Randy,1,4,12,0.03251080079057178,783
Randy,2,3,12,0.22285673455425273,783
Randy,3,1,12,0.1843536773025589,783
Randy,4,2,12,0.5602787873526159,783
Randy,1,4,13,0.03224455484118379,526
Randy,2,3,13,0.40454096773478165,526
Randy,3,1,13,0.27805295748941755,526
Randy,4,2,13,0.28516151993461686,526
Randy,1,4,14,0.024045748353219747,268
Randy,2,3,14,0.19483959365275952,268
Randy,3,1,14,0.18395040420850453,268
Randy,4,2,14,0.5971642537855154,268
Randy,1,4,15,0.09281845805994075,89
Randy,2,3,15,0.4485712478873746,89
Randy,3,1,15,0.21204416981624127,89
Randy,4,2,15,0.24656612423644375,89
Randy,1,4,16,0.009948649933348663,524
Randy,2,3,16,0.25807782972290105,524
Randy,3,1,16,0.18193797746611953,524
Randy,4,2,16,0.5500355428776302,524
Randy,1,4,17,0.09625652097338339,294
Randy,2,3,17,0.2682927425902455,294
Randy,3,1,17,0.22244070664171842,294
Randy,4,2,17,0.41301002979464757,294
Randy,1,4,18,0.003172455086999027,212
Randy,2,3,18,0.2858138981119481,212
Randy,3,1,18,0.1943852452254411,212
Randy,4,2,18,0.5166284015756099,212
Randy,1,4,19,0.010663578262596706,388
Randy,2,3,19,0.2632226148729353,388
Randy,3,1,19,0.21428179025836958,388
Randy,4,2,19,0.5118320166060975,388
Randy,1,4,20,0.004288060822617984,34
Randy,2,3,20,0.3668901363452473,34
Randy,3,1,20,0.2020644947833351,34
Randy,4,2,20,0.4267573080487902,34
Randy,1,4,21,0.07946851454113849,225
Randy,2,3,21,0.43987822538234156,225
Randy,3,1,21,0.3196029657872832,225
Randy,4,2,21,0.16105029428923254,225
Randy,1,4,22,0.009169994763188218,182
Randy,2,3,22,0.3793338530359704,182
Randy,3,1,22,0.2238314329660573,182
Randy,4,2,22,0.3876647192347831,182
Randy,1,4,23,0.06015283812202301,202
Randy,2,3,23,0.494101126177247,202
Randy,3,1,23,0.28423445086396104,202
Randy,4,2,23,0.16151158483676603,202
Remy,1,4,0,0.0012657444768679586,346
Remy,2,2,0,0.570023186849811,346
Remy,3,3,0,0.06592306063314302,346
Remy,4,1,0,0.3627880080401752,346
Remy,1,4,1,0.005401981350942896,682
Remy,2,2,1,0.43775828698125574,682
Remy,3,3,1,0.1247071928100251,682
Remy,4,1,1,0.43213253885777947,682
Remy,1,4,2,0.028462551395001017,1096
Remy,2,2,2,0.3571828275009245,1096
Remy,3,3,2,0.2574533515349329,1096
Remy,4,1,2,0.35690126956914436,1096
Remy,1,4,3,0.17405387862843266,1615
Remy,2,2,3,0.2749830503673752,1615
Remy,3,3,3,0.20438809757879786,1615
Remy,4,1,3,0.3465749734253967,1615
Remy,1,4,4,0.17223893045941438,1791
Remy,2,2,4,0.3024958484166462,1791
Remy,3,3,4,0.383395213693608,1791
Remy,4,1,4,0.14187000743033445,1791
Remy,1,4,5,0.2789394426451749,1825
Remy,2,2,5,0.16798048769536036,1825
Remy,3,3,5,0.48867219386788585,1825
Remy,4,1,5,0.06440787579158178,1825
Remy,1,4,6,0.4143369459220677,1498
Remy,2,2,6,0.02073442967666231,1498
Remy,3,3,6,0.5629575171792321,1498
Remy,4,1,6,0.0019711072220392595,1498
Remy,1,4,7,0.47298260900569833,657
Remy,2,2,7,0.07643606855544262,657
Remy,3,3,7,0.4061612508713003,657
Remy,4,1,7,0.04442007156756142,657
Remy,1,4,8,0.22902195865583813,1095
Remy,2,2,8,0.1770809227110856,1095
Remy,3,3,8,0.46526580813823604,1095
Remy,4,1,8,0.1286313104948412,1095
Remy,1,4,9,0.1541075077122319,1224
Remy,2,2,9,0.3266904715749493,1224
Remy,3,3,9,0.32824685016668964,1224
Remy,4,1,9,0.19095517054613,1224
Remy,1,4,10,0.10817557886299173,1733
Remy,2,2,10,0.2608653441720364,1733
Remy,3,3,10,0.4323068808698957,1733
Remy,4,1,10,0.19865219609507692,1733
Remy,1,4,11,0.07620954206387597,1912
Remy,2,2,11,0.3892047146909764,1912
Remy,3,3,11,0.363941137384052,1912
Remy,4,1,11,0.17064460586109675,1912
Remy,1,4,12,0.02044758067578523,1550
Remy,2,2,12,0.4668505612740891,1550
Remy,3,3,12,0.20050596714571453,1550
Remy,4,1,12,0.31219589090441274,1550
Remy,1,4,13,0.014406125844436669,1269
Remy,2,2,13,0.460520083031445,1269
Remy,3,3,13,0.18480859625949883,1269
Remy,4,1,13,0.34026519486462004,1269
Remy,1,4,14,0.022571516960116934,392
Remy,2,2,14,0.417202079458298,392
Remy,3,3,14,0.31195327927643635,392
Remy,4,1,14,0.24827312430514933,392
Remy,1,4,15,0.008585907018020776,369
Remy,2,2,15,0.39112440224145884,369
Remy,3,3,15,0.05907050762441499,369
Remy,4,1,15,0.5412191831161053,369
Remy,1,4,16,0.00014067277529682075,834
Remy,2,2,16,0.2837646899603998,834
Remy,3,3,16,0.013443811703750419,834
Remy,4,1,16,0.7026508255605546,834
Remy,1,4,17,0.00036636057181353894,894
Remy,2,2,17,0.2833206471283966,894
Remy,3,3,17,0.01549071675360463,894
Remy,4,1,17,0.7008222755461866,894
Remy,1,4,18,0.0013876655429293178,819
Remy,2,2,18,0.41048483510062533,819
Remy,3,3,18,0.047796340439705584,819
Remy,4,1,18,0.5403311589167401,819
Remy,1,4,19,0.008744626843611488,502
Remy,2,2,19,0.3564391927890882,502
Remy,3,3,19,0.029428702266228644,502
Remy,4,1,19,0.6053874781010707,502
Remy,1,4,20,0.005118873757724414,327
Remy,2,2,20,0.42340817570222583,327
Remy,3,3,20,0.05699307092463028,327
Remy,4,1,20,0.5144798796154187,327
Remy,1,4,21,0.0002317133596726449,463
Remy,2,2,21,0.35328308747104736,463
Remy,3,3,21,0.006824126678829724,463
Remy,4,1,21,0.639661072490457,463
Remy,1,4,22,4.626396618239522e-6,154
Remy,2,2,22,0.22270465819313093,154
Remy,3,3,22,0.0006863757852700802,154
Remy,4,1,22,0.7766043396249789,154
Remy,1,4,23,0.0008976073909399709,435
Remy,2,2,23,0.3621763559888957,435
Remy,3,3,23,0.048898194558675966,435
Remy,4,1,23,0.588027842061487,435
Rhea,1,3,0,0.20698914615012864,50
Rhea,2,4,0,2.1920946861936314e-5,50
Rhea,3,2,0,0.010783489446238269,50
Rhea,4,1,0,0.7822054434567758,50
Rhea,1,3,1,0.07179157477909401,148
Rhea,2,4,1,2.5821930165853977e-5,148
Rhea,3,2,1,0.0273533338591449,148
Rhea,4,1,1,0.9008292694315922,148
Rhea,1,3,2,0.1360080103552983,295
Rhea,2,4,2,0.00010961571911883651,295
Rhea,3,2,2,0.13683917126638642,295
Rhea,4,1,2,0.727043202659196,295
Rhea,1,3,3,0.13143875474572447,881
Rhea,2,4,3,0.0029709140526624177,881
Rhea,3,2,3,0.2358647854711108,881
Rhea,4,1,3,0.6297255457305025,881
Rhea,1,3,4,0.15696446214211895,1054
Rhea,2,4,4,0.018085054358284294,1054
Rhea,3,2,4,0.24942413703947477,1054
Rhea,4,1,4,0.5755263464601221,1054
Rhea,1,3,5,0.22663097487692663,1298
Rhea,2,4,5,0.0075115305190998115,1298
Rhea,3,2,5,0.34258015071661296,1298
Rhea,4,1,5,0.4232773438873605,1298
Rhea,1,3,6,0.2065610546158664,1156
Rhea,2,4,6,0.00840590446582248,1156
Rhea,3,2,6,0.5279103647630715,1156
Rhea,4,1,6,0.2571226761552407,1156
Rhea,1,3,7,0.1963714255610586,431
Rhea,2,4,7,0.031696871416842326,431
Rhea,3,2,7,0.5150705574664376,431
Rhea,4,1,7,0.2568611455556628,431
Rhea,1,3,8,0.26932771643763265,417
Rhea,2,4,8,0.022361508965630317,417
Rhea,3,2,8,0.26870576154591935,417
Rhea,4,1,8,0.4396050130508187,417
Rhea,1,3,9,0.31103539601273994,487
Rhea,2,4,9,0.06633765706514119,487
Rhea,3,2,9,0.2143139088845259,487
Rhea,4,1,9,0.4083130380375928,487
Rhea,1,3,10,0.28946423370695246,649
Rhea,2,4,10,0.006785941204211878,649
Rhea,3,2,10,0.15445453933646913,649
Rhea,4,1,10,0.5492952857523657,649
Rhea,1,3,11,0.2918599415854241,1165
Rhea,2,4,11,0.019238881071531967,1165
Rhea,3,2,11,0.09854971747241495,1165
Rhea,4,1,11,0.5903514598706285,1165
Rhea,1,3,12,0.22017014382061745,1599
Rhea,2,4,12,0.004814502784357809,1599
Rhea,3,2,12,0.10085335947551213,1599
Rhea,4,1,12,0.6741619939195131,1599
Rhea,1,3,13,0.18719709689374503,1316
Rhea,2,4,13,0.005053789566564499,1316
Rhea,3,2,13,0.14834088831614797,1316
Rhea,4,1,13,0.6594082252235434,1316
Rhea,1,3,14,0.21793277807040476,778
Rhea,2,4,14,0.004368801281442935,778
Rhea,3,2,14,0.11224052419515215,778
Rhea,4,1,14,0.6654578964530001,778
Rhea,1,3,15,0.08589839570213043,622
Rhea,2,4,15,0.00017765461869895095,622
Rhea,3,2,15,0.1930214815286887,622
Rhea,4,1,15,0.7209024681504816,622
Rhea,1,3,16,0.15543730595231614,567
Rhea,2,4,16,0.007428323580576187,567
Rhea,3,2,16,0.12719389043089324,567
Rhea,4,1,16,0.7099404800362139,567
Rhea,1,3,17,0.10107155011377507,1147
Rhea,2,4,17,0.000105561303088085,1147
Rhea,3,2,17,0.11529283526775108,1147
Rhea,4,1,17,0.7835300533153857,1147
Rhea,1,3,18,0.11108801799529036,815
Rhea,2,4,18,0.0002675472839255479,815
Rhea,3,2,18,0.26277148311704945,815
Rhea,4,1,18,0.6258729516037341,815
Rhea,1,3,19,0.09967502641242226,576
Rhea,2,4,19,0.007914914604935331,576
Rhea,3,2,19,0.208211856112422,576
Rhea,4,1,19,0.6841982028702215,576
Rhea,1,3,20,0.07547319866675839,351
Rhea,2,4,20,6.556918055711527e-5,351
Rhea,3,2,20,0.0815706245656037,351
Rhea,4,1,20,0.842890607587081,351
Rhea,1,3,21,0.08678874455861378,391
Rhea,2,4,21,0.00013605642693562356,391
Rhea,3,2,21,0.1962504014625005,391
Rhea,4,1,21,0.7168247975519498,391
Rhea,1,3,22,0.08786770898984081,596
Rhea,2,4,22,0.00016642676544006082,596
Rhea,3,2,22,0.19103044363391886,596
Rhea,4,1,22,0.7209354206108013,596
Rhea,1,3,23,0.10229471363988889,424
Rhea,2,4,23,0.00012312132371762252,424
Rhea,3,2,23,0.1449369437912598,424
Rhea,4,1,23,0.7526452212451337,424
Robert,1,3,0,0.04576448300798993,53
Robert,2,2,0,0.6645898181322062,53
Robert,3,1,0,0.2892263379832968,53
Robert,4,4,0,0.00041936087650770417,53
Robert,1,3,1,0.0952014425598922,44
Robert,2,2,1,0.7167649650882935,44
Robert,3,1,1,0.1879744410816859,44
Robert,4,4,1,5.915127012402454e-5,44
Robert,1,3,2,0.012962235920645658,167
Robert,2,2,2,0.4134895056717578,167
Robert,3,1,2,0.5734725371653469,167
Robert,4,4,2,7.572124225013905e-5,167
Robert,1,3,3,0.09727320586994034,293
Robert,2,2,3,0.41166748701074757,293
Robert,3,1,3,0.4910229892031781,293
Robert,4,4,3,3.6317916130632617e-5,293
Robert,1,3,4,0.1468499980586023,611
Robert,2,2,4,0.3336257334178056,611
Robert,3,1,4,0.5178109328767605,611
Robert,4,4,4,0.0017133356468293482,611
Robert,1,3,5,0.1807781204825866,898
Robert,2,2,5,0.41501771922492936,898
Robert,3,1,5,0.38523949920363654,898
Robert,4,4,5,0.01896466108884672,898
Robert,1,3,6,0.29324490321471225,895
Robert,2,2,6,0.531184036155281,895
Robert,3,1,6,0.1661625032713056,895
Robert,4,4,6,0.009408557358700748,895
Robert,1,3,7,0.09109723082231852,387
Robert,2,2,7,0.7415261128914753,387
Robert,3,1,7,0.1621804931706326,387
Robert,4,4,7,0.005196163115571094,387
Robert,1,3,8,0.13382772235559556,597
Robert,2,2,8,0.4800038100679377,597
Robert,3,1,8,0.3573829535987247,597
Robert,4,4,8,0.028785513977741473,597
Robert,1,3,9,0.3105035359310714,659
Robert,2,2,9,0.2870339838056422,659
Robert,3,1,9,0.37305868016507254,659
Robert,4,4,9,0.02940380009821296,659
Robert,1,3,10,0.135946549477477,1029
Robert,2,2,10,0.259266556753717,1029
Robert,3,1,10,0.5587593818606795,1029
Robert,4,4,10,0.046027511908125825,1029
Robert,1,3,11,0.05780417569575015,1347
Robert,2,2,11,0.2574390100595748,1347
Robert,3,1,11,0.6809773156937075,1347
Robert,4,4,11,0.003779498550968631,1347
Robert,1,3,12,0.0090316615944327,1243
Robert,2,2,12,0.1966884644069239,1243
Robert,3,1,12,0.7942131033586622,1243
Robert,4,4,12,6.677063998139496e-5,1243
Robert,1,3,13,0.001355959886864316,880
Robert,2,2,13,0.29908754052406006,880
Robert,3,1,13,0.6995210458373143,880
Robert,4,4,13,3.545375176106944e-5,880
Robert,1,3,14,0.008461601425454799,1487
Robert,2,2,14,0.25099672630021674,1487
Robert,3,1,14,0.738928110842712,1487
Robert,4,4,14,0.0016135614316165816,1487
Robert,1,3,15,0.03555294594799115,1196
Robert,2,2,15,0.27891035418561033,1196
Robert,3,1,15,0.677804822506155,1196
Robert,4,4,15,0.007731877360243539,1196
Robert,1,3,16,0.017292256862511696,1434
Robert,2,2,16,0.2000225859471578,1434
Robert,3,1,16,0.7819231061720744,1434
Robert,4,4,16,0.0007620510182559422,1434
Robert,1,3,17,0.05960539982111395,1204
Robert,2,2,17,0.34959997116975045,1204
Robert,3,1,17,0.5731247424574573,1204
Robert,4,4,17,0.017669886551677498,1204
Robert,1,3,18,0.019647738506371696,858
Robert,2,2,18,0.341922917586232,858
Robert,3,1,18,0.6370581044848284,858
Robert,4,4,18,0.0013712394225665336,858
Robert,1,3,19,0.08755946544938435,855
Robert,2,2,19,0.49303343378631365,855
Robert,3,1,19,0.41809790290518617,855
Robert,4,4,19,0.0013091978591151306,855
Robert,1,3,20,0.06394784334655873,547
Robert,2,2,20,0.5867804451812281,547
Robert,3,1,20,0.3450611614663432,547
Robert,4,4,20,0.004210550005868642,547
Robert,1,3,21,0.11064097408205964,880
Robert,2,2,21,0.6551340007450625,880
Robert,3,1,21,0.23287343232811522,880
Robert,4,4,21,0.001351592844761335,880
Robert,1,3,22,0.17092502989197683,443
Robert,2,2,22,0.7595314398874138,443
Robert,3,1,22,0.06950943489834953,443
Robert,4,4,22,3.409532225901593e-5,443
Robert,1,3,23,0.141331038869966,660
Robert,2,2,23,0.7955995074898035,660
Robert,3,1,23,0.06303142213382334,660
Robert,4,4,23,3.803150640601783e-5,660
Ron,1,3,0,0.04011574109123179,344
Ron,2,1,0,0.42984344147921943,344
Ron,3,2,0,0.5060172985869964,344
Ron,4,4,0,0.024023518842549964,344
Ron,1,3,1,0.0021257557830532863,166
Ron,2,1,1,0.7984994669417375,166
Ron,3,2,1,0.17343065172607908,166
Ron,4,4,1,0.025944125549129945,166
Ron,1,3,2,0.0960742669953187,112
Ron,2,1,2,0.31253916133697707,112
Ron,3,2,2,0.5861110361867227,112
Ron,4,4,2,0.0052755354809793705,112
Ron,1,3,3,0.12721802034458668,545
Ron,2,1,3,0.36276589318839647,545
Ron,3,2,3,0.48645445562476985,545
Ron,4,4,3,0.023561630842245544,545
Ron,1,3,4,0.21903267163103468,543
Ron,2,1,4,0.29763971336468154,543
Ron,3,2,4,0.4576450147024961,543
Ron,4,4,4,0.025682600301786956,543
Ron,1,3,5,0.3825577079983961,868
Ron,2,1,5,0.22214272603771562,868
Ron,3,2,5,0.3625988938868368,868
Ron,4,4,5,0.03270067207704973,868
Ron,1,3,6,0.5333176767701765,834
Ron,2,1,6,0.1548106226115661,834
Ron,3,2,6,0.30127211076941307,834
Ron,4,4,6,0.010599589848842296,834
Ron,1,3,7,0.297056062277099,189
Ron,2,1,7,0.14392490788684215,189
Ron,3,2,7,0.5518570191438976,189
Ron,4,4,7,0.007162010692158528,189
Ron,1,3,8,0.4490539698863551,478
Ron,2,1,8,0.10394942484686948,478
Ron,3,2,8,0.4330649036576542,478
Ron,4,4,8,0.013931701609117523,478
Ron,1,3,9,0.2817781900271602,777
Ron,2,1,9,0.1702186144655251,777
Ron,3,2,9,0.5228525388210868,777
Ron,4,4,9,0.02515065668622512,777
Ron,1,3,10,0.21278745144933114,956
Ron,2,1,10,0.2829760696396449,956
Ron,3,2,10,0.47801848567002847,956
Ron,4,4,10,0.02621799324099415,956
Ron,1,3,11,0.15889025882093763,797
Ron,2,1,11,0.39749423568152864,797
Ron,3,2,11,0.41272733132762596,797
Ron,4,4,11,0.030888174169907735,797
Ron,1,3,12,0.11045354729059818,604
Ron,2,1,12,0.49073328341521266,604
Ron,3,2,12,0.37746548224460647,604
Ron,4,4,12,0.02134768704958182,604
Ron,1,3,13,0.013023365623904964,385
Ron,2,1,13,0.6473746547220391,385
Ron,3,2,13,0.31186531296148023,385
Ron,4,4,13,0.027736666692575483,385
Ron,1,3,14,0.01788623268458809,20
Ron,2,1,14,0.6227226784147227,20
Ron,3,2,14,0.3543297959805448,20
Ron,4,4,14,0.005061292920144333,20
Ron,1,3,15,0.025624802176565147,355
Ron,2,1,15,0.5062180399620311,355
Ron,3,2,15,0.44802605363541553,355
Ron,4,4,15,0.02013110422598659,355
Ron,1,3,16,0.03923525280050835,600
Ron,2,1,16,0.4778268425197104,600
Ron,3,2,16,0.4436897220336325,600
Ron,4,4,16,0.039248182646148176,600
Ron,1,3,17,0.01726186772742822,362
Ron,2,1,17,0.5702287049840418,362
Ron,3,2,17,0.39354224711659247,362
Ron,4,4,17,0.018967180171935175,362
Ron,1,3,18,0.009040761582131778,228
Ron,2,1,18,0.8253714171330128,228
Ron,3,2,18,0.13586655731086997,228
Ron,4,4,18,0.029721263973986493,228
Ron,1,3,19,0.029029748536625703,261
Ron,2,1,19,0.7613120135230255,261
Ron,3,2,19,0.18762001716515692,261
Ron,4,4,19,0.02203822077519446,261
Ron,1,3,20,0.002536422293291627,320
Ron,2,1,20,0.8351624127036216,320
Ron,3,2,20,0.13745132340945118,320
Ron,4,4,20,0.024849841593633435,320
Ron,1,3,21,0.013028216156716087,307
Ron,2,1,21,0.7089454310254719,307
Ron,3,2,21,0.2602240697992175,307
Ron,4,4,21,0.017802283018596522,307
Ron,1,3,22,0.010213099786867267,487
Ron,2,1,22,0.5623007947118724,487
Ron,3,2,22,0.4125399049303857,487
Ron,4,4,22,0.014946200570874887,487
Ron,1,3,23,0.007869170257017145,141
Ron,2,1,23,0.27324893302633535,141
Ron,3,2,23,0.7125950436591428,141
Ron,4,4,23,0.006286853057501592,141
Rudy,1,1,0,0.3566138420853787,257
Rudy,2,4,0,0.00013801589698473417,257
Rudy,3,2,0,0.4668329845812072,257
Rudy,4,3,0,0.17641515743642783,257
Rudy,1,1,1,0.3070338240249421,441
Rudy,2,4,1,0.0001439117895721408,441
Rudy,3,2,1,0.531002394678428,441
Rudy,4,3,1,0.16181986950705773,441
Rudy,1,1,2,0.31509063500036627,1072
Rudy,2,4,2,0.03493062620710513,1072
Rudy,3,2,2,0.5231877287295085,1072
Rudy,4,3,2,0.12679101006301927,1072
Rudy,1,1,3,0.24408931706244585,1540
Rudy,2,4,3,0.04130730622691515,1540
Rudy,3,2,3,0.4779910626617754,1540
Rudy,4,3,3,0.23661231404886446,1540
Rudy,1,1,4,0.16403734398384073,1600
Rudy,2,4,4,0.21945284756398678,1600
Rudy,3,2,4,0.1642331268984212,1600
Rudy,4,3,4,0.4522766815537525,1600
Rudy,1,1,5,0.05726248900144788,1567
Rudy,2,4,5,0.4853388429026993,1567
Rudy,3,2,5,0.0441268143825722,1567
Rudy,4,3,5,0.4132718537132819,1567
Rudy,1,1,6,0.004889488449250822,1248
Rudy,2,4,6,0.8741240197054109,1248
Rudy,3,2,6,0.004876388098820791,1248
Rudy,4,3,6,0.1161101037465182,1248
Rudy,1,1,7,0.0853913001443913,526
Rudy,2,4,7,0.22977003299663407,526
Rudy,3,2,7,0.40276214832694873,526
Rudy,4,3,7,0.28207651853202625,526
Rudy,1,1,8,0.12725152623188787,993
Rudy,2,4,8,0.139848973683196,993
Rudy,3,2,8,0.31026284544032784,993
Rudy,4,3,8,0.4226366546445881,993
Rudy,1,1,9,0.1733519645913527,1567
Rudy,2,4,9,0.13483643360361205,1567
Rudy,3,2,9,0.25980602205224307,1567
Rudy,4,3,9,0.432005579752792,1567
Rudy,1,1,10,0.26086876639591516,1335
Rudy,2,4,10,0.10960715228456705,1335
Rudy,3,2,10,0.21047759070778843,1335
Rudy,4,3,10,0.4190464906117288,1335
Rudy,1,1,11,0.41332482295572875,686
Rudy,2,4,11,0.11363741704870355,686
Rudy,3,2,11,0.09355390172062066,686
Rudy,4,3,11,0.3794838582749466,686
Rudy,1,1,12,0.4579620395837984,900
Rudy,2,4,12,0.0002688972377568544,900
Rudy,3,2,12,0.3181955748916578,900
Rudy,4,3,12,0.22357348828678725,900
Rudy,1,1,13,0.2182899511854205,979
Rudy,2,4,13,0.0032653632434771224,979
Rudy,3,2,13,0.5653271110148433,979
Rudy,4,3,13,0.21311757455625904,979
Rudy,1,1,14,0.2955924721165221,1427
Rudy,2,4,14,0.0028522294975119526,1427
Rudy,3,2,14,0.40544427985023007,1427
Rudy,4,3,14,0.2961110185357359,1427
Rudy,1,1,15,0.35941216392652897,629
Rudy,2,4,15,0.0005466817347623279,629
Rudy,3,2,15,0.28588015115541937,629
Rudy,4,3,15,0.3541610031832896,629
Rudy,1,1,16,0.07646391851609925,461
Rudy,2,4,16,0.00016393934482178987,461
Rudy,3,2,16,0.760498014004677,461
Rudy,4,3,16,0.16287412813440474,461
Rudy,1,1,17,0.07098828242634377,540
Rudy,2,4,17,0.006519004970545345,540
Rudy,3,2,17,0.5891042298175727,540
Rudy,4,3,17,0.3333884827855339,540
Rudy,1,1,18,0.3770619944883214,649
Rudy,2,4,18,9.533215677289537e-5,649
Rudy,3,2,18,0.5147236057974202,649
Rudy,4,3,18,0.10811906755748829,649
Rudy,1,1,19,0.0621546836689595,353
Rudy,2,4,19,0.00025857221884272735,353
Rudy,3,2,19,0.6565440661730955,353
Rudy,4,3,19,0.2810426779391042,353
Rudy,1,1,20,0.3760807895736074,649
Rudy,2,4,20,0.00014610829818202745,649
Rudy,3,2,20,0.4938534115952936,649
Rudy,4,3,20,0.12991969053291474,649
Rudy,1,1,21,0.16334513155727504,539
Rudy,2,4,21,0.0012669183432195703,539
Rudy,3,2,21,0.4751609869720617,539
Rudy,4,3,21,0.3602269631274443,539
Rudy,1,1,22,0.23945059455856826,465
Rudy,2,4,22,0.010485727620883676,465
Rudy,3,2,22,0.4353167828651075,465
Rudy,4,3,22,0.3147468949554391,465
Rudy,1,1,23,0.19605286007493142,492
Rudy,2,4,23,0.004149095698552719,492
Rudy,3,2,23,0.527502547876935,492
Rudy,4,3,23,0.2722954963495799,492
