rat,n_trials,n_sessions,K,rho_pre,rho_pre_null,rho_pre_null_sd,rho_pre_z,rho_pre_p,rho_post,rho_post_null,rho_post_null_sd,rho_post_z,rho_post_p,rho_rate,rho_rate_null,rho_rate_null_sd,rho_rate_z,rho_rate_p,rho_pre_withinhour,rho_pre_withinhour_null,rho_pre_withinhour_null_sd,rho_pre_withinhour_z,rho_pre_withinhour_p,auc_pause,auc_pause_null,auc_pause_null_sd,auc_pause_z,auc_pause_p,frac_pause,rho_pre_q,rho_pre_pholm,rho_rate_q,rho_rate_pholm,rho_pre_withinhour_q,rho_pre_withinhour_pholm
1029,27215,85,4,0.08486226498572517,0.005947582270850031,0.010576407882383645,7.461387986588302,9.999000099990002e-5,0.08579544447082961,0.006189603763313474,0.010566165813523092,7.534032885006662,9.999000099990002e-5,-0.2660106675936514,-0.029115650673451562,0.01912798971032372,-12.384731511662373,9.999000099990002e-5,0.0741583416077819,0.01085027566400376,0.008173225962002479,7.74578682127459,9.999000099990002e-5,0.5513192603362117,0.503667000642655,0.009088913136138852,5.242899671258196,9.999000099990002e-5,0.06841815175454713,0.00014209105405248949,0.0053994600539946005,0.00014209105405248949,0.0053994600539946005,0.00014209105405248949,0.0053994600539946005
1052,68218,88,4,0.04886696068216656,0.004262502545554713,0.006218584624442019,7.1727669285539575,9.999000099990002e-5,0.042163391533508635,0.004384321940987315,0.0061805317343980055,6.112592122496571,9.999000099990002e-5,-0.006013118068716151,-6.211003313323621e-5,0.010614923751130413,-0.5606265457110962,0.5768423157684232,0.01358825605932648,0.0018399188387442577,0.0053220889155639675,2.207467294698003,0.027697230276972302,0.42897757828605493,0.48453276484793023,0.006773297036501877,-8.202089213345236,9.999000099990002e-5,0.034155208302793984,0.00014209105405248949,0.0053994600539946005,0.5877261330470727,1.0,0.03310103772231472,0.276972302769723
1054,40751,84,4,0.003966596281155687,-0.01310544148897016,0.0052341719825061235,3.2616501382042378,0.0012998700129987,0.006328478257108673,-0.013162987061721056,0.0052519788282860535,3.7112612133645317,0.00029997000299970003,0.00498152250959369,0.03406516677667743,0.006724003955755318,-4.3253460971256565,9.999000099990002e-5,0.011555278614786692,-0.010715183911654701,0.00491137404692405,4.5344667935420615,0.00019998000199980003,0.4996713129781309,0.4885327133914169,0.006101849767473447,1.8254463828476177,0.068993100689931,0.05447719074378543,0.001671261445284043,0.0168983101689831,0.00014209105405248949,0.0053994600539946005,0.0002768953873843385,0.0053994600539946005
1059,17036,66,4,0.07500982315834366,0.01087542653632141,0.012280264148845367,5.2225583948902585,9.999000099990002e-5,0.07632764806405709,0.011010678960765151,0.012237614778001062,5.337393788592604,9.999000099990002e-5,-0.1357935810144688,-0.022149873874366666,0.019578039896436066,-5.80465193355692,9.999000099990002e-5,0.026274244806651633,0.0016008112344754763,0.010095804945889238,2.4439293057283726,0.014098590140985901,0.5963845069204213,0.502670539386002,0.012493228882224023,7.501180712998871,9.999000099990002e-5,0.06744540972059168,0.00014209105405248949,0.0053994600539946005,0.00014209105405248949,0.0053994600539946005,0.01730281517302815,0.15508449155084492
1060,56677,86,4,0.21890224689727342,0.026374422619968602,0.011719208930284003,16.428397635252253,9.999000099990002e-5,0.2122517442293031,0.02640344938083856,0.011716580367731471,15.861991213776646,9.999000099990002e-5,-0.4038228142951371,-0.048759428509081125,0.01658051613948274,-21.414495350995317,9.999000099990002e-5,0.1609976251123324,0.023043779834809115,0.0070665342203755435,19.522136449824178,9.999000099990002e-5,0.6979272635443654,0.5137444058303917,0.009004431897261548,20.454689403557804,9.999000099990002e-5,0.030682640224429663,0.00014209105405248949,0.0053994600539946005,0.00014209105405248949,0.0053994600539946005,0.00014209105405248949,0.0053994600539946005
1062,94215,86,4,0.14415095187685303,0.01708317428424311,0.00737846361130381,17.2214412493601,9.999000099990002e-5,0.14480420849475514,0.017051006426027367,0.007377841077056698,17.31579749881159,9.999000099990002e-5,-0.3469730300954297,-0.04156356978620511,0.012425046849421955,-24.58014557292659,9.999000099990002e-5,0.08835290709546603,0.014272590122765905,0.004947166007035545,14.974293740567388,9.999000099990002e-5,0.627421393018014,0.5109983389206273,0.008990354630955535,12.949773271069818,9.999000099990002e-5,0.016377434591094836,0.00014209105405248949,0.0053994600539946005,0.00014209105405248949,0.0053994600539946005,0.00014209105405248949,0.0053994600539946005
1064,66348,88,4,0.05418001209688716,0.0032105595858529937,0.007568246350759561,6.734645008736904,9.999000099990002e-5,0.05083779721311797,0.003158501085638172,0.007572214446423614,6.296611970623589,9.999000099990002e-5,-0.31005939496607854,-0.02098350315450687,0.01443812518878351,-20.02170559070543,9.999000099990002e-5,0.052270338629132676,0.006686195406603758,0.006304549350261746,7.230357110399398,9.999000099990002e-5,0.7247197798411397,0.5156767974490425,0.011058746615859236,18.902954344962634,9.999000099990002e-5,0.027189968047265933,0.00014209105405248949,0.0053994600539946005,0.00014209105405248949,0.0053994600539946005,0.00014209105405248949,0.0053994600539946005
1065,45858,58,4,0.15487844264119724,0.04044495053318091,0.007653914223504723,14.95097655479307,9.999000099990002e-5,0.1907618554185361,0.04051529721184504,0.007669632004125682,19.589800152845637,9.999000099990002e-5,-0.13205437159140346,-0.04399025828518478,0.012641402251431084,-6.966324744254481,9.999000099990002e-5,0.12352731970358624,0.03198515968481662,0.006140400018218707,14.90817532199237,9.999000099990002e-5,0.5486717359346627,0.5058821251262956,0.011356005514723455,3.768016029306155,0.00019998000199980003,0.01694360853068167,0.00014209105405248949,0.0053994600539946005,0.00014209105405248949,0.0053994600539946005,0.00014209105405248949,0.0053994600539946005
1072,44863,70,4,0.2086371021752975,0.016124013546075743,0.012286492986320872,15.668676883106968,9.999000099990002e-5,0.2230780976827153,0.016237742458650787,0.012278825765541358,16.845287910553324,9.999000099990002e-5,-0.4210876293442831,-0.01564838261555523,0.018594384938227272,-21.804391383508765,9.999000099990002e-5,0.1514211174582081,0.017586236528258335,0.006818778261161305,19.627398898165133,9.999000099990002e-5,0.6758481735632129,0.5006921483574656,0.009750817380214999,17.963214608156807,9.999000099990002e-5,0.03989924882419811,0.00014209105405248949,0.0053994600539946005,0.00014209105405248949,0.0053994600539946005,0.00014209105405248949,0.0053994600539946005
Denna,5073,10,4,0.0728768621199987,-0.008399346627108716,0.016773523458735687,4.845506011128425,9.999000099990002e-5,0.0847890770834606,-0.00852689997774126,0.01667124640080781,5.597420541794656,9.999000099990002e-5,-0.06312903987575826,0.10404307565101353,0.028553600234812355,-5.8546773139646575,9.999000099990002e-5,0.04577347115591279,0.017125122233417004,0.01374232985553548,2.0846791791244983,0.037696230376962306,0.6052435396371697,0.42838527515604036,0.03254682413848504,5.433963809452089,9.999000099990002e-5,0.03449635324265721,0.00014209105405248949,0.0053994600539946005,0.00014209105405248949,0.0053994600539946005,0.04240825917408259,0.276972302769723
Dopey,12754,10,4,0.03338458755207654,0.014042835913191528,0.018766459276895263,1.0306553491791621,0.31386861313868614,0.039789462359681914,0.014251305347417297,0.01872217928247618,1.3640589926498643,0.1723827617238276,-0.08494569014079834,-0.035153470361678776,0.03313883685109818,-1.5025337190574781,0.1361863813618638,0.015168152606014835,0.0053651938344709115,0.015187225908942364,0.6454739549091622,0.5277472252774722,0.6039209971130357,0.5465971800049966,0.03241418326170494,1.768479453738486,0.07339266073392661,0.008938372275364592,0.3323314727350794,1.0,0.15008295088858462,0.8171182881711829,0.5480451954804519,1.0
Draco,12433,10,4,-0.0009274268981603854,-0.00967729342593399,0.01581555242677499,0.5532444451931056,0.5945405459454055,0.015788961687579452,-0.009653750251438432,0.015948595363945668,1.5952948431142202,0.11388861113888611,-0.03998913134835971,0.008587810237317887,0.023074808076304434,-2.1051937431090213,0.028197180281971802,-0.0010085954351628686,-0.010950683959950032,0.009740047030724683,1.020743379721386,0.3057694230576942,0.575347052472908,0.49048721902244763,0.024653724566509605,3.442069502380042,0.0007999200079992001,0.012868977720582321,0.5945405459454055,1.0,0.03310103772231472,0.276972302769723,0.33023097690230974,1.0
Randy,8368,7,4,0.07430763177281911,-0.00514751778391459,0.01770499199801433,4.487725810079149,9.999000099990002e-5,0.0699781745665492,-0.005232375745951566,0.01760161174935594,4.272935421112943,9.999000099990002e-5,-0.21965662930603116,0.0024692016250098953,0.03254220443733045,-6.825777010860141,9.999000099990002e-5,0.04447386594879572,-0.0013989511509120143,0.013156310423143358,3.486753932091214,0.00039996000399960006,0.6512818401405358,0.49073126145970575,0.036919953719467435,4.3486126743483355,9.999000099990002e-5,0.010516252390057362,0.00014209105405248949,0.0053994600539946005,0.00014209105405248949,0.0053994600539946005,0.0005267765906336196,0.005599440055994401
Remy,23462,10,4,0.2080370729320174,0.01062917038097236,0.046576000932672904,4.238403868902452,9.999000099990002e-5,0.2066602327205921,0.010601760686297847,0.04658848603387227,4.208303139358285,9.999000099990002e-5,-0.13987694316348182,0.003280135188432901,0.0568061037676951,-2.5201002860070525,0.0072992700729927005,0.14801768096781456,0.013237174434439176,0.023171397095190706,5.816675877577943,9.999000099990002e-5,0.46112951204437946,0.4758973486030831,0.028494062143182935,-0.5182776848206162,0.601039896010399,0.00439007757224448,0.00014209105405248949,0.0053994600539946005,0.009166525207944322,0.08759124087591241,0.00014209105405248949,0.0053994600539946005
Rhea,17193,10,4,0.16551964687186738,0.01678665437965725,0.023192554034106073,6.412963068814634,9.999000099990002e-5,0.16517675721360325,0.016735549683654375,0.023175716864681114,6.405031973624405,9.999000099990002e-5,-0.26869645114189633,-0.036851441690924615,0.03365024714763346,-6.889845665435976,9.999000099990002e-5,0.1011617569820467,0.0015860142192607024,0.012084403633165711,8.240021252641696,9.999000099990002e-5,0.559174957065009,0.48254445872539237,0.025028637416180013,3.06171275189268,0.0022997700229977,0.009887745012505089,0.00014209105405248949,0.0053994600539946005,0.00014209105405248949,0.0053994600539946005,0.00014209105405248949,0.0053994600539946005
Robert,18647,10,4,0.25413139584545424,0.03152121146262413,0.035071504933854615,6.347323412630176,9.999000099990002e-5,0.24611685294708743,0.03139334464396197,0.035074235998879426,6.121972501695706,9.999000099990002e-5,-0.493882684335078,-0.05018514800910228,0.06344872164127871,-6.99300986447792,9.999000099990002e-5,0.20721953028587675,0.03518532487860248,0.018304901468766448,9.398259023727348,9.999000099990002e-5,0.7424489440344479,0.5182209498763788,0.03314207624792433,6.765659232713654,9.999000099990002e-5,0.005577304660267067,0.00014209105405248949,0.0053994600539946005,0.00014209105405248949,0.0053994600539946005,0.00014209105405248949,0.0053994600539946005
Ron,10663,8,4,0.16035148810447472,0.013916303959854054,0.03402645550942505,4.303568560176928,9.999000099990002e-5,0.17235881811445478,0.0136654449037596,0.03399471072670197,4.6681783671142005,9.999000099990002e-5,-0.03766201757294824,0.05604430723513626,0.04662457869407952,-2.0098052879560604,0.034096590340965904,0.09899531999266124,-0.0009938077373202992,0.019750245592185352,5.0626776899191865,9.999000099990002e-5,0.45685426014075203,0.48467665150203837,0.039572118345668796,-0.7030806670053215,0.5031496850314968,0.007783925724467786,0.00014209105405248949,0.0053994600539946005,0.03917480592366295,0.276972302769723,0.00014209105405248949,0.0053994600539946005
Rudy,20895,10,4,0.10882521211638256,-0.02629842986677498,0.028068124369263796,4.814131511086137,9.999000099990002e-5,0.10726576796965574,-0.02636949704600321,0.028019004325054997,4.76945088645282,9.999000099990002e-5,-0.09003513780935395,0.05988631509377975,0.04361842989532688,-3.4371125522607526,0.00029997000299970003,0.057901717050047805,-0.02987399437897724,0.014164903563837426,6.196703777999153,9.999000099990002e-5,0.4513986307950997,0.470375437785251,0.03522795534128811,-0.5386860181439478,0.5985401459854015,0.00382866714525006,0.00014209105405248949,0.0053994600539946005,0.00040495950404959507,0.0053994600539946005,0.00014209105405248949,0.0053994600539946005
