rat,state,bin,delta_flashes,p_right,n_eff
1029,1,1,-23.892544669233533,0.14512257632012085,13.425730862400751
1029,1,2,-13.415999863948336,0.09056772195480124,27.432783837132376
1029,1,3,-8.89162891253059,0.14576407837766814,130.89692615778796
1029,1,4,-5.8315338375933985,0.11949303882180196,536.8147732255744
1029,1,5,-3.0724196132342683,0.11458340790403895,740.2734038421044
1029,1,6,-0.036202911503024196,0.22417527737031576,395.7291786076563
1029,1,7,2.4338184594644283,0.2829048600525528,359.74177839813285
1029,1,8,4.892600303733591,0.4139258801015435,574.6799993657345
1029,1,9,8.137039506104937,0.7568567471273598,387.989033375433
1029,1,10,12.371106901186897,0.8942421648064475,109.58842665870074
1029,1,11,21.541068833931856,0.5643993369739159,31.967238471765015
1029,2,1,-20.364258172842845,0.15435109976005712,21.891522306246994
1029,2,2,-13.348377208719501,0.13499533699744015,80.87083728951652
1029,2,3,-8.746697899986483,0.06643462812455161,699.2505367565701
1029,2,4,-5.96031783514654,0.04195444514423492,1637.1284003330313
1029,2,5,-3.171393727231215,0.04708062166957801,1485.3438543174425
1029,2,6,-0.029070332967992364,0.12137971854272053,729.5625289737739
1029,2,7,2.5078261100570973,0.22817455720735066,657.3158082113563
1029,2,8,4.999257393023172,0.3697876154960245,1345.8220089430156
1029,2,9,8.316742384212107,0.7073956291822858,1251.990813440597
1029,2,10,12.389074094805844,0.9074365304207803,516.2653006014693
1029,2,11,18.699268733799084,0.8515269790522493,125.95298129553733
1029,3,1,-18.24545534789621,0.03161168121525486,1.2452279490599214
1029,3,2,-12.87331699137186,0.16892759174696356,23.127263677512452
1029,3,3,-8.667195716493357,0.15953268752457386,339.4308135443028
1029,3,4,-5.775383426898579,0.12232235179895326,1513.386766685654
1029,3,5,-3.0954932852968855,0.182718053057516,1416.80401996415
1029,3,6,-0.03600442314785948,0.21611767446804914,996.544602162412
1029,3,7,2.6101706236652213,0.33593418238868433,807.1359434355554
1029,3,8,4.980559441767515,0.44857736827469097,1399.1170553776285
1029,3,9,7.964453870117892,0.6712702103802419,881.5897172581075
1029,3,10,12.06830645126564,0.8930098645263254,113.07892583224853
1029,3,11,17.131668058908073,0.8222524913901322,7.67623574199517
1029,4,1,-22.59602654013821,0.10912920585299528,97.43751888229237
1029,4,2,-13.403763179741524,0.15064084106717923,243.56911519583872
1029,4,3,-9.105774262804088,0.09733658979839553,1061.4217235413396
1029,4,4,-6.015468682055044,0.08938921219743899,1443.6700597557412
1029,4,5,-3.195831464932666,0.14082203037446955,911.5787218763039
1029,4,6,-0.04515484195969293,0.24464451869797663,500.16369025615836
1029,4,7,2.5912903319346996,0.37000365676421587,440.80646995495584
1029,4,8,5.066816020572709,0.5442724759819134,1076.3809363136218
1029,4,9,8.37119127870635,0.7465701158956317,1359.4304359258629
1029,4,10,12.389552759871487,0.8611302340759088,659.0673469075816
1029,4,11,20.768427428609552,0.7891168208082934,232.40354449070264
1052,1,1,-20.74969947118032,0.18282746306943437,10.369198291520556
1052,1,2,-13.386743555152112,0.04144863606658916,77.1241372012193
1052,1,3,-9.082267377379447,0.05950990029384434,285.13431757585727
1052,1,4,-5.823936565491769,0.2028351235027621,774.137651433512
1052,1,5,-3.0903458107827726,0.379707614649338,985.4490725331469
1052,1,6,0.028286061879937846,0.5496855482204839,714.3180793639715
1052,1,7,2.504270906862579,0.7226986517700656,647.6678210346765
1052,1,8,4.919165084014127,0.8622098267210861,960.2557513869461
1052,1,9,7.964172139615378,0.9410516747601401,406.76912515443274
1052,1,10,12.233441277309604,0.94694645274998,84.61416819373864
1052,1,11,19.14211969382305,0.7446780541776281,14.745150423407903
1052,2,1,-20.340251081084173,0.08021223412171014,206.74785486716917
1052,2,2,-13.346331238880152,0.05106611388421394,836.0990739995019
1052,2,3,-9.060956696423712,0.06525900373962261,2802.482604367676
1052,2,4,-5.948719245881914,0.08623209444777004,4796.906805237508
1052,2,5,-3.145416024543096,0.14140921661260858,3741.3832595506615
1052,2,6,-0.0259779033609403,0.2703375060773137,1995.5446256467658
1052,2,7,2.5345982677564267,0.4511076761022833,1726.2070517993438
1052,2,8,5.014226627847607,0.6639591572111696,3353.7262287903964
1052,2,9,8.292439734768088,0.8773795478404713,3428.737616625166
1052,2,10,12.474138704708631,0.9501558236920102,1590.4142041466785
1052,2,11,19.520736240846016,0.9334429523549371,536.8069460384168
1052,3,1,-23.728241404167406,0.1412927479926153,621.4049033173109
1052,3,2,-13.694070958256276,0.1088544098897723,818.0728225186583
1052,3,3,-9.418018954077509,0.22713331728989986,1046.697681219977
1052,3,4,-5.879713722444498,0.6520401471668559,1193.8608281058043
1052,3,5,-3.053294959590283,0.8924060165874577,1420.3719170552201
1052,3,6,0.007883797029974417,0.958803062796311,1295.0600339662938
1052,3,7,2.5767061191405625,0.9810430402335959,1311.4934016102288
1052,3,8,5.023864010867432,0.9821805988372934,2765.039137276306
1052,3,9,8.051076145973195,0.9766252193449801,1942.793490811521
1052,3,10,12.53570909513142,0.9421795032051897,536.7701203127795
1052,3,11,23.322693458040053,0.9013144269582857,383.083335262918
1052,4,1,-19.18885751647454,0.06051773648733651,61.4780435239992
1052,4,2,-13.261907678682087,0.029252047425480432,514.7039662806202
1052,4,3,-9.074905443870376,0.07449760375529221,1884.6853968364885
1052,4,4,-5.88301549097072,0.1651606570115591,4292.094715223175
1052,4,5,-3.088178857491519,0.3372459578591054,4243.795750860969
1052,4,6,0.0214195118878168,0.5589761578642114,2961.077261022968
1052,4,7,2.5499561484006152,0.748957057267961,2760.6317255557497
1052,4,8,4.952764754778514,0.8530054632211553,4764.978882546349
1052,4,9,8.041430371174862,0.9398764092941317,2863.699767408879
1052,4,10,12.190780322681558,0.9751964485198332,653.2015073468028
1052,4,11,18.153330532514076,0.9555907787659135,83.36456827525726
1054,1,1,-19.089157361684364,0.13289400306339633,79.65266617321035
1054,1,2,-13.300023292950172,0.07164396160991506,466.4426124318056
1054,1,3,-9.087623914717364,0.13883550198100256,1853.297715824502
1054,1,4,-5.958051502060258,0.2802337678201526,2845.922470832233
1054,1,5,-3.114707298633353,0.4302411347601036,2334.2623566482666
1054,1,6,0.026313809056820278,0.5695720035302311,1539.403856366364
1054,1,7,2.5262024659029527,0.6497963442827099,1520.1844723665677
1054,1,8,5.033083097391225,0.74656492556105,3093.6252186513457
1054,1,9,8.112632900246586,0.8254344988039857,2506.292915520094
1054,1,10,12.24712615303877,0.8990039115472127,571.9607100859446
1054,1,11,17.96829081948806,0.8816895174404488,98.81301180731862
1054,2,1,-24.62492787448871,0.001706238814680629,4.101327713680642
1054,2,2,-13.866400540822031,0.0011785948386248948,3.299067041935248
1054,2,3,-9.315187323867729,0.08241786976125588,9.367172235724974
1054,2,4,-5.756418514385198,0.0697938268921465,34.94263745728832
1054,2,5,-2.8820631690268783,0.12860137890263587,48.58973649902564
1054,2,6,-0.459858720920719,0.030847131710101467,167.356213140963
1054,2,7,2.4667442429541504,0.18194612086419978,41.31183577242996
1054,2,8,5.080105669543897,0.41117482745745904,43.94075673669953
1054,2,9,7.8695575917411,0.5906476171222047,28.311585383124832
1054,2,10,12.942036165749535,0.47059855748780366,8.122392141963562
1054,2,11,18.355791075893762,0.7146263446637723,5.569465856232332
1054,3,1,-23.5781119373183,0.2067294227518649,987.5744837143424
1054,3,2,-13.7313852339017,0.15180010351443615,1134.1146621216087
1054,3,3,-9.429063689094765,0.21928763505960433,1605.019443775953
1054,3,4,-6.044007299054409,0.4277283804110032,1290.6821384056923
1054,3,5,-3.164229078955831,0.5664957776278232,821.6644427767363
1054,3,6,0.05775110406001909,0.7315956326300287,513.0155960802537
1054,3,7,2.5697050747478687,0.7833990516074248,522.6974987789936
1054,3,8,5.090311725688507,0.8276063411247221,1415.6925784203506
1054,3,9,8.341062896462182,0.8687590659427543,2105.7181277326963
1054,3,10,12.551623723985466,0.8885139589455777,1177.3211584534633
1054,3,11,21.855370933485233,0.8498503726600308,787.7252553217339
1054,4,1,-23.49146065699658,0.19103888117122095,634.6715223987666
1054,4,2,-13.607041598344367,0.07565896757051896,772.1436584046505
1054,4,3,-9.306232847955982,0.12231601321343642,1332.3156681638206
1054,4,4,-5.971096498486756,0.23239288770296673,1484.4527533047867
1054,4,5,-3.1134741152829273,0.3867731718851387,1119.4834640759723
1054,4,6,0.04033556184184862,0.6146313476601397,764.2243344124197
1054,4,7,2.5943674511358785,0.7632942896561971,758.8061930820093
1054,4,8,5.0364203233773095,0.836567532480497,1572.7414461916046
1054,4,9,8.242761394207882,0.8746977407332085,1512.6773713640857
1054,4,10,12.641675179269516,0.9062105573017724,753.5957393186286
1054,4,11,22.548665514150425,0.8221486989434138,547.892267014715
1059,1,1,-20.549498091300297,0.494779107592663,3.465516331128898
1059,1,2,-13.513227589346082,0.48712903832293714,12.773156892178232
1059,1,3,-9.056977989490594,0.40762346353264617,53.76417428143988
1059,1,4,-5.927773793397742,0.2799015836061481,99.77834995213874
1059,1,5,-3.0914289798517873,0.2941305737361478,81.06697086949113
1059,1,6,-0.1685851238389752,0.3022228172406478,52.23400111831429
1059,1,7,2.5383591510012375,0.22406791148456245,46.78896358870702
1059,1,8,5.016652291445908,0.3426750144193942,90.31430091597306
1059,1,9,7.985935627080677,0.518005648162776,72.74911515868291
1059,1,10,12.273285520422762,0.692865743826909,23.789755148498415
1059,1,11,19.9728033406575,0.7589137018371305,6.51720852773252
1059,2,1,-21.997775788256746,0.20425636639783618,160.59811921562095
1059,2,2,-13.320970992992246,0.18440420248859088,476.08331643392887
1059,2,3,-9.26809452935141,0.1496096636946324,1364.9268508881637
1059,2,4,-6.067049351377305,0.1801995093344393,1207.7464913710974
1059,2,5,-3.197447632529949,0.20990156450341815,689.2826370771061
1059,2,6,-0.08910628925568201,0.33696544689047664,363.02131781917063
1059,2,7,2.5605723649783276,0.4205358580340335,318.5041532818444
1059,2,8,5.11601417653125,0.6349400960164111,882.7724076889883
1059,2,9,8.47798508949376,0.7950673171234187,1417.1514501804372
1059,2,10,12.506777247864745,0.9134741729786091,923.4623847566768
1059,2,11,19.655635605596398,0.9074401912398736,323.39912791914685
1059,3,1,-23.41855373086856,0.26719139341232695,236.93415032242828
1059,3,2,-13.614510768869225,0.22724183072079523,428.6958110461428
1059,3,3,-9.45099606568244,0.20269557608113922,638.8269139826912
1059,3,4,-6.104983402477256,0.24174423080468027,392.3479350332593
1059,3,5,-3.2405195818219807,0.24936715593580497,207.20623936622718
1059,3,6,-0.07398041558968814,0.4086277724976022,104.10491883249705
1059,3,7,2.554479807869668,0.40704942748646383,112.42414892634966
1059,3,8,5.171402398730612,0.5638783923517409,294.70758811364874
1059,3,9,8.583556115047552,0.6967620115174245,607.5119460428084
1059,3,10,12.769011811957848,0.8268089966996431,581.6324659148034
1059,3,11,21.75076699758647,0.838186042893869,427.1623920866858
1059,4,1,-22.02415218659398,0.21084743444543974,53.002214130822146
1059,4,2,-13.266317100457309,0.20554691513316792,158.44771562775065
1059,4,3,-9.154602841514231,0.15028980337418385,581.482060847707
1059,4,4,-6.011670333635283,0.13438559291411703,860.1272236435066
1059,4,5,-3.1943574149550944,0.15883116642886932,502.4441526871768
1059,4,6,-0.050045742430322296,0.22766751160663248,282.6397622300186
1059,4,7,2.54890037218975,0.30567755499731686,251.2827342030995
1059,4,8,5.0493233376471025,0.47196480591363865,579.2057032813912
1059,4,9,8.34526843293668,0.7093594795237604,692.5874886180736
1059,4,10,12.42866623324521,0.8728126583401575,362.11539418002235
1059,4,11,19.801866949207877,0.8644415089576907,142.92127146643492
1060,1,1,-18.89922495230473,0.07169143038277984,12.36174191002835
1060,1,2,-13.300222208488613,0.12003662919231681,87.56386523301342
1060,1,3,-8.887084739191002,0.23206634059678063,558.1970758511738
1060,1,4,-5.8782179169070545,0.20974330372647806,1546.663210532372
1060,1,5,-3.0956410751290955,0.27639400846607326,1578.4568895792509
1060,1,6,0.015453139169773273,0.30498783754278946,1035.4556678673962
1060,1,7,2.535112062239377,0.38853185633245896,865.2440134253643
1060,1,8,4.941912537952079,0.5238860943376492,1448.7919769042337
1060,1,9,8.039413169322353,0.736069306743965,884.416704584997
1060,1,10,12.345074440748673,0.8710183644755658,204.58826391695507
1060,1,11,17.88316085277546,0.8797876441243632,38.06401377538816
1060,2,1,-25.14269365692256,0.12791935397252477,107.0832775183078
1060,2,2,-13.944526032416743,0.10472462182906128,72.24112188040023
1060,2,3,-9.368573917441507,0.17934350976266245,103.20585906990314
1060,2,4,-5.834933149971431,0.12546872764291533,172.5877938712888
1060,2,5,-2.979761129697326,0.14182088550719787,237.4658580265699
1060,2,6,-0.10740603783221514,0.11179838161212037,210.808593710236
1060,2,7,2.57072583972385,0.18614396740454137,128.5324292978138
1060,2,8,4.833480823479989,0.3602120594466835,177.05174820336555
1060,2,9,8.484129628801854,0.6555634068428746,129.63934610526135
1060,2,10,12.914385204270141,0.7357235960319227,124.09396233500487
1060,2,11,25.848912185268137,0.5734988542793559,240.2062454723748
1060,3,1,-23.165212044237904,0.07772252084571701,1769.8951290036414
1060,3,2,-13.653459920714857,0.09528587084594221,2177.5811206623434
1060,3,3,-9.404875763825075,0.13311934016657015,3453.443507478512
1060,3,4,-6.071512927971911,0.18100802180224293,2583.7290803549613
1060,3,5,-3.1893599020135985,0.2527420119622141,1369.7344883139347
1060,3,6,-0.004648890297142532,0.3723485582044,676.8917714627621
1060,3,7,2.565846154870254,0.5246426877090178,691.1031668001212
1060,3,8,5.102345587837586,0.708668979563255,1866.0452501564855
1060,3,9,8.508594449878737,0.872097384891746,3239.9857965127276
1060,3,10,12.737290854033573,0.9487635333949213,2970.0087608384997
1060,3,11,21.939495900230725,0.945622181295441,2710.452163671169
1060,4,1,-20.885068242649357,0.1293920657308213,346.6598515680223
1060,4,2,-13.517119215752647,0.13124364420533657,917.613892224243
1060,4,3,-9.128629105745414,0.16702156976175922,2929.1535576004107
1060,4,4,-5.986928752928189,0.19449400629794114,4202.019915241377
1060,4,5,-3.1546162520910452,0.23609222018183298,3036.3427640802433
1060,4,6,-0.01663491733279167,0.3182399365276627,1635.843966959605
1060,4,7,2.547282205504329,0.40372384107471165,1576.1203904766999
1060,4,8,5.030948517446035,0.5586184630895503,3220.1110247359143
1060,4,9,8.242212799356944,0.7559576782371331,3267.958152797012
1060,4,10,12.51386085141433,0.886801431081655,1516.3090129095403
1060,4,11,19.91048579728219,0.8757845807822008,729.2775770810683
1062,1,1,-21.50804262381672,0.371748300265216,96.0896684717913
1062,1,2,-13.610522970200016,0.2985510651016199,192.00552038874392
1062,1,3,-9.151878154009333,0.30562486812709583,572.4954223892194
1062,1,4,-5.890119437385244,0.2807999044543064,1233.5282550816596
1062,1,5,-3.1141975162136917,0.3187260015863478,1161.1486104994024
1062,1,6,-0.016883396760726324,0.31708434651589573,736.7809429600132
1062,1,7,2.5495228771354,0.34986789214610303,647.0713192262563
1062,1,8,4.969557932758493,0.4862246167962259,1086.6265110632983
1062,1,9,8.173533107097999,0.6564971693181803,779.0895770857079
1062,1,10,12.564033179543241,0.7653413058681517,328.9859665809367
1062,1,11,21.06748620794826,0.8251988483005642,175.07400765541945
1062,2,1,-20.881197036170274,0.07485765598902955,776.8696923533892
1062,2,2,-13.44765314836698,0.058709393793349274,2292.673399890211
1062,2,3,-9.209600832446975,0.06865871435350182,6192.407918168169
1062,2,4,-6.033907395240377,0.09662474561806425,6710.650911176155
1062,2,5,-3.212677952504534,0.17544229192876112,3695.3405331972945
1062,2,6,0.0016672663978059142,0.36967356590389194,1852.472690439057
1062,2,7,2.5676198347478665,0.6014946509462212,1920.9609746900446
1062,2,8,5.066339477830954,0.7730213827646664,4904.385844092931
1062,2,9,8.354413464464633,0.8804969256786618,6601.684467035376
1062,2,10,12.480639702172708,0.9365074354968098,3330.9383057136574
1062,2,11,19.912852411580964,0.9339230959066014,1315.9923239794437
1062,3,1,-24.705168066907913,0.2464004023307584,1313.2546959003002
1062,3,2,-13.770533186024714,0.23096567396678808,1171.86549329022
1062,3,3,-9.336639177454433,0.5114658230571326,1488.742103836782
1062,3,4,-5.955724360659197,0.8227139841219102,1656.5198243706795
1062,3,5,-3.0780018348817793,0.9357552729777591,1525.9187154149656
1062,3,6,0.027588177171836148,0.9760694108799116,1107.0159884512464
1062,3,7,2.6142738540101726,0.9823306845334517,1210.4036033753023
1062,3,8,5.068629263515686,0.9841259084520771,3035.9614895579152
1062,3,9,8.184101763727613,0.9744208550955741,3244.9421724729605
1062,3,10,12.497973598577603,0.9299171627943866,1005.5651399175495
1062,3,11,23.71405037426264,0.8912319825121406,883.8652623128794
1062,4,1,-18.756840135195716,0.10755281746559615,60.785943274518715
1062,4,2,-13.274876384734476,0.10998772919845852,467.4555864308244
1062,4,3,-8.91556962753582,0.1484899477968809,2831.354555605826
1062,4,4,-5.957177743761473,0.19084736132997357,5713.301009371502
1062,4,5,-3.163425609858695,0.28078355513119874,4671.592140888334
1062,4,6,-0.0090979439183126,0.431621539139669,2768.730378149681
1062,4,7,2.544300047138498,0.5870880705634939,2725.564102708395
1062,4,8,5.0096655479896945,0.7304307290105305,5625.026155285852
1062,4,9,8.106808817158928,0.8421445633810167,4266.28378340595
1062,4,10,12.175511122435518,0.9207747355167698,881.5105877878552
1062,4,11,18.04070615731622,0.9273521766328298,128.06840605225744
1064,1,1,-25.79889156489951,0.3493182477778491,38.978805891951126
1064,1,2,-13.455585765610067,0.12451325249491893,66.44409821227194
1064,1,3,-9.175545945445803,0.10989901967222569,263.12985994348765
1064,1,4,-5.852701794920722,0.272394378244563,549.2067669066457
1064,1,5,-3.061657173573505,0.4472094447844737,706.1879850449851
1064,1,6,0.03428615587293755,0.6172393222631847,537.4802731428084
1064,1,7,2.470773080733972,0.7138131313095585,485.1994221767187
1064,1,8,4.8643336118763685,0.763305395387965,778.5866912350455
1064,1,9,8.067756909389981,0.8566101241393251,343.0980367997745
1064,1,10,12.40435938841672,0.9043964064011849,111.00872531725048
1064,1,11,22.425683032032566,0.843101252759889,53.28798082586118
1064,2,1,-18.532385545004693,0.09223549962954049,12.2865685388167
1064,2,2,-13.025761119101064,0.04197876591262516,161.25963141013472
1064,2,3,-8.910343746170629,0.08082069502166458,1269.9766971837876
1064,2,4,-5.866032393618894,0.17161729706872492,3467.0619334425573
1064,2,5,-3.1035562324612775,0.31450135850206207,3455.0964437221855
1064,2,6,-0.00269269194144658,0.46741284548036677,2600.683403476825
1064,2,7,2.5728729926083886,0.6057941942991518,2323.9270299030613
1064,2,8,4.948935907828412,0.7115159988874812,3829.702080140514
1064,2,9,7.964935894892136,0.8484251403456383,2041.0335516519526
1064,2,10,12.092001707702567,0.9496702742628933,352.878549955019
1064,2,11,17.38045855042484,0.9514601782651099,37.507415740341855
1064,3,1,-21.7413311964619,0.177093687206651,164.75838493472153
1064,3,2,-13.232266287476403,0.037490262913112006,677.9727910228354
1064,3,3,-9.226535139112563,0.05592070766989551,2365.5912943775666
1064,3,4,-6.017150617786794,0.18937069606209606,2590.2102961424075
1064,3,5,-3.111842822925492,0.46841195352364706,2027.1690498642738
1064,3,6,0.03959762168478559,0.710862697854312,1274.067084647675
1064,3,7,2.5570963342920936,0.8529659663753164,1449.931937531503
1064,3,8,5.042111713838636,0.9075095241837884,3482.612077998982
1064,3,9,8.085125140736258,0.9430886184913032,2650.0248750320443
1064,3,10,12.256283514639101,0.9554018336694028,572.0529212383399
1064,3,11,20.525754629716477,0.888345266653984,120.29666141791598
1064,4,1,-21.977978039033236,0.16043929192522008,174.97624063451073
1064,4,2,-13.229775128203666,0.030825824629328088,666.3234793547575
1064,4,3,-9.086264824282209,0.03577631161233716,3498.3021484951564
1064,4,4,-5.998949251257967,0.07005926342839874,4808.521003508388
1064,4,5,-3.1740347123186536,0.15464879198245896,3349.5465213685547
1064,4,6,-0.03813977360132226,0.32300954251593617,1674.7692387326906
1064,4,7,2.576597811179373,0.5351324897659108,1625.9416103887156
1064,4,8,5.048913870843732,0.6928906800573178,3568.0991506254577
1064,4,9,8.32036699261368,0.8850791312858813,4103.843536516228
1064,4,10,12.381505769231056,0.9531058991782122,1751.0598034893903
1064,4,11,20.087283756271294,0.9247887129771899,443.90794201588074
1065,1,1,-19.68892730254057,0.06879027276600418,150.22028929665834
1065,1,2,-13.380207878217961,0.07595959768132114,498.69189578705914
1065,1,3,-9.09437554742194,0.12447823448880865,1772.8385302994375
1065,1,4,-5.973866624204461,0.17248396938889737,2580.027619707449
1065,1,5,-3.1724605675502815,0.22004565219076808,1980.6828516974563
1065,1,6,-0.04375292843331533,0.3440105868079891,1090.8452557575345
1065,1,7,2.5580770611517094,0.4989166474273885,1054.215421044289
1065,1,8,5.043255525587853,0.5914076858004865,2380.9982763710896
1065,1,9,8.209364701737416,0.7396014037510954,2364.5241344261585
1065,1,10,12.345113563668905,0.885326229184463,812.4252618303952
1065,1,11,18.567175571400647,0.9221507144423668,194.72429606005286
1065,2,1,-21.988307377673532,0.08474043198715009,625.5771191967531
1065,2,2,-13.566876405008106,0.07563207134612485,1085.2405891052922
1065,2,3,-9.224088340621226,0.05958503928914092,2759.7372574078963
1065,2,4,-6.052586889821287,0.05837607299895392,2689.8335260369486
1065,2,5,-3.201960466725063,0.07845446586243365,1651.0382448030896
1065,2,6,-0.04770784801367574,0.11609392188015173,810.7684657632623
1065,2,7,2.546881315899151,0.17800033148226724,847.3663982011296
1065,2,8,5.061759394992963,0.28342512889636434,1919.0292964625633
1065,2,9,8.348686788732408,0.49907326666692264,2394.5936014321614
1065,2,10,12.668353604834714,0.7739201511007162,1583.5236766635605
1065,2,11,20.983381948522055,0.8608736637586262,930.1484309027444
1065,3,1,-25.139730506365684,0.2962921544583635,514.6874508698345
1065,3,2,-13.819187058212458,0.33216071050164625,366.29612332531644
1065,3,3,-9.231377371745014,0.6779321225792717,589.9176145890865
1065,3,4,-5.906154426313949,0.9001830305920117,968.932316439036
1065,3,5,-3.1219960596143657,0.9645484012229846,945.9040302893261
1065,3,6,0.05382241485418577,0.9830518584665044,768.4201705374339
1065,3,7,2.6055596219726787,0.9877844596319084,778.3347865962342
1065,3,8,4.992801131847126,0.9844162702859383,1718.0096353623621
1065,3,9,8.089745792644088,0.9763796752977162,1356.4035412944813
1065,3,10,12.499247328575104,0.9388924962526343,440.66021676571313
1065,3,11,23.057917561571887,0.9217154797622245,317.3283670674125
1065,4,1,-21.173265993296006,0.3247372736364932,40.51514063675528
1065,4,2,-13.649107294399709,0.28400399538756776,78.77139178233345
1065,4,3,-9.090890454159439,0.45492290084552683,239.5065977035839
1065,4,4,-5.813663333464445,0.677195270580031,596.2065378165712
1065,4,5,-3.0024321785327337,0.8427479950080683,1056.3748732101326
1065,4,6,-0.004248043043028403,0.8809090017334817,929.9661079417724
1065,4,7,2.520933528099732,0.8385114872777825,735.0833941583498
1065,4,8,4.827946998650287,0.7653245583630847,831.9627918039903
1065,4,9,8.073495473232994,0.657389123837892,384.4787228472036
1065,4,10,12.344788587880323,0.7594779238801868,99.39084474033305
1065,4,11,19.697242064675685,0.7590182415461126,39.79890596979105
1072,1,1,-19.094151974104363,0.1904928208428605,11.764210953068194
1072,1,2,-13.202282028166108,0.15679021961979336,70.36262176332008
1072,1,3,-9.032410855359085,0.12989223616756046,342.29467946255386
1072,1,4,-5.823754849724673,0.3146499066748245,907.5044572957761
1072,1,5,-3.0413424184365985,0.48222665574900925,1203.64639647843
1072,1,6,0.01402735569012625,0.61634623092734,883.8094512396511
1072,1,7,2.5263110330208516,0.6718364763158811,877.4129640933141
1072,1,8,4.899710496039408,0.7521795760622205,1271.4844279041524
1072,1,9,7.909222341643789,0.7930147898715563,450.8297546754793
1072,1,10,12.20076914533546,0.8165682343394197,77.3913957365093
1072,1,11,18.797559553427927,0.7539925465138796,9.550530244583857
1072,2,1,-20.458499713706853,0.06334071636249886,612.3355832091761
1072,2,2,-13.508621859882986,0.059415459124268426,1561.6266446835953
1072,2,3,-9.279488057461151,0.08118603438363453,3161.0091694513317
1072,2,4,-6.049197300777661,0.20745471362134324,2903.230260953604
1072,2,5,-3.148962283043423,0.4200032527906457,1841.0963225173946
1072,2,6,-0.023131554617110556,0.6270669337085177,1164.195211395741
1072,2,7,2.561181447438932,0.8011147715980442,1298.3026159042383
1072,2,8,5.062088177273656,0.8603788653914257,3262.307800814409
1072,2,9,8.202391114231093,0.8968839476175702,3480.9042352820716
1072,2,10,12.416685067468075,0.8909514407750931,1128.235791677288
1072,2,11,19.483644205721713,0.8777298143956581,491.2389796583856
1072,3,1,-27.105990143809205,0.2730947819400662,436.4578422235183
1072,3,2,-13.789607083252832,0.23334131983517795,182.1532454889093
1072,3,3,-9.344309776407243,0.22341047069045622,204.87818774851223
1072,3,4,-6.044442938650634,0.3517571224245962,173.88020422288437
1072,3,5,-3.108869823851961,0.5245498422771752,147.90069021354955
1072,3,6,-0.049058421947137144,0.5085837531708567,130.7545996194322
1072,3,7,2.5024712777659768,0.47042286680182416,112.84593429743506
1072,3,8,4.975064502942682,0.5832744443746959,211.7473264029773
1072,3,9,8.316660794089282,0.6313411127596547,225.86326797919193
1072,3,10,12.82823606325877,0.625173520925433,185.87821773992147
1072,3,11,26.516418217863205,0.6606670996404097,497.7864824223817
1072,4,1,-18.79258430031682,0.09888149914543291,58.44236361423783
1072,4,2,-13.202408700490606,0.0858846229684864,368.85748806417644
1072,4,3,-9.030037143219937,0.10244514779396058,1494.8179633376049
1072,4,4,-5.882831213013481,0.26507782500776705,2497.3850775277397
1072,4,5,-3.1047933269802184,0.4610219520277437,2346.356590790628
1072,4,6,0.03249780629441003,0.6050299176583602,1629.240737745178
1072,4,7,2.586568866756713,0.6966273017546949,1648.438485705015
1072,4,8,4.984400440602564,0.7660505392361503,3189.4604448784658
1072,4,9,7.950462528880101,0.8246882923936869,1879.4027420632606
1072,4,10,12.170383955420212,0.8630889944141287,307.4945948462821
1072,4,11,18.163417096087098,0.8450710443585927,62.424007674649346
Denna,1,1,-20.12590850178053,0.06579808561325476,27.444623684318966
Denna,1,2,-13.58882738283882,0.0657013872316868,88.11792043124919
Denna,1,3,-9.082117907047385,0.11408627041829086,212.72166657999037
Denna,1,4,-5.960738690617406,0.29190542161171273,338.94503338662616
Denna,1,5,-3.178382938423984,0.45648526069369283,235.0133839275333
Denna,1,6,0.04050534130466355,0.5403400532623457,132.27239447428306
Denna,1,7,2.5092866321445886,0.6719571274529482,135.06571692526737
Denna,1,8,5.077817336159951,0.8409920294925616,370.9230800315818
Denna,1,9,8.154384203179724,0.9043765032820196,329.99895343791974
Denna,1,10,12.405600048286097,0.952446519757389,125.04815257762017
Denna,1,11,19.253300252709042,0.9808414834173667,37.356312367728606
Denna,2,1,-23.88912946468698,0.1422081787612239,60.899577387123266
Denna,2,2,-13.690138524171616,0.021726737123577988,59.898121219882334
Denna,2,3,-8.985551349328128,0.01223731429443805,173.75163649584172
Denna,2,4,-5.985459885463012,0.002993132830989499,246.01659596848268
Denna,2,5,-3.218485767708629,0.008461728336717846,134.02830928628575
Denna,2,6,0.036767264117810165,0.014166801149426195,79.53214909803636
Denna,2,7,2.47294232836795,0.049994777767443946,72.57879185080824
Denna,2,8,4.977177249600707,0.11247715213201165,120.29657166655208
Denna,2,9,8.20545744670726,0.35835023240579095,101.00219866823267
Denna,2,10,12.815403216891024,0.8241161742715939,87.82629315252203
Denna,2,11,23.794132879888675,0.9166067422536287,121.77083758682924
Denna,3,1,-24.32271326238461,0.2918874087942234,21.761815566806952
Denna,3,2,-13.81718159157014,0.1392749564585661,53.751866541786065
Denna,3,3,-9.096765671656486,0.25843999859799643,132.5208539942512
Denna,3,4,-5.92393030393866,0.43705017623643133,203.51208095143673
Denna,3,5,-3.0763510770666596,0.6581371552979424,209.36979502651494
Denna,3,6,0.03315520928870337,0.7495229227576105,167.9504498857762
Denna,3,7,2.5913850543801575,0.8386570013964603,142.1284685419815
Denna,3,8,4.934291554556088,0.8408295319248347,305.4768372884232
Denna,3,9,8.003539346625216,0.8265140532840802,150.4595763007461
Denna,3,10,11.935929170961563,0.842392116941008,30.73890073370363
Denna,3,11,21.180906503493073,0.8677499392965906,16.888787541376654
Denna,4,1,-20.702539901074164,0.20333528001633475,0.8939833617508074
Denna,4,2,-13.927108865879779,0.27194683007186615,5.232091807082398
Denna,4,3,-8.800829706209877,0.2647870243853048,24.005842929916692
Denna,4,4,-5.854948752915522,0.34234883502057084,59.52628969345437
Denna,4,5,-3.1155334597276747,0.4851667964115168,67.58851175966602
Denna,4,6,0.12487864457001813,0.45727477134895406,49.24500654190445
Denna,4,7,2.602128352386551,0.42001478575449347,46.22702268194295
Denna,4,8,4.932084780206309,0.46662780482786864,74.3035110134431
Denna,4,9,8.054370979832035,0.6455456359247269,32.53927159310145
Denna,4,10,12.412749517578355,0.8807501250374451,6.386653536154019
Denna,4,11,17.447223195633168,0.5484525080348354,1.9840625040653523
Dopey,1,1,-22.27444626477989,0.6679687715621376,4.880816359205884
Dopey,1,2,-14.058521554873709,0.48774294922856204,12.601972923560217
Dopey,1,3,-9.070119339361908,0.27062482580729086,44.23601445857928
Dopey,1,4,-5.829220343885635,0.21098022566488508,154.23860214435382
Dopey,1,5,-3.0561757981743227,0.303901246430071,182.53582368683865
Dopey,1,6,0.10489524061791868,0.37879661847020996,106.04098300246613
Dopey,1,7,2.5301586108966743,0.5294238090591029,112.54392971212587
Dopey,1,8,4.898966398896923,0.6306355166498505,180.28182629446923
Dopey,1,9,8.174423698232303,0.7951018198161696,105.35064453760995
Dopey,1,10,12.50130403300808,0.8042970906814896,25.385270944018608
Dopey,1,11,20.26673537686678,0.7320513578866935,14.926662792478515
Dopey,2,1,-25.50159539628893,0.23762296509947853,58.46590277878617
Dopey,2,2,-13.407613335081187,0.11542022125336195,108.30522508737141
Dopey,2,3,-9.102008597373473,0.04394825209436073,382.6210462015449
Dopey,2,4,-6.021949155420457,0.02430663788352483,457.4140631606432
Dopey,2,5,-3.1497967368207864,0.03798298847385663,281.3209192380647
Dopey,2,6,0.15430615585647536,0.03708350647735958,148.65544594861453
Dopey,2,7,2.502590124523926,0.07882556755225398,144.41129696236408
Dopey,2,8,4.998455490157055,0.12166642292988449,300.89583106563947
Dopey,2,9,8.288448272427855,0.3438295797580723,330.33116065132185
Dopey,2,10,12.597671914124508,0.6997787532739765,189.6366571721542
Dopey,2,11,22.678211418561684,0.7572210583416806,165.18268131598634
Dopey,3,1,-19.41776124572824,0.09052358976580208,14.424739615125851
Dopey,3,2,-13.240608297938376,0.08425681738955876,103.9804825688387
Dopey,3,3,-9.023323742236713,0.11164559966736329,595.1815388861262
Dopey,3,4,-5.9663954785328865,0.1375055002450718,987.9024568955538
Dopey,3,5,-3.206181964269289,0.2106350302360511,716.2930119835919
Dopey,3,6,0.03421780665790799,0.36328528422801454,415.60148787244134
Dopey,3,7,2.589191234902185,0.49766425198449044,377.2450108319267
Dopey,3,8,5.079446363710971,0.6320538640405711,748.112344567133
Dopey,3,9,8.21701249675611,0.7918840987240917,837.6660172914567
Dopey,3,10,12.298362889693793,0.9178349776355066,313.881931250482
Dopey,3,11,17.97978120755699,0.9217682253413851,46.04565634955523
Dopey,4,1,-21.60441594695602,0.2055395552453134,17.228541246882063
Dopey,4,2,-13.339429261258163,0.154326202083461,75.1123194202297
Dopey,4,3,-9.005171621007193,0.12439716654156863,383.9614004537496
Dopey,4,4,-5.904786977865165,0.22979406176502473,698.4448777994489
Dopey,4,5,-3.1355754633093094,0.39702643693677353,596.8502450915046
Dopey,4,6,-0.01633112081366379,0.531157675810181,384.70208317647814
Dopey,4,7,2.562770580057985,0.7123181618979807,359.79976249358333
Dopey,4,8,5.059571640867111,0.7847634491043062,742.709998072758
Dopey,4,9,8.157438169393627,0.8945719996431564,619.6521775196115
Dopey,4,10,12.46755485163929,0.9414335312806448,193.09614063334516
Dopey,4,11,19.06951283490408,0.8801698684159077,35.844999541979796
Draco,1,1,-18.63015801034595,0.38644407784892487,9.125950096701418
Draco,1,2,-13.114694379061346,0.21974156168774506,39.80851888022687
Draco,1,3,-8.96138476189302,0.23092601302787863,236.99756880033425
Draco,1,4,-5.822778221916027,0.21200306258649648,825.0617003656441
Draco,1,5,-3.109050958548872,0.21978736071578417,887.4569242558017
Draco,1,6,-0.02995960215865122,0.268227559694863,587.2044923910333
Draco,1,7,2.4901045633879897,0.3483780369805227,501.122393768224
Draco,1,8,4.948483007088723,0.5217372856261867,869.0734340906313
Draco,1,9,8.046429215780476,0.7194384121933515,468.89037551433216
Draco,1,10,12.286475246213758,0.8136732708589763,112.10747731370863
Draco,1,11,18.135372803567485,0.6364819057844883,14.394608658245222
Draco,2,1,-20.09270747408077,0.5350047045447129,1.1422354786701046
Draco,2,2,-12.958525089972106,0.10394718197865588,26.342395867074224
Draco,2,3,-9.045043581852902,0.19884792938769408,129.20735985555484
Draco,2,4,-5.767459417548271,0.22726545676503832,643.3493983483535
Draco,2,5,-3.1038288426328635,0.20859187803866458,883.9404619971801
Draco,2,6,0.038382613152290246,0.37685881043245206,578.6356010843576
Draco,2,7,2.480153182573249,0.5272466239893484,513.0636067120054
Draco,2,8,4.928478343500731,0.6855798538561078,794.5214539693682
Draco,2,9,8.029670336646294,0.8402355178097309,379.5145111184631
Draco,2,10,12.254900981950247,0.9156420444073391,78.63392293250902
Draco,2,11,17.59148077292405,0.8522025009776715,6.528493698174257
Draco,3,1,-19.645809869423704,0.04365750156442962,12.608842321735137
Draco,3,2,-13.35403628954424,0.021675938146887383,35.28890137314083
Draco,3,3,-8.890002291673548,0.014404765355585887,187.38343626695732
Draco,3,4,-5.787439873129882,0.0045480194225876016,694.3967506032698
Draco,3,5,-3.127320681294726,0.010043412435961093,559.2442427022384
Draco,3,6,-0.1367540805442055,0.07931697204847049,349.23359007946544
Draco,3,7,2.5890697543909806,0.28853357202309354,218.70070487308607
Draco,3,8,5.038722310727729,0.5338566276981637,401.5669542847433
Draco,3,9,8.384139453301469,0.8746880519310167,506.63152152033996
Draco,3,10,12.562759681422245,0.964403519066229,334.56723336640437
Draco,3,11,19.61738846402555,0.944671693432574,93.1542439203448
Draco,4,1,-25.625984538460614,0.09555573405891056,45.12297210289337
Draco,4,2,-13.705518533235965,0.10756088631260742,25.56018387955804
Draco,4,3,-9.33929726829725,0.20841201068110243,23.411635077153406
Draco,4,4,-5.69692219456171,0.09727569276333961,38.192150682731466
Draco,4,5,-3.140674656791249,0.11156097773793652,44.35837104477841
Draco,4,6,-0.09430812666288148,0.07166784579256756,93.92631644514289
Draco,4,7,2.604999688079094,0.2924427288234817,30.11329464668409
Draco,4,8,5.001301370013405,0.3117664919040505,36.83815765525631
Draco,4,9,8.371272942523609,0.5460005902478922,35.963591846863764
Draco,4,10,12.781832386495928,0.6461277518842746,32.69136638737735
Draco,4,11,24.949842965513493,0.6518343087229526,67.92265372323546
Randy,1,1,-19.37306832358798,0.970593319270138,1.4510000922355384
Randy,1,2,-12.625893265633238,0.015541115265163814,3.4174464033268253
Randy,1,3,-9.054069202402166,0.13030745021928866,26.730173471742596
Randy,1,4,-5.753778281109022,0.11631519180035896,130.60242518988204
Randy,1,5,-3.0501757749559695,0.17379186465154342,179.49004194963481
Randy,1,6,-0.020404652194072812,0.29389632129529536,111.47185633471041
Randy,1,7,2.5258829076636777,0.494229483958175,85.83211220543173
Randy,1,8,4.8651254245457265,0.7440601090223543,149.75316276645805
Randy,1,9,8.247095814302796,0.9043639899684367,86.65326976665995
Randy,1,10,12.51258624734737,0.9890891997202316,19.052366026665574
Randy,1,11,19.108131314993912,0.9876895574042528,1.0043720031752126
Randy,2,1,-19.679927194426003,0.48627544507323717,1.273607363867216
Randy,2,2,-13.395211431632124,0.09037772195946137,27.47342573323883
Randy,2,3,-8.812142156640212,0.0920145311170876,163.81233290993603
Randy,2,4,-5.823483583060331,0.08196930216009092,471.741586290493
Randy,2,5,-3.1030510547072283,0.18127834026592257,447.41098579201685
Randy,2,6,-0.011805506720951804,0.31442817033120046,277.19768261015514
Randy,2,7,2.570421636106363,0.4613176097067674,243.81550566172047
Randy,2,8,5.032653201127208,0.717200261365987,433.9587207371484
Randy,2,9,8.126911575795607,0.8773293706432701,400.5248643969369
Randy,2,10,12.209796047875292,0.9333849896885479,73.5220029003019
Randy,2,11,18.350170977614596,0.9587066154655757,7.102191891404835
Randy,3,1,-18.128465690769573,0.028535497567549174,0.3019029564952865
Randy,3,2,-13.443521822556141,0.0030810151074657766,8.575778039652079
Randy,3,3,-8.717784981366021,0.00162316909511801,71.94630165760793
Randy,3,4,-5.813294764972222,0.0003688986872553842,409.56213868017016
Randy,3,5,-3.1778724217601373,0.0017427707864352139,406.8602456387914
Randy,3,6,-0.11748942251375366,0.12975808494658717,147.38064913304657
Randy,3,7,2.55877590903823,0.6064425608124765,94.10965435406068
Randy,3,8,5.083751037668122,0.8812721810137795,248.34693726554835
Randy,3,9,8.369750861259499,0.9830065211661673,378.3943171971225
Randy,3,10,12.325162886402572,0.9968452714507474,149.35207462106078
Randy,3,11,18.716355372731776,0.996283418235432,22.173688966100265
Randy,4,1,-20.068011519772426,0.1513648315044662,12.97348958740195
Randy,4,2,-13.576345072210557,0.03836538360409178,63.533349823782174
Randy,4,3,-8.865061185563505,0.04944864492179571,269.51119196071284
Randy,4,4,-5.881367799571472,0.02367664494736987,633.0938498394522
Randy,4,5,-3.164442919309142,0.04570848370372846,459.23872661955477
Randy,4,6,-0.12449322455374126,0.17126112290000692,209.94981192208667
Randy,4,7,2.592704751885146,0.40720963263104926,157.24272777878636
Randy,4,8,5.0808106602653655,0.6513839920063424,336.94117923084366
Randy,4,9,8.439433696817614,0.8911920724096989,534.4275486392787
Randy,4,10,12.527294219401327,0.9579304240888192,319.073556451971
Randy,4,11,19.660198836818175,0.9658346527969219,105.71974713931952
Remy,1,1,-32.86834955320783,0.5243235289946588,3.3920553144266115
Remy,1,2,-13.235946589455265,0.35814438763023365,2.656525145988219
Remy,1,3,-9.040076836458635,0.08818428951711758,34.415373539854826
Remy,1,4,-5.555161154515639,0.10494860223069379,319.6662313777524
Remy,1,5,-2.992593546892306,0.21995965157387623,764.3535891660104
Remy,1,6,0.00604511255752961,0.3713157828216428,670.1718991069883
Remy,1,7,2.5122731197811667,0.4599333390489186,496.2302821494446
Remy,1,8,4.802073134715062,0.6829434722649034,486.6055191723896
Remy,1,9,7.974911841286679,0.9323288535767983,120.15154472337487
Remy,1,10,11.965818819378807,0.932619085336878,7.469584231016626
Remy,1,11,30.319986280801672,0.8295932076577035,2.994581376269644
Remy,2,1,-18.712873519333577,0.24412885118510963,4.276162965520202
Remy,2,2,-13.004014221299744,0.03514621572567682,29.861583772447513
Remy,2,3,-8.780818126943919,0.06090150390425994,267.91895051118684
Remy,2,4,-5.817989859152869,0.10131878221689297,1348.0396857933633
Remy,2,5,-3.114278226706184,0.1752727513014098,1534.130328975633
Remy,2,6,0.009775654335259707,0.2772504212822911,983.7567534360801
Remy,2,7,2.5341098572445717,0.4208196379145015,774.6581088233406
Remy,2,8,4.970202625655477,0.6519523998765647,1224.2143835612037
Remy,2,9,8.191737364143965,0.8995503879405826,821.0112462637896
Remy,2,10,12.023255418916532,0.9667846854887047,167.1306228124085
Remy,2,11,17.15335505887814,0.9115557802481542,10.798498285493203
Remy,3,1,-19.27757487728604,0.2525593478042089,4.1796045988756685
Remy,3,2,-12.700464084649363,0.00442488197805996,12.011475270869827
Remy,3,3,-8.822914301272741,0.04985227467729282,127.12277849077151
Remy,3,4,-5.677424096303665,0.06708243427728178,989.0161650872955
Remy,3,5,-3.044934153423914,0.14485594561831547,1579.1525588027516
Remy,3,6,-0.03132513256932373,0.2496936699184118,1203.1518102409377
Remy,3,7,2.5266824010904014,0.39976312585558343,897.1724951785333
Remy,3,8,4.85624255817529,0.6156540598305718,1169.2677197584812
Remy,3,9,8.01103475883692,0.9225542385866413,528.8728238821913
Remy,3,10,11.839657655812987,0.9423435244423493,61.1945466586482
Remy,3,11,22.417388672131082,0.5423615060266173,5.443758174464044
Remy,4,1,-22.72447283969278,0.10021555190273287,31.15217712117756
Remy,4,2,-13.213862588474885,0.059253441530109835,83.47041581069456
Remy,4,3,-8.848587036294889,0.023127864340023264,575.5428974581878
Remy,4,4,-5.937388656083959,0.04479102521628931,1284.2779177415941
Remy,4,5,-3.1510723468176205,0.05832058962162435,1101.363523055613
Remy,4,6,-0.04980605998669578,0.13288857798252032,601.9195372159994
Remy,4,7,2.5301343938109597,0.27739576160337465,515.9391138486856
Remy,4,8,5.041933630599967,0.5258749657065409,974.9123775079313
Remy,4,9,8.362018939710586,0.8444840089546093,1095.9643851306473
Remy,4,10,12.285058236564115,0.9670013669160276,467.20524629792743
Remy,4,11,20.417747107725784,0.8993279209724183,99.76316216377322
Rhea,1,1,-23.968399165432665,0.11357980077398482,110.82308795498429
Rhea,1,2,-13.534279541118785,0.08230708052189639,93.64961116260255
Rhea,1,3,-9.106799310138538,0.040686642607065615,281.35367362174816
Rhea,1,4,-5.914152756431597,0.01921992462599085,525.9250261789155
Rhea,1,5,-3.1527437750446463,0.022469023957630938,436.5075277919391
Rhea,1,6,-0.01923353042427251,0.01277350250000913,302.5754541701493
Rhea,1,7,2.603567855908196,0.01833471966385135,257.48665861308626
Rhea,1,8,4.944572234534908,0.07542730840648802,390.3871553369693
Rhea,1,9,8.285636951092474,0.3510359325149763,255.34704919099318
Rhea,1,10,12.87070573654733,0.6020047288171954,199.69594366242865
Rhea,1,11,23.775431298819907,0.6453977625987299,227.39767423086218
Rhea,2,1,-20.522262052093385,0.025067022271019687,0.010104701479461896
Rhea,2,2,-14.693016944253644,0.001094543645261138,1.1103929749689103
Rhea,2,3,-8.235402259896228,0.17169265839825792,1.2060051757445542
Rhea,2,4,-5.638473652435052,0.5172821743171238,4.6118846877788995
Rhea,2,5,-2.86703446435946,0.7067450276535613,22.054694422883937
Rhea,2,6,0.22876332390170934,0.9298342740801134,92.2266862195982
Rhea,2,7,2.2499024488633848,0.5947437839266515,18.150189144306424
Rhea,2,8,4.695256707854141,0.5003732129714771,8.81767901689583
Rhea,2,9,7.28121294218086,0.39825114328014594,2.0848830320206093
Rhea,2,10,11.959321777828041,0.7844466336793722,0.17112128198997736
Rhea,2,11,16.689380547633434,0.8830142510410677,0.04593288672679916
Rhea,3,1,-19.943304017837924,0.0019507725924864622,6.740422444819881
Rhea,3,2,-13.376069698387973,0.030900593176433313,22.428861370905015
Rhea,3,3,-8.858587083113754,0.06677868912020818,179.77167223115418
Rhea,3,4,-5.838101368349592,0.13507020766666425,587.3341395277168
Rhea,3,5,-3.075400855746909,0.23075479680036007,722.7159200366757
Rhea,3,6,0.04050634996754063,0.3600978830346804,521.8463248717602
Rhea,3,7,2.5648111495042003,0.45991235889681686,476.1123440151673
Rhea,3,8,4.915839802404063,0.6239079825557733,696.1750539235974
Rhea,3,9,7.968278943499402,0.7876805075695734,321.36272287465306
Rhea,3,10,12.369432692569012,0.853897137476845,61.02195269106442
Rhea,3,11,18.10218001420726,0.7353189934496923,11.52177721497577
Rhea,4,1,-19.616668325655052,0.008790781473394802,45.4263848987169
Rhea,4,2,-13.22731890681906,0.05554360690019477,244.8111344915251
Rhea,4,3,-9.000241902929428,0.04117279430556213,1222.6686489713616
Rhea,4,4,-5.979425146462115,0.10219031226459607,1900.1289496056052
Rhea,4,5,-3.1672166787383556,0.16929673413476906,1475.721857748515
Rhea,4,6,-0.04846809684872883,0.3120560086082172,751.3515347385007
Rhea,4,7,2.5665732218472908,0.5236182922755809,736.2508082274479
Rhea,4,8,5.010044541548462,0.7007057364080229,1783.6201117225528
Rhea,4,9,8.239303732246544,0.8632008260280394,1570.2053449023442
Rhea,4,10,12.219427256955097,0.9159562028243082,554.1109823645212
Rhea,4,11,18.283927020225033,0.874389347137313,90.03461566743673
Robert,1,1,-21.873780746418944,0.010830192359753984,0.41954539340569885
Robert,1,2,-13.13960004437943,0.20776604121923226,5.548775620081781
Robert,1,3,-8.950939105974859,0.2065946947372069,29.97593511362787
Robert,1,4,-5.6687549943722235,0.3889340557354217,165.39812782034335
Robert,1,5,-2.931999398984662,0.7245750562203065,432.82170270228005
Robert,1,6,0.0004867387986350613,0.8444725933124241,386.2145577939413
Robert,1,7,2.441731697848672,0.868423814524319,302.54016669966103
Robert,1,8,4.646885513187536,0.8728470130444902,280.8436000652098
Robert,1,9,7.768155602843089,0.9612221882908345,36.415648832581816
Robert,1,10,12.143252649805692,0.8801964238812885,5.717376501012418
Robert,1,11,21.80619944835215,0.9484047141794982,0.5740359185179739
Robert,2,1,-20.764460680397264,0.1349141178517951,26.340734730019648
Robert,2,2,-13.174532474490656,0.07029180351401221,97.62702079304383
Robert,2,3,-9.07547928499941,0.05539529516630339,478.94625414848394
Robert,2,4,-5.828742424243442,0.1929737391741792,1064.6319241765975
Robert,2,5,-3.065508773645482,0.47696423053484666,1221.0669335399105
Robert,2,6,-0.001684265086430102,0.7267027489355515,1076.8791517227921
Robert,2,7,2.5520902761209543,0.8436100776940887,992.2131241737202
Robert,2,8,4.914028178104774,0.8754442060857961,1525.893358099064
Robert,2,9,7.949348652460513,0.917522839331411,491.16334449371186
Robert,2,10,12.167292159634872,0.9028694604739799,89.29031568363541
Robert,2,11,19.879626483468623,0.8104594155894423,16.773777053253625
Robert,3,1,-21.587052544151554,0.07086091765309459,199.04588313016947
Robert,3,2,-13.534331255634175,0.016830708796063815,473.80379665999163
Robert,3,3,-9.152469753140213,0.027904696228523936,1187.9048719778375
Robert,3,4,-5.964240266158366,0.10364888566509624,1593.8680649815394
Robert,3,5,-3.1222174359336896,0.28592985774627894,1190.538045470359
Robert,3,6,0.008421743129456826,0.5823068079662185,791.5473512457934
Robert,3,7,2.5722720764914038,0.7295627494907604,809.8545374658712
Robert,3,8,4.985261598834788,0.8236945490518495,1662.2043514163113
Robert,3,9,8.155394593625967,0.8833924081385445,1218.2344541508592
Robert,3,10,12.31153836165073,0.8870241422052951,456.770662396502
Robert,3,11,21.776885787062056,0.7331937414983088,198.403540420029
Robert,4,1,-35.6302819408545,0.8350561504160688,5.193836746405178
Robert,4,2,-13.88830462108487,0.5056990973877513,0.02040692688271194
Robert,4,3,-10.159732931281427,0.7380480664049441,0.1729387600507505
Robert,4,4,-5.192186455365849,0.9278509884823538,1.1018830215196669
Robert,4,5,-2.9823780775070396,0.9997894879369393,3.573318287449496
Robert,4,6,0.24516581730126907,0.9999923310274623,130.35893923747258
Robert,4,7,2.7080923126591316,0.9986450694995394,4.392171660747065
Robert,4,8,4.773065827340139,0.965336682231711,5.058690419414127
Robert,4,9,8.011631568841755,0.9808379938104499,1.186552522846902
Robert,4,10,11.737495625540314,0.8278154682414771,0.22164541885044317
Robert,4,11,29.67279282774581,0.22290938201913582,6.248646608199514
Ron,1,1,-20.98088036102137,0.36701579609490603,0.3546736241857592
Ron,1,2,-12.968918810948436,0.3446065305867248,2.7929249206330353
Ron,1,3,-8.822035023090244,0.14901646681274883,30.445108048375282
Ron,1,4,-5.553912172637796,0.10105031116065274,251.21934511368124
Ron,1,5,-3.0361925806347987,0.1958803498823308,495.2261589221617
Ron,1,6,0.021813317053258913,0.37685055851770854,418.4911894329922
Ron,1,7,2.5928932179560884,0.5147106069959994,326.37496930625235
Ron,1,8,4.866934263664998,0.7121312527053799,328.27681851255477
Ron,1,9,7.913808689843374,0.9523065041411335,81.49938854193746
Ron,1,10,11.864200567851773,0.965420903341674,5.8919313356760075
Ron,1,11,18.061239452338313,0.050249727092939955,0.7546058437132485
Ron,2,1,-18.848199925999886,0.20356876904062043,14.491021487457886
Ron,2,2,-13.404355245341401,0.18681351338900679,39.188043082174204
Ron,2,3,-8.840071929843113,0.1126114829523476,297.77793056794206
Ron,2,4,-5.852658213339793,0.08450731885577971,854.6648378334363
Ron,2,5,-3.124659826052678,0.12664289291902306,735.2876277689988
Ron,2,6,-0.05419239137229958,0.22194590244843582,386.8119418507739
Ron,2,7,2.5641000891958616,0.41762992152655265,317.56183150151384
Ron,2,8,5.041314435331839,0.631959024778748,611.9835819504218
Ron,2,9,8.322609555519634,0.9025842371742325,635.3508542985624
Ron,2,10,12.49903535561345,0.9280848012987591,237.47171533581803
Ron,2,11,18.875116715710455,0.9064393147125929,77.6441262269641
Ron,3,1,-19.927048072484546,0.282356845061248,2.007740315159999
Ron,3,2,-12.878297870839194,0.08509059975651108,19.771474782008575
Ron,3,3,-8.857613123548285,0.08114793935038714,184.49825711999046
Ron,3,4,-5.786185696118809,0.11759434356603089,755.3566720477247
Ron,3,5,-3.1171223513048556,0.16110892497682816,940.3659168122884
Ron,3,6,0.0455939867457925,0.37468643284059383,617.7549360288217
Ron,3,7,2.517785045659366,0.5951167274155378,469.4619513954101
Ron,3,8,4.93526581202051,0.7646143469065021,803.381630044244
Ron,3,9,7.928433817360372,0.9422903414151694,430.90358877824326
Ron,3,10,11.989571043907342,0.9628475289009059,50.71680828851829
Ron,3,11,18.779543784375054,0.9545071188476583,5.464095240479742
Ron,4,1,-27.416095952676383,0.37193989353126594,25.14656457319635
Ron,4,2,-14.055134440901178,0.5566450950075508,7.247557215184216
Ron,4,3,-9.249372468746197,0.29809458494828805,13.278704263692473
Ron,4,4,-5.808749428122377,0.19343763635539488,28.75914500515821
Ron,4,5,-2.9480014398481384,0.16227609765796924,33.120296496551624
Ron,4,6,-0.14434348276813083,0.08054918756972336,36.941932687412404
Ron,4,7,2.4383681794856735,0.18091161257762015,16.60124779682375
Ron,4,8,4.908105490929492,0.3570780555952782,17.35796949278018
Ron,4,9,8.255303969387796,0.7145169844406623,15.246168381257418
Ron,4,10,12.99347951602871,0.7430094565158898,14.919545039987684
Ron,4,11,25.6268395133678,0.6895679268754743,41.137172688842966
Rudy,1,1,-21.345086866556933,0.07504065461969411,112.67359850404186
Rudy,1,2,-13.549742718071528,0.0962412136699202,285.6248157196056
Rudy,1,3,-9.304400791643822,0.17162621645965156,538.5958251195957
Rudy,1,4,-6.006967939284412,0.42619371172257775,604.6671544186304
Rudy,1,5,-3.177242435700371,0.6854575144127943,475.22492510038796
Rudy,1,6,0.05937110185591045,0.8090005098296791,348.0944511062529
Rudy,1,7,2.5694911220522547,0.8585420676842741,329.50238428454884
Rudy,1,8,5.0947345411995775,0.885943755841088,827.0956228580881
Rudy,1,9,8.054445212032688,0.8857412366930573,746.3485631503504
Rudy,1,10,12.254033437915439,0.8572970804479617,198.87715758250658
Rudy,1,11,21.726193793040395,0.68101291602423,60.945562142069186
Rudy,2,1,-19.009596016844387,0.2011712188400476,5.088465358709529
Rudy,2,2,-13.384092511442503,0.046091611968336985,21.973653859741823
Rudy,2,3,-9.013480649798128,0.1323176471690449,112.34356585265483
Rudy,2,4,-5.674324454503333,0.3251417358102484,409.359126750015
Rudy,2,5,-2.98730110280028,0.4685017878104042,663.7375393123983
Rudy,2,6,-0.006276868739095107,0.5613442251456947,569.9363061423164
Rudy,2,7,2.582496744148515,0.6296668689397759,506.16541144774396
Rudy,2,8,4.838409275377678,0.7200215250647806,598.8367729977606
Rudy,2,9,7.5931634118678,0.7854455086766856,115.48612107399128
Rudy,2,10,12.325760098416916,0.9088327477437373,12.014411441025821
Rudy,2,11,17.050395927876057,0.7545543910777259,3.3690088493339174
Rudy,3,1,-20.536120875583062,0.057905980573650984,63.08943160671961
Rudy,3,2,-13.314863286240849,0.04525285753272662,223.76467355094002
Rudy,3,3,-9.139831084149055,0.0699214438492364,865.7035902508119
Rudy,3,4,-5.9963079466786136,0.09372807039174212,1227.4531149442591
Rudy,3,5,-3.1378876689010378,0.16144435373069665,904.8085129386511
Rudy,3,6,-0.056872993074861065,0.2549161547663746,610.67504653745
Rudy,3,7,2.5397870404516185,0.3406215710884627,529.851201337491
Rudy,3,8,5.015995873540476,0.46695644779092804,1073.3410361657575
Rudy,3,9,8.200487840147241,0.6416659599541268,1098.686684919085
Rudy,3,10,12.3053624395262,0.7611097896891783,434.75317443229704
Rudy,3,11,19.943251967569886,0.7152566272390937,100.53269317923085
Rudy,4,1,-20.59821622941145,0.177601041955296,16.148504530528967
Rudy,4,2,-13.09783335679084,0.08921357055283125,82.63685686971232
Rudy,4,3,-8.973908353334433,0.0978041658188007,441.3570187769367
Rudy,4,4,-5.857402233416467,0.1791137417723322,1089.5206038870938
Rudy,4,5,-3.085346358362292,0.2756278440149169,1118.2290226485604
Rudy,4,6,-0.006780282661522641,0.3793397752297623,790.2941962139791
Rudy,4,7,2.534376188149477,0.4802176464082525,749.4810029302151
Rudy,4,8,4.927764983623021,0.6078332908510844,1228.7265679783914
Rudy,4,9,7.874396805976387,0.7696391161626173,604.4786308565721
Rudy,4,10,12.118840678966588,0.8624526642663676,99.35525654417022
Rudy,4,11,18.974689086473546,0.7457875658133912,16.152735829366
