rat,state,bin,abs_delta_flashes,rt,n_eff
1029,1,1,0.5803593450759045,0.8255372844936943,395.7291786076563
1029,1,2,2.4287928317774283,0.8231050701224227,795.6201118589572
1029,1,3,4.899163937422811,0.8783793234293725,1309.7240733178487
1029,1,4,8.042097340757014,1.227100988466145,612.4067815844408
1029,1,5,12.419230383872607,1.8452821680935139,148.51436909021572
1029,1,6,22.08222836314496,3.8370442904277047,46.544758343303705
1029,2,1,0.615249210113933,1.0282450047191631,729.5625289737739
1029,2,2,2.4897097746104535,1.029325045580119,1464.3508142915161
1029,2,3,4.999012113906724,1.0612394161367382,3213.244429663126
1029,2,4,8.14052340378613,1.2640034027060352,2352.5619717531645
1029,2,5,12.367570135963932,1.8235462912404485,636.5176538064006
1029,2,6,18.806967490887715,2.901512565494261,155.15719398057564
1029,3,1,0.772006055984052,0.8800175538432516,996.544602162412
1029,3,2,2.638605366119411,0.8941776499569195,1765.314725464943
1029,3,3,4.971453723810283,0.9355607513265232,2984.7127611586475
1029,3,4,7.84786214802678,1.0640868456822994,1590.5386569233046
1029,3,5,12.060431994102814,1.5690213088297242,152.65485156273124
1029,3,6,17.22538533587576,2.246239341995805,9.370974356588123
1029,4,1,0.6880420193879926,1.222902924132366,500.16369025615836
1029,4,2,2.5787647014690305,1.2128884304937324,952.7143483845845
1029,4,3,5.061618364101857,1.2646501894721318,2425.3187358603795
1029,4,4,8.27842810333444,1.4137942810166486,2778.4925897390913
1029,4,5,12.356446285953885,1.9215002862823107,1014.313125540653
1029,4,6,20.933125783369228,3.4570701807544846,354.9270733195326
1052,1,1,0.6613846604544622,0.7872423333075942,714.3180793639715
1052,1,2,2.538160808227625,0.7980099948847842,1275.8951122654812
1052,1,3,4.9104995644570835,0.8591593359106481,1904.873508084279
1052,1,4,7.995568197083485,1.1932394709951992,841.6430445288845
1052,1,5,12.320326601799025,1.8086577128176664,191.66368227467683
1052,1,6,18.969198420967043,2.9925003687999574,32.19104607513643
1052,2,1,0.6932661175961673,1.0710092954017691,1995.5446256467658
1052,2,2,2.5462950594628646,1.0793518967701872,3939.5291464418387
1052,2,3,5.0280239589782925,1.1286891285748077,8259.136623460885
1052,2,4,8.196750963375058,1.3580647411211317,7275.799935536748
1052,2,5,12.435280614694307,1.9274753129127005,2721.4482083505113
1052,2,6,19.3842896389836,3.0602197778968665,823.5977316325354
1052,3,1,0.704581466731168,0.9859384023355846,1295.0600339662938
1052,3,2,2.560462974483289,1.0066736689170133,2230.7962417842505
1052,3,3,4.997080153404651,1.0761397176508423,4146.329918458873
1052,3,4,8.193812304516932,1.408543749507607,3078.7543078915915
1052,3,5,12.648350711701873,2.188834609093045,1452.3672516181618
1052,3,6,22.724388326008167,3.9458808810305355,1131.339917737847
1052,4,1,0.6921947742648108,0.8889668428625183,2961.077261022968
1052,4,2,2.55833407098681,0.9010414638631274,5460.779499508427
1052,4,3,4.964894218808522,0.9555219672145798,9424.659949995956
1052,4,4,8.03554699153251,1.2047943195688064,5668.802712042773
1052,4,5,12.261728114610817,1.7509856545560858,1384.5208577566489
1052,4,6,18.042494843317673,2.563599389088583,183.87130455448084
1054,1,1,0.6686434894105664,1.047866505891994,1539.403856366364
1054,1,2,2.5303850322942925,1.0658921079498402,2930.6652754672805
1054,1,3,5.030194999206047,1.1078048280145414,6001.382386843646
1054,1,4,8.130290391346266,1.2867297455348174,4958.194138916543
1054,1,5,12.261141163325274,1.7787569640770213,1263.1119623628658
1054,1,6,18.02925646824597,2.5438026505244227,217.10038675095194
1054,2,1,0.7242351351167219,0.2476953149023769,167.356213140963
1054,2,2,2.4323715181190577,0.6460148384108821,75.05723928323395
1054,2,3,5.025096551100672,0.8313341855931353,87.2693932434491
1054,2,4,7.888159283706477,1.2045786706833623,41.85402328716009
1054,2,5,12.591786357438467,1.977163111624786,12.70231709826236
1054,2,6,20.543627456522536,3.20056482039592,10.673003925999557
1054,3,1,0.68220712324114,1.3305336796876521,513.0155960802537
1054,3,2,2.569681669321671,1.3551104850907871,1002.8081143266195
1054,3,3,5.081061224174742,1.4250607046211894,2585.8436781804985
1054,3,4,8.390816986875892,1.654583989145099,3820.619250053991
1054,3,5,12.629612098457352,2.2328476186068196,2490.4348706578385
1054,3,6,22.20803155428529,3.8553829451895845,1948.5038762826234
1054,4,1,0.7059438779391843,1.0190692001019148,764.2243344124197
1054,4,2,2.586270475164784,1.0584502235668205,1456.4693709228663
1054,4,3,5.036061541141197,1.1635049219361389,2994.504541732408
1054,4,4,8.271827338378053,1.4989725616199474,3066.3325877423067
1054,4,5,12.639990527139586,2.162960341782863,1694.7508498810334
1054,4,6,22.53437094737726,3.9271650585115494,1276.7227330404253
1059,1,1,0.6555105180881788,0.9987166288748828,52.23400111831429
1059,1,2,2.520823397891657,0.973694284028116,96.02893980632666
1059,1,3,5.0182227149649,1.0580237992428139,192.54969278267336
1059,1,4,8.009726987990845,1.273110454406043,147.55017329326782
1059,1,5,12.18115979268611,1.8023531578927763,42.44401303943606
1059,1,6,19.350138889743363,3.1084677117820942,12.434692744266908
1059,2,1,0.6970946738427799,1.3814028284095112,363.02131781917063
1059,2,2,2.552647786875106,1.3808513907486275,698.9653818686631
1059,2,3,5.095835359929687,1.427110968318448,1951.7024532424412
1059,2,4,8.411084316735542,1.5635917085593223,2985.247003245572
1059,2,5,12.405876654528726,1.9520070772833469,1592.5014358560747
1059,2,6,20.00638310258974,3.2606601591576125,535.5106646002586
1059,3,1,0.6737615423779464,1.6516838333853814,104.10491883249705
1059,3,2,2.5594940215151056,1.6377587704550276,222.06118090221963
1059,3,3,5.122936891378615,1.6841734456919681,630.1158012736212
1059,3,4,8.540129843238304,1.8439073040535396,1250.309752633977
1059,3,5,12.689052184776365,2.2178217232107804,1103.7887804531874
1059,3,6,21.84355463488351,3.749669753629493,721.1740755720398
1059,4,1,0.7131266437884924,1.1951862158576005,282.6397622300186
1059,4,2,2.588064120790821,1.173056902113543,544.9444974227918
1059,4,3,5.066030365450429,1.2426761154945685,1347.6320527012676
1059,4,4,8.235263509719942,1.4052914993286305,1487.893070827187
1059,4,5,12.353529844121155,1.9172576684883433,592.2657706513032
1059,4,6,20.09075655670162,3.286313013773606,210.8805670834353
1060,1,1,0.7048428589663266,0.8964846411990955,1035.4556678673962
1060,1,2,2.5571023934987767,0.9092023328515535,1867.7535273180088
1060,1,3,4.95366749515082,0.9638415378655713,3149.3424420149445
1060,1,4,7.972361734849915,1.1707759907081194,1811.991913337668
1060,1,5,12.31172025313717,1.809213622836373,338.2519440676725
1060,1,6,17.886055732509554,2.5074586050082854,57.00792897448341
1060,2,1,0.7209150608365441,0.6207219060629583,210.808593710236
1060,2,2,2.549127661479864,0.7704454598363696,293.6026605317055
1060,2,3,4.89178239233812,0.9565761693498707,380.3446107943819
1060,2,4,8.397888950269795,1.651653602614514,254.13625315014582
1060,2,5,12.912177251608822,2.4685005555850603,205.12623740325284
1060,2,6,25.31964218084531,4.695934859939625,358.89787990080424
1060,3,1,0.6874949348987175,1.4884769745042772,676.8917714627621
1060,3,2,2.577449759179923,1.5034630997025547,1477.2834755266101
1060,3,3,5.115561061381896,1.5571686688350694,4081.1779209937527
1060,3,4,8.481777267358698,1.7586391134079784,6905.422687121501
1060,3,5,12.695232515444461,2.2873936899653406,5598.228086984344
1060,3,6,22.03379458466271,3.811510407352255,4769.866293166186
1060,4,1,0.6845590012438879,1.1378154680716481,1635.843966959605
1060,4,2,2.5581907878017067,1.1463437755546204,3368.3603366236744
1060,4,3,5.049604594756428,1.1948140363261432,7347.135026196918
1060,4,4,8.208555910994972,1.3986955610261227,7082.449146390683
1060,4,5,12.475259402875384,2.026860450487513,2761.39373154473
1060,4,6,19.84467888737626,3.1746540586243603,1182.2278979585262
1062,1,1,0.6846668439442157,0.9183639308543275,736.7809429600132
1062,1,2,2.5499946711657793,0.9334844671256468,1356.622923728436
1062,1,3,4.969293917120698,1.0124790551610918,2427.821668902108
1062,1,4,8.118249242061658,1.3453485403667047,1608.6861756780781
1062,1,5,12.523266263105377,2.120352338602154,581.9606660829623
1062,1,6,20.768819541224516,3.459822197142592,297.0234240508506
1062,2,1,0.7053280709226278,1.2550976566484802,1852.472690439057
1062,2,2,2.5836393301649343,1.2735345826546185,3996.841760523136
1062,2,3,5.08747171266807,1.3103686522555982,10888.679080277718
1062,2,4,8.316855591496159,1.474661342864075,14138.44110994177
1062,2,5,12.466297788981153,2.0177989303527393,6390.412066796425
1062,2,6,19.84155582234075,3.2310985505653447,2327.5303527576243
1062,3,1,0.7219916681095466,1.1711158754701874,1107.0159884512464
1062,3,2,2.5843919172638374,1.1983874604347686,2178.697772174581
1062,3,3,5.04193200806814,1.262709094848989,4732.370967060075
1062,3,4,8.23428036600411,1.483914664418594,4947.9642247157135
1062,3,5,12.658446753880947,2.3142893057721587,2289.7811460440726
1062,3,6,23.64177942112579,4.296833665760496,2388.2243904551133
1062,4,1,0.665898428516309,1.0049091987260033,2768.730378149681
1062,4,2,2.5522108300109245,1.0144260991389742,5439.8375435738435
1062,4,3,5.011800203280369,1.0437236098961993,11581.128283760092
1062,4,4,8.05187596429032,1.2044610918398693,8514.908489664429
1062,4,5,12.19128886470363,1.7328300217212582,1609.8461210765374
1062,4,6,17.90446506740506,2.5186117438781763,225.2218327364109
1064,1,1,0.651738577536909,0.7974894045525388,537.4802731428084
1064,1,2,2.4733309110285604,0.8069073358007499,920.0595319754855
1064,1,3,4.882088953234209,0.8932636546574924,1466.959150661013
1064,1,4,8.103333611776904,1.2728881946705344,695.5457234409653
1064,1,5,12.340229612503567,1.934126628964877,213.79225677447943
1064,1,6,23.33368664084411,4.07244957921951,98.77170950204864
1064,2,1,0.7135809038867483,0.8866499799022856,2600.683403476825
1064,2,2,2.5727932905706314,0.8975623091235146,4493.980205128379
1064,2,3,4.9568400001890405,0.9444183389513268,7655.607073880545
1064,2,4,7.948727364627109,1.1270980718253,4114.113928954364
1064,2,5,12.075100902535501,1.6143747446592918,630.3744415427726
1064,2,6,17.463116326410276,2.3216844007155424,56.654252182310245
1064,3,1,0.6669530161676892,1.0790107271525655,1274.067084647675
1064,3,2,2.5523560449500424,1.0934603987417084,2688.8910321440953
1064,3,3,5.038452451586359,1.1325875602259778,5979.453242091808
1064,3,4,8.189333056532673,1.3186964587729406,5495.5284921110415
1064,3,5,12.252276079124684,1.8088706140711848,1608.012236722628
1064,3,6,20.533634474000053,3.378132223649528,328.7352864910181
1064,4,1,0.6855645817298264,1.1488680312738515,1674.7692387326906
1064,4,2,2.5687665020071395,1.1626394122881782,3550.069230752039
1064,4,3,5.054594972167548,1.1987041652232973,8250.980533366632
1064,4,4,8.258333135485216,1.353925006322131,8715.811855493626
1064,4,5,12.308405844134318,1.8531440852036223,2808.821064960119
1064,4,6,20.302369313907807,3.250982331273457,664.8387518246228
1065,1,1,0.6808839961453722,1.0983417922636003,1090.8452557575345
1065,1,2,2.56208471122742,1.1192807060742764,2197.0630576886697
1065,1,3,5.028528711263637,1.1591518778404444,4981.032883001583
1065,1,4,8.19029165520638,1.3391312455887667,4715.151985081859
1065,1,5,12.3633702097428,1.8844735509740294,1505.7858579159035
1065,1,6,18.70049509253201,2.776168901456249,390.3147928320293
1065,2,1,0.6948569147591779,1.2885745502202421,810.7684657632623
1065,2,2,2.5602664095524883,1.2984258197112526,1770.409298441632
1065,2,3,5.0662930161031055,1.3537267343619357,4370.832890111696
1065,2,4,8.322730842884527,1.539696823237477,5645.2928130065975
1065,2,5,12.576402993407996,2.1325889217043406,3006.0728604194046
1065,2,6,20.949235657437217,3.485471366394025,1693.4802782328097
1065,3,1,0.7211239745257642,0.9918404032857951,768.4201705374339
1065,3,2,2.59914780270033,1.017511445453799,1367.6310202937918
1065,3,3,4.988566980806425,1.0929114186091233,2773.183425777182
1065,3,4,8.121771900844616,1.3593246565220884,2109.7306523895836
1065,3,5,12.644800325245617,2.2491013737489647,857.2514802917351
1065,3,6,23.81361294801938,4.226912951632454,888.6775038465103
1065,4,1,0.6696659540355766,0.6437768846131681,929.9661079417724
1065,4,2,2.5202517247017915,0.6862800233691579,1446.8966235759115
1065,4,3,4.817859012372529,0.8717701128560328,1625.9508011095497
1065,4,4,8.055549051063085,1.3005324603441655,736.8245495219691
1065,4,5,12.424993443869162,2.0000702506635846,200.8898013729605
1065,4,6,19.897649127611473,3.1688200549048995,91.52742508865339
1072,1,1,0.6499760921773586,0.7869461268038497,883.8094512396511
1072,1,2,2.516561751708658,0.7972070726687452,1649.491342826519
1072,1,3,4.896601432313071,0.8621785856996963,2392.621753039327
1072,1,4,7.9583033152847165,1.1227539394982802,966.1221131752741
1072,1,5,12.182453959463574,1.727382942880015,187.44237705714062
1072,1,6,18.376102398891202,2.776007526924152,26.563852508927223
1072,2,1,0.6853616420885031,1.2105385751771698,1164.195211395741
1072,2,2,2.546771508034315,1.2182774864830197,2363.609246999987
1072,2,3,5.06605620689302,1.268295938963568,5899.774926283524
1072,2,4,8.283939762774542,1.4712611727515674,7121.702857752364
1072,2,5,12.497192558651768,2.00512266011192,3066.7525105588966
1072,2,6,19.44709318600518,3.1021477188860684,1288.4478625567217
1072,3,1,0.7123183565067979,0.9145382359846672,130.7545996194322
1072,3,2,2.5096869668775907,1.1152618996795243,201.8292729346707
1072,3,3,4.984626620240684,1.305689753172028,382.89638887436195
1072,3,4,8.363100890758927,1.83793807751906,451.99929863095434
1072,3,5,12.830432686951623,2.6586893737531363,376.75341944978004
1072,3,6,26.438028196663296,5.044863860228081,965.9130188495144
1072,4,1,0.6877506297222945,0.9546506824724804,1629.240737745178
1072,4,2,2.5786561869871245,0.9636511763082813,3117.0701372388276
1072,4,3,4.989749036039879,1.0228203096455468,5895.706931802795
1072,4,4,8.066929291911945,1.222607602473317,3870.175730441413
1072,4,5,12.274122841226967,1.7909679878972564,825.0516929341857
1072,4,6,18.055859696564134,2.6195524371273433,145.07526608483775
Denna,1,1,0.6602711397272776,1.120175676578133,132.27239447428306
Denna,1,2,2.5269108005610623,1.1439504974999106,267.76061887038304
Denna,1,3,5.064152171074098,1.1595422573566319,708.831447753608
Denna,1,4,8.147234026986526,1.3654435252902235,617.1014086663247
Denna,1,5,12.51709423891278,1.9255865252469813,231.64921497993336
Denna,1,6,19.118058085088265,2.919087762906523,75.29215307958658
Denna,2,1,0.669490592843431,1.1537596772705059,79.53214909803636
Denna,2,2,2.5243115567772705,1.1886448570716255,146.08573586166315
Denna,2,3,5.036116218671321,1.225410801870959,343.45028440734006
Denna,2,4,8.159706195479737,1.4181765900206231,340.0372469640381
Denna,2,5,12.774284865696211,2.2456190655979023,157.6555447918628
Denna,2,6,23.49078720961818,4.101128798522662,190.8401212576558
Denna,3,1,0.6705047868460835,0.9418289347111087,167.9504498857762
Denna,3,2,2.5699480096906298,0.9232164604703977,275.2266863893266
Denna,3,3,4.955971895160892,1.0090866923470212,527.7980252579949
Denna,3,4,8.09259459947318,1.2483428087873902,320.8752103600617
Denna,3,5,12.438388105481312,1.871914126843675,95.48881071704739
Denna,3,6,21.688588721812284,3.413191004965678,47.22024976259605
Denna,4,1,0.6661944306367367,0.8844226878911431,49.24500654190445
Denna,4,2,2.5522678430338237,0.9341380402730197,85.92695887862729
Denna,4,3,4.9348347804516495,0.9714061343185347,147.92024258105693
Denna,4,4,8.001828430555975,1.2442956725056793,67.98613400957521
Denna,4,5,12.55155440224882,1.8428631380999139,13.206429511156312
Denna,4,6,17.939799987900102,2.6908055394703663,3.647475900161397
Dopey,1,1,0.592413094034693,0.8144677860945658,106.04098300246613
Dopey,1,2,2.5141974546095343,0.8712744107698986,227.28689968039714
Dopey,1,3,4.92241888964342,0.8921423651010931,367.12701595358124
Dopey,1,4,8.066377423842823,1.2276443259165355,178.54770496418374
Dopey,1,5,12.577458380233656,1.865707313761462,42.19317720347408
Dopey,1,6,20.320958035942958,3.4774971924638356,21.826766051603983
Dopey,2,1,0.646913490608445,1.27892862243471,148.65544594861453
Dopey,2,2,2.5172412321260147,1.2657179169954675,307.1456231491562
Dopey,2,3,5.0956338458912125,1.2948574509856388,737.9832841612363
Dopey,2,4,8.30362552047234,1.4853866679860297,807.5934238690146
Dopey,2,5,12.572304792575705,2.1069639992906333,334.72494114460693
Dopey,2,6,23.176006230214497,4.091315317415475,231.13751130986213
Dopey,3,1,0.7105798398032422,1.1064854986142763,415.60148787244134
Dopey,3,2,2.590389499265212,1.1163764112305654,780.9440118938694
Dopey,3,3,5.055060785153409,1.1479338031902366,1745.9015360331537
Dopey,3,4,8.17274356285055,1.3032986382583311,1668.9410689436975
Dopey,3,5,12.270447555733133,1.753639020561529,477.7701159324469
Dopey,3,6,18.090920636880735,2.587758862152519,67.1764574366225
Dopey,4,1,0.7270422835889868,0.9881103527231427,384.70208317647814
Dopey,4,2,2.570421733903303,1.0052197079021248,722.6234652765769
Dopey,4,3,5.033654922814015,1.0625948399399463,1478.9881638520287
Dopey,4,4,8.14453064079275,1.2771577372121505,1159.9178022231038
Dopey,4,5,12.422936725148404,1.8464361139186187,302.3117657194721
Dopey,4,6,19.509771940906685,2.9927993191851656,58.859265201911214
Draco,1,1,0.6624527163197381,0.8801341413622071,587.2044923910333
Draco,1,2,2.4930904595023806,0.8861911408530189,1026.8176489337484
Draco,1,3,4.949628545889183,0.9344195393802704,1872.5799755118107
Draco,1,4,7.984973939619407,1.2094104700872237,862.7836142424984
Draco,1,5,12.24093265728009,1.7703521113302545,176.44787002671083
Draco,1,6,18.154304791769924,2.646892476900648,25.409843029080935
Draco,2,1,0.6512944236102355,0.7988730107197624,578.6356010843576
Draco,2,2,2.4893344319624977,0.7906799388938937,1040.5612399788029
Draco,2,3,4.890523115480282,0.8388630991874412,1663.0431708195554
Draco,2,4,7.938217146769824,1.122131127877865,622.1734524296114
Draco,2,5,12.173617284211735,1.6913379863068527,121.18657279396534
Draco,2,6,17.623467191415692,2.3788346623522862,9.27940395541762
Draco,3,1,0.7848373987120835,0.88734801418087,349.23359007946544
Draco,3,2,2.648928377133502,0.9344141825168035,589.6151695219194
Draco,3,3,5.029775708406097,1.021445593842304,1113.8688441315485
Draco,3,4,8.1567952351684,1.3574585588890649,844.9460323489178
Draco,3,5,12.524933884196614,1.9181598304097127,385.84271860636727
Draco,3,6,19.50456937516577,3.0564697654359274,109.27006662350708
Draco,4,1,0.830981872439799,0.38385707286065957,93.92631644514289
Draco,4,2,2.6420633969827763,0.8083545607062476,59.00594156552788
Draco,4,3,4.942104136751656,0.9949241410319893,82.50800953708259
Draco,4,4,8.379105432442424,1.695795522971641,63.09690097897121
Draco,4,5,12.835672813847664,2.5382856795252002,58.522838572955855
Draco,4,6,24.90502395829286,4.706797028898365,117.04068639199414
Randy,1,1,0.7041219508297444,0.8293646290509501,111.47185633471041
Randy,1,2,2.5320207211673322,0.7957330463065106,202.32613494890077
Randy,1,3,4.876469513158035,0.8682394035311118,316.19600489583667
Randy,1,4,8.065880311047424,1.1806389771291261,136.04953724228025
Randy,1,5,12.255992834804841,1.7310484020541475,26.822024934477223
Randy,1,6,19.091812363130515,3.6984103882592647,2.5926678537175443
Randy,2,1,0.7019283127936176,0.9859575139067528,277.19768261015514
Randy,2,2,2.584497225711759,1.0015586197180069,529.7468836621556
Randy,2,3,5.012766006180709,1.0396802716983504,952.6798807649573
Randy,2,4,8.039199911680415,1.1995987505429757,664.3952737229428
Randy,2,5,12.201591299176965,1.7806274323496667,111.21384577287326
Randy,2,6,17.69676729504248,2.545611306051965,12.599339754135439
Randy,3,1,0.6233474646252019,0.8745327397118613,147.38064913304657
Randy,3,2,2.528062986453557,0.8931761562856162,319.39147201927403
Randy,3,3,4.990309957435037,0.9674112581243047,749.6973895895537
Randy,3,4,8.16542854409817,1.310253264443953,535.7524895861227
Randy,3,5,12.316408379230783,1.831472169860653,160.8917641340522
Randy,3,6,18.548112297045588,2.738781687644273,23.88992404760675
Randy,4,1,0.6957280031879639,1.0826822956709234,209.94981192208667
Randy,4,2,2.584896224760112,1.1125894643507483,427.53550936966747
Randy,4,3,5.065593694198805,1.1384439022865278,993.4267247496482
Randy,4,4,8.253334042902987,1.4105578806322916,948.8026994486511
Randy,4,5,12.517268050102746,2.0233881142447494,392.07236515859637
Randy,4,6,19.38468394892609,3.168236314576392,129.91806834454007
Remy,1,1,0.6594191308445142,0.5963752658894217,670.1718991069883
Remy,1,2,2.5019631596815772,0.6073166528940821,1006.8309584386268
Remy,1,3,4.753001208476567,0.6890860614393117,1020.3157559978875
Remy,1,4,7.871444835058107,1.0170071094663653,188.50750637275996
Remy,1,5,11.817674522255281,1.5988304925531547,15.856735797454098
Remy,1,6,31.58150738894773,5.594784251542788,6.424329589799077
Remy,2,1,0.6782530212215208,0.846457765331796,983.7567534360801
Remy,2,2,2.5438124311051253,0.8474285468221224,1712.9498798474451
Remy,2,3,4.922856401767902,0.9002703224202337,2823.983570084699
Remy,2,4,7.979689161637434,1.1214461489821628,1415.9510536097496
Remy,2,5,12.025789099922214,1.5807022559588444,211.2473902255052
Remy,2,6,17.343289280911854,2.4794253973873452,17.907677996988173
Remy,3,1,0.6866989621451557,0.7014976108950282,1203.1518102409377
Remy,3,2,2.549334199348574,0.7190725297902937,1950.8385050361612
Remy,3,3,4.862095428954587,0.7800617838598558,2521.6911193690125
Remy,3,4,7.895876528600619,1.059117371254219,807.2671565387964
Remy,3,5,11.825494503564826,1.5438794167067336,83.42577565835134
Remy,3,6,20.76269907016478,3.862429879102038,10.21136930056091
Remy,4,1,0.6855347163549002,1.0015177355682259,601.9195372159994
Remy,4,2,2.512501860138844,1.0420966649820642,1138.3806566777762
Remy,4,3,5.010819949913146,1.0909418660261547,2368.0095545484137
Remy,4,4,8.195497301779612,1.3146891516830366,2000.2742834786993
Remy,4,5,12.253245539602204,1.7664787662759447,580.4700983186901
Remy,4,6,20.564269290175947,3.2088400136776483,142.45662311265195
Rhea,1,1,0.7085591954285283,0.9438185475593153,302.5754541701493
Rhea,1,2,2.6044957718568504,0.9926548260861577,522.6758559479465
Rhea,1,3,4.972017212726836,1.0769173492838295,930.6991368845174
Rhea,1,4,8.160222378965681,1.4490015905071476,652.6881015584772
Rhea,1,5,12.738696893863645,2.387183348034462,325.18937380140477
Rhea,1,6,23.633278887483645,4.360636791070803,347.3209395521832
Rhea,2,1,0.7587939285330201,0.21381846682245792,92.2266862195982
Rhea,2,2,2.382454431774217,0.530835735540942,35.085138477166275
Rhea,2,3,4.64500494531001,0.7569812555750094,17.817839688170494
Rhea,2,4,7.459630880780956,1.0902536081458578,3.9581272952596174
Rhea,2,5,14.14612105031048,1.6985853930184733,1.3290301055380227
Rhea,2,6,17.063360502594644,2.1221082313029687,0.07275175866100261
Rhea,3,1,0.6882469576848389,0.8001336683676148,521.8463248717602
Rhea,3,2,2.5481210797435265,0.8211256866561453,930.8859231038618
Rhea,3,3,4.920811645651571,0.8776764706988416,1412.6618628305969
Rhea,3,4,7.933586973414324,1.1382090974511405,624.314527885336
Rhea,3,5,12.29460110488654,1.796766837949116,96.73554171889651
Rhea,3,6,18.46759401892866,2.6332360171442146,20.587010792038377
Rhea,4,1,0.6581036462309523,1.0652015127715109,751.3515347385007
Rhea,4,2,2.5499643227149353,1.0840722121408526,1575.3530824710415
Rhea,4,3,5.018011891331785,1.1190763832733448,3732.8211605967476
Rhea,4,4,8.181234675672926,1.297642278835127,3239.0392432609506
Rhea,4,5,12.215747555266526,1.7908777640678541,919.7460543741673
Rhea,4,6,18.371018610368118,2.7757373165223433,156.01929789711974
Robert,1,1,0.6052870910121413,0.5778571180539215,386.2145577939413
Robert,1,2,2.4375014833447803,0.5932273232930083,597.5638252207098
Robert,1,3,4.653481201910134,0.6738077573177842,551.6413118192066
Robert,1,4,7.787245864514087,1.0801653885741302,96.08767276404248
Robert,1,5,12.293567512009327,1.7443451596730046,13.876969706895142
Robert,1,6,21.342454030836798,2.7773341498910153,1.0851351558677795
Robert,2,1,0.7129395877856325,0.7678648723676327,1076.8791517227921
Robert,2,2,2.551979735302657,0.7947360518852157,1780.1624947389655
Robert,2,3,4.929640921372144,0.8731535411906332,2767.288777518227
Robert,2,4,8.044183741818607,1.1850707899273805,1165.676779675996
Robert,2,5,12.179607572283714,1.7532783215994592,241.33649115595122
Robert,2,6,19.85138930560569,2.95234032722117,49.48224380230075
Robert,3,1,0.7110749474568495,1.006317265830782,791.5473512457934
Robert,3,2,2.5683813559076945,1.0331134186324973,1537.6200110102077
Robert,3,3,5.007867662088909,1.1070884922329216,3206.658962538001
Robert,3,4,8.17824657765077,1.384310029275049,2731.929210386277
Robert,3,5,12.427330720190735,1.9642946933297483,1059.4333506298717
Robert,3,6,20.963297898603596,3.553769125010375,454.9866735051124
Robert,4,1,0.9253684081128873,0.15402879254712656,130.35893923747258
Robert,4,2,2.7835158116508794,0.37505313344702,7.653669030115995
Robert,4,3,4.786157040537183,0.7459697407964654,6.41094812456415
Robert,4,4,7.986263681941082,1.3340463311648032,1.3063371736844789
Robert,4,5,11.580661695496573,2.064700046556466,0.353188507282051
Robert,4,6,32.37198926635357,6.892194846142641,11.445947536719178
Ron,1,1,0.6955230376452141,0.6398610831171906,418.4911894329922
Ron,1,2,2.599524828923218,0.644120272853136,668.7352252828794
Ron,1,3,4.820422877005334,0.7185271925466589,698.3551824558775
Ron,1,4,7.865889474734226,1.0369198496425769,144.8125765041059
Ron,1,5,12.057232831002409,1.6066661279396957,9.771677560662173
Ron,1,6,18.86068878453515,2.612725300031405,1.161262365645875
Ron,2,1,0.7144292068119832,0.9962408846507038,386.8119418507739
Ron,2,2,2.567241736534628,1.0019746514449885,767.4803444238012
Ron,2,3,5.025136799685477,1.0499059998302305,1537.009466717689
Ron,2,4,8.136940549151031,1.3148704570223466,1119.1851038230106
Ron,2,5,12.414009683744366,1.9533809013058872,300.57444879311237
Ron,2,6,18.722066953129247,2.901091215606592,97.17220629567596
Ron,3,1,0.6553782954179236,0.8060438456837984,617.7549360288217
Ron,3,2,2.5288690707111505,0.8216098386365744,1037.345856862794
Ron,3,3,4.9105317024062884,0.8670970767771234,1767.4727531872218
Ron,3,4,7.880779502174567,1.095711919152604,761.0253198531151
Ron,3,5,11.943396060251102,1.618989594264364,87.6933632669078
Ron,3,6,18.749686580788868,2.6112113103226946,8.39084165402883
Ron,4,1,0.7773499881115474,0.481694851627944,36.941932687412404
Ron,4,2,2.5335513263307936,0.8273419841416734,41.43857343052571
Ron,4,3,4.9768013983631825,1.0001949688142433,47.162597639212976
Ron,4,4,8.232183109555695,1.876737869350144,33.976999819769176
Ron,4,5,12.909077077399266,2.681961635892876,21.960510379317636
Ron,4,6,26.00497478256234,4.935136463329437,68.27568968464944
Rudy,1,1,0.6500278603802575,1.1115477367276156,348.0944511062529
Rudy,1,2,2.5512525122766627,1.1099698594101601,595.2389876093757
Rudy,1,3,5.067288687076343,1.1741199201476848,1451.2025351782947
Rudy,1,4,8.174584826030774,1.411482332067482,1370.3640900439502
Rudy,1,5,12.490254442399054,1.9778340803830392,560.7203556738834
Rudy,1,6,20.708399566818457,3.3873010999082687,202.02964037432025
Rudy,2,1,0.7117643697972716,0.6609272080566045,569.9363061423164
Rudy,2,2,2.556498398427087,0.6861078256007745,962.6988922659053
Rudy,2,3,4.852254764411541,0.7556147202989729,1144.795729248647
Rudy,2,4,7.826652567487304,1.0545330267750008,283.30712133682505
Rudy,2,5,12.239454724380348,1.7719820767835504,47.136475036866955
Rudy,2,6,17.80656121859686,3.3754781828586005,10.435859055130454
Rudy,3,1,0.6977413609226463,1.0665721978023974,610.67504653745
Rudy,3,2,2.5336539474058446,1.0749341668394143,1059.6012887709817
Rudy,3,3,5.0372492552656585,1.1430051124898368,2285.910868049671
Rudy,3,4,8.199761698903309,1.3467733194869675,2230.491767447178
Rudy,3,5,12.300495220928738,1.8086436465306286,763.9658273768703
Rudy,3,6,19.750292128717156,3.1179437757160224,182.01436168054144
Rudy,4,1,0.6642783376540302,0.8573023385897319,790.2941962139791
Rudy,4,2,2.528402988111398,0.8570934190696372,1441.4608313537346
Rudy,4,3,4.949997843743661,0.9210235303350705,2473.0908675233827
Rudy,4,4,7.943356816226196,1.1645448472781341,1265.8370211720437
Rudy,4,5,12.166172841565047,1.6598868465053334,230.17734191237847
Rudy,4,6,19.44322084381583,2.9242232586670047,35.52013889000781
