rat_name,n_trials,n_used,loglik,bic,converged,n_converged,n_starts,q,qτ,quad_err,n_zero,boundary,seconds
Daenerys,15234,15234,-16448.366905407038,32973.78409122154,false,5,5,12,256,0.002095702943997591,0,B,120976.08457493782
Dobby,24822,24822,-12165.103806849314,24411.163498784146,true,5,5,10,64,1.6135423366016192e-5,0,,25283.466094970703
Dory,17162,17162,-9940.51915722687,19959.041937784677,true,5,5,10,64,2.729475525471797e-5,0,,15323.89789891243
Rhubarb,9273,9273,-8888.612499565917,17850.303896978236,false,5,5,12,256,0.001658920904767384,0,,57214.51251792908
1034,19250,19250,-11767.223984899858,23613.370100517444,true,4,4,8,16,0.00030610935487266624,0,,2196.6100800037384
Dash,25013,25013,-14494.680433319068,29070.378074387714,true,5,5,10,64,0.0004434330556516659,0,,29476.511475086212
1066,23313,23313,-11996.975343546706,24074.404818484432,true,4,4,8,16,0.00013901474160378144,0,,1959.9914689064026
1067,23599,23599,-27146.76978591355,54374.09124876498,true,4,4,8,16,0.00041628911602484975,0,,1776.6252961158752
1068,14989,14989,-9461.187558608959,18999.295692239764,true,5,5,10,64,0.0005512142733475751,0,,16034.296733140945
1069,19733,19733,-26335.007035765033,52749.13445265142,false,5,5,12,256,0.0023548207202803827,0,,120676.22911596298
1073,24489,24489,-18358.732990523713,36798.31381557638,true,4,4,8,16,5.2755776951651445e-5,0,,2726.5233528614044
1074,14717,14717,-14840.582170455722,29757.938409448758,true,5,5,10,64,0.00046554884260543875,0,,9770.949906110764
