cohort,rat,n_test,window,window_within,hmm,mlddm,running,hmm_within,mlddm_within,running_within
daily,1034,19250,50,50,0.05281672935131535,0.020138218913667138,0.06323311281981518,0.042075506421276075,0.020575350423444903,0.028273132099630026
daily,1066,23313,50,5,0.09490117278521314,0.04025389764519674,0.0715459511624187,0.04464644360836645,0.043898861661917164,0.013311407252164493
daily,1067,19592,50,5,0.10306850738518837,0.03899804686948095,0.08949161946977106,0.07194968486110859,0.04085677403976088,0.03768160766482044
daily,1068,14989,50,50,0.0518328765106246,0.004550151176430066,0.08407014512424725,0.014828040196250253,0.005154906033943278,0.01222357225594093
daily,1069,19733,20,10,0.07709288034653203,0.044264883211508815,0.06844109114906366,0.05405917086422247,0.04764249437847212,0.02826536684717682
daily,1073,24489,50,50,0.06661317338504344,0.0047057547982797075,0.08494615409049124,0.015999428932580318,0.005205328889978566,0.01181235364334074
daily,1074,14717,50,20,0.06332836321938498,0.024068657801813085,0.07017670891121422,0.036708905622599666,0.024341150525514114,0.005796900406347826
daily,Daenerys,15234,5,5,0.03927844785663021,0.003068415674507152,0.03396919020569654,0.037935055804549846,0.0031732339603989974,0.026205657299544657
daily,Dash,25013,50,20,0.03083419517609839,0.003674763648419409,0.05241568723308766,0.012698294520019377,0.0035260529698614472,0.012135220180346034
daily,Dobby,24822,50,50,0.02342906574698828,0.0047455117586018775,0.040557518234695375,0.009254263237516403,0.004813833111222718,0.011021507381093061
daily,Dory,17162,10,10,0.03428840147505028,0.009908974203208219,0.03945710286663058,0.016074021975320936,0.009684791987416237,0.01214101632552116
daily,Regina,49957,20,10,0.04866966404523304,,0.06803708727436535,0.025210203106351532,,0.02198671038450201
daily,Rhubarb,9273,3,3,0.007455952183729606,NaN,0.00760945613922275,0.007167610571398085,NaN,0.005922014520056676
24hr,1029,27385,10,10,0.09950686500112932,0.0282063735506313,0.10742599418186104,0.07355549527220043,0.02986884206875484,0.058235504666521776
24hr,1052,68394,20,10,0.047237767715315425,6.847902707888204e-5,0.04742440011387445,0.038804255943076155,5.168825166041464e-5,0.02100176750419451
24hr,1054,40919,50,10,0.02446394447820021,0.004667856531445491,0.06901175247871534,0.012437143270754453,0.0053080099999696225,0.010618729680817077
24hr,1059,17168,20,10,0.05100705797305425,0.013776901424817122,0.05494575648466729,0.02907944520142047,0.014546523076111125,0.012214849226070478
24hr,1060,56849,10,10,0.11539095491686979,0.009179211829351724,0.09015114792571491,0.08909866887039415,0.008815706074328139,0.06325496564224538
24hr,1062,94387,10,10,0.047189827462335535,1.1694190943623428e-5,0.03966411413229565,0.04131915408629441,1.9009772675652804e-5,0.02922876848476059
24hr,1064,66524,10,10,0.060660483452894404,0.00012353157539753484,0.04391783476210326,0.054517401124151925,0.00013436693681302025,0.03572677589652883
24hr,1065,45974,10,5,0.04947253348304295,1.6873601475798305e-5,0.05675517918763006,0.04040776674049917,1.3711035336871065e-5,0.03293556426234587
24hr,1072,45003,5,5,0.08572649942819044,0.006957092511184589,0.0621970406004309,0.06632708232741162,0.006993108130362308,0.0463616550825898
24hr,Denna,5093,20,20,0.018316383147649412,0.001059372037474502,0.024616978359944034,0.0045322456440147285,0.0012365064664303614,0.006199832724785248
24hr,Dopey,12774,10,10,0.033609478699616675,0.012995804609644498,0.04399518011502194,0.02425875006943495,0.013427955129931396,0.030252789026128362
24hr,Draco,12453,50,20,0.03626407745802598,0.027827684854945592,0.025090907891398218,0.03331873949947158,0.028202313505958875,0.020408594633715978
24hr,Randy,7694,50,50,0.14375314517071053,0.10861719481297405,0.04403322171176772,0.13265169116596998,0.11034770927036155,0.021960169711069958
24hr,Remy,23482,20,20,0.17364173344858577,0.031266891620864275,0.15865358789424222,0.15086247282453175,0.032022736774736105,0.13319026935714012
24hr,Rhea,17213,10,10,0.03993042065820494,0.006300691160423071,0.056410682300974624,0.04048323605548253,0.006223348546899697,0.04776423464767628
24hr,Robert,14466,20,20,0.11176527512110113,0.0068797736063919875,0.105436300494178,0.09171426371913215,0.00705974851675688,0.07852369225763763
24hr,Ron,10679,20,20,0.10105056511211429,0.02295066194657708,0.10250346304556582,0.05182302599540273,0.02550190700806362,0.02949259139667895
24hr,Rudy,20915,20,10,0.11954789447904149,0.0020517738316012243,0.13495078191796367,0.10181998702945096,0.002187220785603475,0.09746525601058428
