cohort,rat,hmm,mlddm
daily,1034,0.30441864144624775,-0.15671973913984827
daily,1066,0.7262864694331523,-0.1961223805154355
daily,1067,0.9484614426357746,-0.07653499744365
daily,1068,0.25191030902505096,-0.19276950550324545
daily,1069,0.943787936064983,-0.1443361275652415
daily,1073,-0.26643446728239395,-0.15586449976911387
daily,1074,0.5925779414100047,-0.3112526239123219
daily,Daenerys,0.5969236807818898,-0.09336662460698464
daily,Dash,0.5254275497550348,-0.10750518957496058
daily,Dobby,0.7702038937381108,-0.17466129116759999
daily,Dory,0.47210381545316926,-0.2343858097017708
daily,Regina,0.47337190520014505,
daily,Rhubarb,0.34636413685324885,-0.18647225992035565
24hr,1029,0.9587392999243793,-0.0893997977025689
24hr,1052,0.8782443961545938,-0.06956531861149662
24hr,1054,0.16661029286329643,-0.14947822367397223
24hr,1059,0.5869380699625455,-0.23443554631733465
24hr,1060,0.9741150358010278,-0.04443232400299557
24hr,1062,0.8338596226178571,-0.029479909401403548
24hr,1064,0.8518336705131577,-0.036017435945152165
24hr,1065,0.6133156951727838,-0.046233101845994495
24hr,1072,0.9478135858495955,-0.050181179602209136
24hr,Denna,0.48944907102964585,-0.09974621340419643
24hr,Dopey,0.8230863224837046,-0.017817718449041564
24hr,Draco,0.39711344800825044,-0.020710821953389358
24hr,Randy,0.9189154799616512,-0.041002870954110815
24hr,Remy,0.932582680090144,-0.005031624585784211
24hr,Rhea,0.5338381719551917,-0.02817078611482371
24hr,Robert,0.9557064097149512,-0.021687562562613394
24hr,Ron,0.83397914340573,-0.05708664415750797
24hr,Rudy,0.9048984089273245,-0.0029010676039173955
