cohort,rat,source,lag,acf
daily,1034,real,1,0.08373901283324511
daily,1034,real,2,0.0575823692583168
daily,1034,real,3,0.052547809174410105
daily,1034,real,4,0.04560123284964229
daily,1034,real,5,0.060006263962344916
daily,1034,real,6,0.04673561522672648
daily,1034,real,7,0.03639899834338786
daily,1034,real,8,0.0421525444635579
daily,1034,real,9,0.03926779111131827
daily,1034,real,10,0.03589727491547023
daily,1034,real,11,0.014400529913606465
daily,1034,real,12,0.0317601866385347
daily,1034,real,13,0.03901807840985339
daily,1034,real,14,0.028475821535767082
daily,1034,real,15,0.03589558064371806
daily,1034,real,16,0.028588765262725576
daily,1034,real,17,0.03639403320305757
daily,1034,real,18,0.02722887093599379
daily,1034,real,19,0.03230348812650149
daily,1034,real,20,0.0419413117922277
daily,1034,hmm,1,0.03860344179971148
daily,1034,hmm,2,0.01969347633299979
daily,1034,hmm,3,0.016563394993727065
daily,1034,hmm,4,0.01282275053237016
daily,1034,hmm,5,0.008514480417169179
daily,1034,hmm,6,0.009492757856388187
daily,1034,hmm,7,0.004208748923890579
daily,1034,hmm,8,0.003978864096949133
daily,1034,hmm,9,0.005270209535793139
daily,1034,hmm,10,-0.00028393947454268133
daily,1034,hmm,11,0.0014644835686629587
daily,1034,hmm,12,0.00045656808952407226
daily,1034,hmm,13,0.001108291586660981
daily,1034,hmm,14,-0.00011770478084713729
daily,1034,hmm,15,-0.0016762491028006698
daily,1034,hmm,16,-0.0008019340410960043
daily,1034,hmm,17,-0.0012512686990697982
daily,1034,hmm,18,-0.002576614071860933
daily,1034,hmm,19,-0.003591076909941663
daily,1034,hmm,20,-0.0017756142202843667
daily,1034,mlddm,1,-0.005458610711947424
daily,1034,mlddm,2,-0.0034598913062199575
daily,1034,mlddm,3,-0.003236283817369523
daily,1034,mlddm,4,-0.0028101082856586967
daily,1034,mlddm,5,-0.0038051544121770566
daily,1034,mlddm,6,-0.0051844765831629116
daily,1034,mlddm,7,-0.000508079391969488
daily,1034,mlddm,8,-0.003727470272986513
daily,1034,mlddm,9,-0.005052927152846186
daily,1034,mlddm,10,-0.002293702207328701
daily,1034,mlddm,11,-0.003939437908211238
daily,1034,mlddm,12,-0.0010213796050150326
daily,1034,mlddm,13,-0.005331898566084914
daily,1034,mlddm,14,-0.0035791938933168164
daily,1034,mlddm,15,-0.000985553605075442
daily,1034,mlddm,16,-0.004866804836510791
daily,1034,mlddm,17,-0.004125271438061229
daily,1034,mlddm,18,-0.00288678386570407
daily,1034,mlddm,19,-0.0018547710658150453
daily,1034,mlddm,20,-0.0013778461739023546
daily,1066,real,1,0.07541357481100383
daily,1066,real,2,0.060144796592779166
daily,1066,real,3,0.0334043842129703
daily,1066,real,4,0.029474735968400768
daily,1066,real,5,0.03191409793264731
daily,1066,real,6,0.020443164574448475
daily,1066,real,7,0.011633761224821864
daily,1066,real,8,0.015683810761300623
daily,1066,real,9,0.01825147032431467
daily,1066,real,10,0.023904975911199194
daily,1066,real,11,0.01123365355658072
daily,1066,real,12,0.003456714994175801
daily,1066,real,13,0.013997114412271954
daily,1066,real,14,0.0008180398551552833
daily,1066,real,15,0.010282950404355798
daily,1066,real,16,0.011436525735256185
daily,1066,real,17,0.00019089852238238713
daily,1066,real,18,0.020140773597493864
daily,1066,real,19,0.010940059954591918
daily,1066,real,20,-0.0019129044769106564
daily,1066,hmm,1,0.08589042690293613
daily,1066,hmm,2,0.056965552901603975
daily,1066,hmm,3,0.04708312947612587
daily,1066,hmm,4,0.04501913108961281
daily,1066,hmm,5,0.04004267426632983
daily,1066,hmm,6,0.040160126822503
daily,1066,hmm,7,0.03744408694864723
daily,1066,hmm,8,0.03163898286752746
daily,1066,hmm,9,0.029830437993901608
daily,1066,hmm,10,0.02962919971376101
daily,1066,hmm,11,0.028457215502573192
daily,1066,hmm,12,0.027719730402003935
daily,1066,hmm,13,0.022216058627722517
daily,1066,hmm,14,0.021784617248770295
daily,1066,hmm,15,0.02138312802326244
daily,1066,hmm,16,0.017066576479577145
daily,1066,hmm,17,0.016603189217127952
daily,1066,hmm,18,0.01601353607031027
daily,1066,hmm,19,0.014241682450502637
daily,1066,hmm,20,0.012250106637562186
daily,1066,mlddm,1,-0.005028202506483856
daily,1066,mlddm,2,-0.0019860714470913373
daily,1066,mlddm,3,-0.004838284579305703
daily,1066,mlddm,4,-0.0017762913130616564
daily,1066,mlddm,5,-0.0032678462967884654
daily,1066,mlddm,6,-0.0026711194178312687
daily,1066,mlddm,7,-0.004194032433960599
daily,1066,mlddm,8,-0.0036358961969042273
daily,1066,mlddm,9,-0.0012591800671256609
daily,1066,mlddm,10,-0.004489941466125164
daily,1066,mlddm,11,-0.0042661171599772865
daily,1066,mlddm,12,-0.004797998841553911
daily,1066,mlddm,13,-0.0031260117730645214
daily,1066,mlddm,14,-0.003632722438444207
daily,1066,mlddm,15,-0.002800889042132805
daily,1066,mlddm,16,-0.003175732767181304
daily,1066,mlddm,17,-0.0015547126503654874
daily,1066,mlddm,18,-0.0024848369051896496
daily,1066,mlddm,19,-0.003247657679140617
daily,1066,mlddm,20,-0.001411649646148772
daily,1067,real,1,0.1288731855744507
daily,1067,real,2,0.08762469490322448
daily,1067,real,3,0.08763536379548634
daily,1067,real,4,0.07915114649754688
daily,1067,real,5,0.08002298208501821
daily,1067,real,6,0.06801165675140798
daily,1067,real,7,0.058068578954278846
daily,1067,real,8,0.0461728176427754
daily,1067,real,9,0.046670930298658604
daily,1067,real,10,0.05223771156289652
daily,1067,real,11,0.055744950777433314
daily,1067,real,12,0.046288779779998554
daily,1067,real,13,0.038330739561123914
daily,1067,real,14,0.0382809103746604
daily,1067,real,15,0.035149157201448664
daily,1067,real,16,0.03662719470797063
daily,1067,real,17,0.039901822992494645
daily,1067,real,18,0.04052354670307535
daily,1067,real,19,0.03392846320933516
daily,1067,real,20,0.029760590193325703
daily,1067,hmm,1,0.08789145898767978
daily,1067,hmm,2,0.08264780865601888
daily,1067,hmm,3,0.07579230708526742
daily,1067,hmm,4,0.06775092165255824
daily,1067,hmm,5,0.0664772272502133
daily,1067,hmm,6,0.05588140746547793
daily,1067,hmm,7,0.05660365918096285
daily,1067,hmm,8,0.04927352100861614
daily,1067,hmm,9,0.04654638611652772
daily,1067,hmm,10,0.04259898591341479
daily,1067,hmm,11,0.03930982510037432
daily,1067,hmm,12,0.03776988495539256
daily,1067,hmm,13,0.033865182519656825
daily,1067,hmm,14,0.03288309872377141
daily,1067,hmm,15,0.030022318190020707
daily,1067,hmm,16,0.025228433271041732
daily,1067,hmm,17,0.02663328649229832
daily,1067,hmm,18,0.021308214039065458
daily,1067,hmm,19,0.01726032823070712
daily,1067,hmm,20,0.01876977153111761
daily,1067,mlddm,1,-0.0013875572764908168
daily,1067,mlddm,2,-0.0004973354249682004
daily,1067,mlddm,3,-0.003318791428363567
daily,1067,mlddm,4,-0.0017908939729656737
daily,1067,mlddm,5,-0.002534364513808955
daily,1067,mlddm,6,-0.001890164934156589
daily,1067,mlddm,7,-0.002198829035506151
daily,1067,mlddm,8,-0.0029167681079870374
daily,1067,mlddm,9,-0.002899307997379406
daily,1067,mlddm,10,-0.0032307131838834233
daily,1067,mlddm,11,-0.004818233426122612
daily,1067,mlddm,12,-0.0016743864238350573
daily,1067,mlddm,13,-0.0026996368905003783
daily,1067,mlddm,14,-0.0038448704193513724
daily,1067,mlddm,15,-0.004407182615979794
daily,1067,mlddm,16,-0.0015667884505907992
daily,1067,mlddm,17,-0.0022177045739565373
daily,1067,mlddm,18,-0.0036877819985291467
daily,1067,mlddm,19,-0.0038048021828442726
daily,1067,mlddm,20,-0.0028038595892629385
daily,1068,real,1,0.04653349994314611
daily,1068,real,2,0.027488222385102252
daily,1068,real,3,0.04653025208010916
daily,1068,real,4,0.05025439853890215
daily,1068,real,5,0.04489972766841214
daily,1068,real,6,0.0421191914502859
daily,1068,real,7,0.03323026139933437
daily,1068,real,8,0.0371994736320764
daily,1068,real,9,0.033665551245199835
daily,1068,real,10,0.032616984989398405
daily,1068,real,11,0.013661862591190522
daily,1068,real,12,0.020099313261096544
daily,1068,real,13,0.034485521205899386
daily,1068,real,14,0.02018777546416487
daily,1068,real,15,0.016687897310170487
daily,1068,real,16,0.009803321257811406
daily,1068,real,17,0.010345820453181933
daily,1068,real,18,0.016863893800640867
daily,1068,real,19,0.016360511603368186
daily,1068,real,20,-0.0019826101997347215
daily,1068,hmm,1,0.036116060381207925
daily,1068,hmm,2,0.019902302822822408
daily,1068,hmm,3,0.013716368882753585
daily,1068,hmm,4,0.010638357841901137
daily,1068,hmm,5,0.003200402550466215
daily,1068,hmm,6,0.00746837265169899
daily,1068,hmm,7,0.0015893474817297256
daily,1068,hmm,8,0.0019851451232531835
daily,1068,hmm,9,-0.0016944510681131321
daily,1068,hmm,10,-0.000990808862654333
daily,1068,hmm,11,-0.0023401240631238302
daily,1068,hmm,12,-0.0009121053619519075
daily,1068,hmm,13,-0.002058236606925192
daily,1068,hmm,14,-0.005791320129121659
daily,1068,hmm,15,-0.002257107030358456
daily,1068,hmm,16,-0.003446239228536102
daily,1068,hmm,17,-0.0034620405487633134
daily,1068,hmm,18,-0.001758872511356472
daily,1068,hmm,19,-0.0004118377977609101
daily,1068,hmm,20,-0.005602131624704556
daily,1068,mlddm,1,-0.004458482545683284
daily,1068,mlddm,2,-0.0020241555923616776
daily,1068,mlddm,3,-0.0026464836030930124
daily,1068,mlddm,4,-0.003797067417989962
daily,1068,mlddm,5,-0.0025085231968367634
daily,1068,mlddm,6,-0.0040544726121989425
daily,1068,mlddm,7,-0.0037564746462328304
daily,1068,mlddm,8,-0.0011903080740998026
daily,1068,mlddm,9,-0.005534363603827466
daily,1068,mlddm,10,-0.0017322781138373392
daily,1068,mlddm,11,-0.0009723289810774707
daily,1068,mlddm,12,-0.002189306725489888
daily,1068,mlddm,13,-0.0021470002525036612
daily,1068,mlddm,14,-0.0012980907109478308
daily,1068,mlddm,15,-0.00360370382002755
daily,1068,mlddm,16,-0.004396825823567223
daily,1068,mlddm,17,-0.002871040968301919
daily,1068,mlddm,18,-0.003994328136282422
daily,1068,mlddm,19,-0.006702784886561475
daily,1068,mlddm,20,-0.005996461176900464
daily,1069,real,1,0.08074270140232138
daily,1069,real,2,0.08041056762680805
daily,1069,real,3,0.05577655999665843
daily,1069,real,4,0.06234223506426275
daily,1069,real,5,0.042655195039697405
daily,1069,real,6,0.05493100495598296
daily,1069,real,7,0.040910966382514784
daily,1069,real,8,0.05060689215400917
daily,1069,real,9,0.02750073333582226
daily,1069,real,10,0.04211153858462123
daily,1069,real,11,0.043017087886825525
daily,1069,real,12,0.02706244115717412
daily,1069,real,13,0.03419798164637576
daily,1069,real,14,0.02261431378098645
daily,1069,real,15,0.024933921348845724
daily,1069,real,16,0.026773627091761173
daily,1069,real,17,0.009546387735273915
daily,1069,real,18,0.015462833232031388
daily,1069,real,19,0.034046135490269504
daily,1069,real,20,0.02559382425820475
daily,1069,hmm,1,0.09373124667693124
daily,1069,hmm,2,0.08284821462854895
daily,1069,hmm,3,0.07210139795157318
daily,1069,hmm,4,0.06694492199034416
daily,1069,hmm,5,0.0595709538371316
daily,1069,hmm,6,0.04972121527467656
daily,1069,hmm,7,0.047160859252072126
daily,1069,hmm,8,0.04462665306306017
daily,1069,hmm,9,0.03744953783668178
daily,1069,hmm,10,0.034290258590164914
daily,1069,hmm,11,0.031846710584041246
daily,1069,hmm,12,0.025730667854159412
daily,1069,hmm,13,0.024509766357398023
daily,1069,hmm,14,0.02056584856921021
daily,1069,hmm,15,0.019716008489175173
daily,1069,hmm,16,0.020136763628091442
daily,1069,hmm,17,0.014506663937606315
daily,1069,hmm,18,0.009461880601234405
daily,1069,hmm,19,0.010317732921209338
daily,1069,hmm,20,0.008838478129130762
daily,1069,mlddm,1,-0.005782760385070088
daily,1069,mlddm,2,-0.0014244998403763576
daily,1069,mlddm,3,-0.0018443631587693678
daily,1069,mlddm,4,-0.0024378560995999892
daily,1069,mlddm,5,-0.001721547010524955
daily,1069,mlddm,6,-0.0036252127891642483
daily,1069,mlddm,7,-0.0016157844906830587
daily,1069,mlddm,8,-0.0032331121811597424
daily,1069,mlddm,9,-0.004378273664761695
daily,1069,mlddm,10,-0.00384578223625896
daily,1069,mlddm,11,-0.005922802071662933
daily,1069,mlddm,12,-0.004299847819146565
daily,1069,mlddm,13,-0.0010840903184664626
daily,1069,mlddm,14,-0.0027254279017673217
daily,1069,mlddm,15,-0.003755758601659756
daily,1069,mlddm,16,-0.002826691758966933
daily,1069,mlddm,17,-0.005308480283533983
daily,1069,mlddm,18,-0.005086470851221678
daily,1069,mlddm,19,-0.0048883277913864655
daily,1069,mlddm,20,-0.005227401785154576
daily,1073,real,1,0.06941149541257663
daily,1073,real,2,0.037859267564753746
daily,1073,real,3,0.056801318721175845
daily,1073,real,4,0.04062323078678933
daily,1073,real,5,0.04827723575758045
daily,1073,real,6,0.03911084742220769
daily,1073,real,7,0.03256045823556922
daily,1073,real,8,0.030528002485537303
daily,1073,real,9,0.034596569960890694
daily,1073,real,10,0.02255247477593115
daily,1073,real,11,0.024206023243202382
daily,1073,real,12,0.026264251879280442
daily,1073,real,13,0.02901214805798464
daily,1073,real,14,0.023855900880646052
daily,1073,real,15,0.025970679102440303
daily,1073,real,16,0.020066719524710116
daily,1073,real,17,0.021995088831759605
daily,1073,real,18,0.023627725286276907
daily,1073,real,19,0.009724840946134303
daily,1073,real,20,0.024783706214373414
daily,1073,hmm,1,0.10943959271388001
daily,1073,hmm,2,0.1057323314140157
daily,1073,hmm,3,0.09998188220957363
daily,1073,hmm,4,0.09322958329343549
daily,1073,hmm,5,0.0879654808222148
daily,1073,hmm,6,0.08500331527281987
daily,1073,hmm,7,0.07933579981224256
daily,1073,hmm,8,0.07653181751452376
daily,1073,hmm,9,0.07336236923328346
daily,1073,hmm,10,0.06725780244416754
daily,1073,hmm,11,0.06447729113241338
daily,1073,hmm,12,0.062255205708850604
daily,1073,hmm,13,0.058594508326775305
daily,1073,hmm,14,0.054915858998262124
daily,1073,hmm,15,0.0508473004314296
daily,1073,hmm,16,0.048755994393629244
daily,1073,hmm,17,0.045922628451715596
daily,1073,hmm,18,0.04404181657425359
daily,1073,hmm,19,0.04039996179762432
daily,1073,hmm,20,0.03861636383016897
daily,1073,mlddm,1,-0.0038028065919664678
daily,1073,mlddm,2,-0.005556455776347426
daily,1073,mlddm,3,-0.0026127567939026454
daily,1073,mlddm,4,-0.0027481060713815245
daily,1073,mlddm,5,-0.0010301941004492604
daily,1073,mlddm,6,-0.0019152317501487368
daily,1073,mlddm,7,-0.002756997124176732
daily,1073,mlddm,8,-0.004564580924054825
daily,1073,mlddm,9,-0.0028525914711391054
daily,1073,mlddm,10,-4.278047886606658e-5
daily,1073,mlddm,11,-0.004230620292434388
daily,1073,mlddm,12,-0.003878692806603965
daily,1073,mlddm,13,-0.003212199063204478
daily,1073,mlddm,14,-0.0035001884608577213
daily,1073,mlddm,15,-0.000729048337202794
daily,1073,mlddm,16,-0.0016577133266863042
daily,1073,mlddm,17,-0.00013876068067281014
daily,1073,mlddm,18,-0.0032721227252063036
daily,1073,mlddm,19,-0.0032338297246524463
daily,1073,mlddm,20,-0.0024139690159123823
daily,1074,real,1,0.07547827554080987
daily,1074,real,2,0.04301242482975503
daily,1074,real,3,0.03252131633733746
daily,1074,real,4,0.02079064363175507
daily,1074,real,5,0.024301707081367332
daily,1074,real,6,0.03206377134503624
daily,1074,real,7,0.019931160602662198
daily,1074,real,8,0.015716889008879
daily,1074,real,9,0.02850652556920584
daily,1074,real,10,0.00307157693994347
daily,1074,real,11,0.028052148181541944
daily,1074,real,12,0.019210763260556298
daily,1074,real,13,0.007944368461849398
daily,1074,real,14,-0.0003905953800966282
daily,1074,real,15,0.033764510420376107
daily,1074,real,16,0.017993856671987673
daily,1074,real,17,0.0115790038434768
daily,1074,real,18,0.0015472860756761129
daily,1074,real,19,0.018015616236290513
daily,1074,real,20,0.01287458329851491
daily,1074,hmm,1,0.03177124205807531
daily,1074,hmm,2,0.030017581560527307
daily,1074,hmm,3,0.024266349082638545
daily,1074,hmm,4,0.023911068274220976
daily,1074,hmm,5,0.01981927393409423
daily,1074,hmm,6,0.01641460880759265
daily,1074,hmm,7,0.014990831411464175
daily,1074,hmm,8,0.010691382942038417
daily,1074,hmm,9,0.007002538598359818
daily,1074,hmm,10,0.0067534579430889655
daily,1074,hmm,11,0.0033388739525459753
daily,1074,hmm,12,0.004098224836879357
daily,1074,hmm,13,0.004511117517957951
daily,1074,hmm,14,0.0020993171618621203
daily,1074,hmm,15,-0.002039219634642299
daily,1074,hmm,16,-0.001406519021612021
daily,1074,hmm,17,-0.0022513747989201514
daily,1074,hmm,18,-0.0003969704438039581
daily,1074,hmm,19,-0.0028506167604326533
daily,1074,hmm,20,-0.0010428881258870873
daily,1074,mlddm,1,-0.005387243247935093
daily,1074,mlddm,2,-0.0027673071119909153
daily,1074,mlddm,3,-0.002831949937377388
daily,1074,mlddm,4,-0.003604754339136621
daily,1074,mlddm,5,-0.008767788766420712
daily,1074,mlddm,6,-0.0037619334156980995
daily,1074,mlddm,7,-0.004758862153254488
daily,1074,mlddm,8,-0.004288130302064439
daily,1074,mlddm,9,-0.005789256757999578
daily,1074,mlddm,10,-0.0027632374417416723
daily,1074,mlddm,11,-0.005523562072756635
daily,1074,mlddm,12,-0.002684565335077103
daily,1074,mlddm,13,-0.008088446154724559
daily,1074,mlddm,14,-0.005662013005520941
daily,1074,mlddm,15,-0.005533924598551007
daily,1074,mlddm,16,-0.004813647818646396
daily,1074,mlddm,17,-0.00239601514073314
daily,1074,mlddm,18,-0.006546191913253589
daily,1074,mlddm,19,-0.004666533951380997
daily,1074,mlddm,20,-0.00777504787135151
daily,Daenerys,real,1,0.08962556806171049
daily,Daenerys,real,2,0.05396131881050945
daily,Daenerys,real,3,0.05021594712387635
daily,Daenerys,real,4,0.048723119328176155
daily,Daenerys,real,5,0.03915105843624711
daily,Daenerys,real,6,0.031166750210436474
daily,Daenerys,real,7,0.030199428125681264
daily,Daenerys,real,8,0.026293765128053467
daily,Daenerys,real,9,0.023434040274635335
daily,Daenerys,real,10,0.024089172290116624
daily,Daenerys,real,11,0.024567570697137196
daily,Daenerys,real,12,0.011079765212145876
daily,Daenerys,real,13,0.023143866358395503
daily,Daenerys,real,14,0.010060580586395036
daily,Daenerys,real,15,0.014868551677646944
daily,Daenerys,real,16,0.024543825196812356
daily,Daenerys,real,17,0.010210390986742266
daily,Daenerys,real,18,0.015515803137809007
daily,Daenerys,real,19,0.031885006773657715
daily,Daenerys,real,20,0.02415278058233781
daily,Daenerys,hmm,1,0.12802047681907253
daily,Daenerys,hmm,2,0.06595365300170279
daily,Daenerys,hmm,3,0.04274627847405103
daily,Daenerys,hmm,4,0.026803792277710785
daily,Daenerys,hmm,5,0.019537973973716108
daily,Daenerys,hmm,6,0.012397237955146856
daily,Daenerys,hmm,7,0.0077688472122370246
daily,Daenerys,hmm,8,0.00445445326465269
daily,Daenerys,hmm,9,0.003483907845825967
daily,Daenerys,hmm,10,-0.0011646967816746447
daily,Daenerys,hmm,11,0.0012247224239089224
daily,Daenerys,hmm,12,-0.0005613939072997654
daily,Daenerys,hmm,13,-0.0036657729583601827
daily,Daenerys,hmm,14,-0.0018539162939515054
daily,Daenerys,hmm,15,-0.0028215058446655664
daily,Daenerys,hmm,16,-0.0019306049531905172
daily,Daenerys,hmm,17,-0.005197999800804928
daily,Daenerys,hmm,18,-0.004680371555711873
daily,Daenerys,hmm,19,-0.003295415288083473
daily,Daenerys,hmm,20,-0.004414525072189057
daily,Daenerys,mlddm,1,-0.0014319704143412675
daily,Daenerys,mlddm,2,-0.0022322867510743962
daily,Daenerys,mlddm,3,-0.005116426800630689
daily,Daenerys,mlddm,4,-0.0014051923406962715
daily,Daenerys,mlddm,5,-0.000996568464985807
daily,Daenerys,mlddm,6,-0.00127099525499732
daily,Daenerys,mlddm,7,0.0012801370121824289
daily,Daenerys,mlddm,8,-0.0009873959529937179
daily,Daenerys,mlddm,9,-0.0013030968778637412
daily,Daenerys,mlddm,10,-0.0014090100967152712
daily,Daenerys,mlddm,11,-0.005001982281719561
daily,Daenerys,mlddm,12,0.0012029897393753468
daily,Daenerys,mlddm,13,-0.001192953139912353
daily,Daenerys,mlddm,14,-0.0017310023207600445
daily,Daenerys,mlddm,15,-0.0019520270761933932
daily,Daenerys,mlddm,16,-0.002024488787521995
daily,Daenerys,mlddm,17,0.00024493043194541566
daily,Daenerys,mlddm,18,-0.004140236376263404
daily,Daenerys,mlddm,19,-0.0022314465640907305
daily,Daenerys,mlddm,20,-0.0021223203145988487
daily,Dash,real,1,0.08480421292922632
daily,Dash,real,2,0.05396009218857295
daily,Dash,real,3,0.034745876655430705
daily,Dash,real,4,0.05077340099646081
daily,Dash,real,5,0.043446345462492146
daily,Dash,real,6,0.03606934387714696
daily,Dash,real,7,0.05068759995986542
daily,Dash,real,8,0.02812574798494602
daily,Dash,real,9,0.02600263441603008
daily,Dash,real,10,0.038774058398655296
daily,Dash,real,11,0.03685047688579601
daily,Dash,real,12,0.03584109631253755
daily,Dash,real,13,0.024483532502286378
daily,Dash,real,14,0.021963720202811506
daily,Dash,real,15,0.029971338051324656
daily,Dash,real,16,0.025262869230316738
daily,Dash,real,17,0.02361236719715911
daily,Dash,real,18,0.0265989064241875
daily,Dash,real,19,0.019606720963331263
daily,Dash,real,20,0.0237473451866083
daily,Dash,hmm,1,0.040636971859996054
daily,Dash,hmm,2,0.023101098844257963
daily,Dash,hmm,3,0.017065195064326872
daily,Dash,hmm,4,0.01388403837209603
daily,Dash,hmm,5,0.011957105325852688
daily,Dash,hmm,6,0.0111477737105673
daily,Dash,hmm,7,0.009901256188318677
daily,Dash,hmm,8,0.010841851366421603
daily,Dash,hmm,9,0.010617758554213904
daily,Dash,hmm,10,0.010226922942036372
daily,Dash,hmm,11,0.006486626217429979
daily,Dash,hmm,12,0.007498126124489692
daily,Dash,hmm,13,0.006750749700473147
daily,Dash,hmm,14,0.003769489162812977
daily,Dash,hmm,15,0.006352608712336452
daily,Dash,hmm,16,0.003728943706112759
daily,Dash,hmm,17,0.0028723233966870677
daily,Dash,hmm,18,0.004301866669075286
daily,Dash,hmm,19,0.003326571087928598
daily,Dash,hmm,20,0.0015467594974492003
daily,Dash,mlddm,1,-0.001765395233654583
daily,Dash,mlddm,2,-0.00356691614196871
daily,Dash,mlddm,3,-0.001644709381452756
daily,Dash,mlddm,4,-0.002168360147459168
daily,Dash,mlddm,5,-0.0041044131332052
daily,Dash,mlddm,6,-0.0015934503682104146
daily,Dash,mlddm,7,-0.0017601024969176743
daily,Dash,mlddm,8,-0.0027599315019010027
daily,Dash,mlddm,9,-0.0018401553481600975
daily,Dash,mlddm,10,-0.0004353945636372695
daily,Dash,mlddm,11,-0.001110435562948777
daily,Dash,mlddm,12,-0.003735709655187193
daily,Dash,mlddm,13,-0.0008951963507281918
daily,Dash,mlddm,14,-0.0033657607118377417
daily,Dash,mlddm,15,-0.0017320077531561325
daily,Dash,mlddm,16,-0.00240334068691875
daily,Dash,mlddm,17,-0.0013893858134339594
daily,Dash,mlddm,18,-0.0022889860424737405
daily,Dash,mlddm,19,-0.0007245536986649969
daily,Dash,mlddm,20,-0.0038617581640127186
daily,Dobby,real,1,0.05463208507544436
daily,Dobby,real,2,0.039104912511142405
daily,Dobby,real,3,0.02243260862652271
daily,Dobby,real,4,0.03443610616291857
daily,Dobby,real,5,0.03619503259458214
daily,Dobby,real,6,0.03390211552822244
daily,Dobby,real,7,0.03943412227110667
daily,Dobby,real,8,0.027332526882738812
daily,Dobby,real,9,0.018961080154044824
daily,Dobby,real,10,0.028959801905679042
daily,Dobby,real,11,0.016254230769302463
daily,Dobby,real,12,0.020798496120542576
daily,Dobby,real,13,0.01724024203853349
daily,Dobby,real,14,0.03794922599585956
daily,Dobby,real,15,0.017825819276411334
daily,Dobby,real,16,0.017826837332422674
daily,Dobby,real,17,0.011035552258441396
daily,Dobby,real,18,0.005817732239947281
daily,Dobby,real,19,0.015266207289434272
daily,Dobby,real,20,0.014710843605339077
daily,Dobby,hmm,1,0.0418050894827829
daily,Dobby,hmm,2,0.026663930331803327
daily,Dobby,hmm,3,0.025973789949528238
daily,Dobby,hmm,4,0.024073926682969822
daily,Dobby,hmm,5,0.021792378067866002
daily,Dobby,hmm,6,0.019765243103716572
daily,Dobby,hmm,7,0.01717332449667969
daily,Dobby,hmm,8,0.01678736853871733
daily,Dobby,hmm,9,0.011557257699151346
daily,Dobby,hmm,10,0.010062955395085685
daily,Dobby,hmm,11,0.010150483823982936
daily,Dobby,hmm,12,0.006431425058461206
daily,Dobby,hmm,13,0.006333458723323873
daily,Dobby,hmm,14,0.008220542667391532
daily,Dobby,hmm,15,0.00738511143293263
daily,Dobby,hmm,16,0.005554996530677444
daily,Dobby,hmm,17,0.005385505810951772
daily,Dobby,hmm,18,0.0010472525702305523
daily,Dobby,hmm,19,0.006557560196844388
daily,Dobby,hmm,20,0.0029772597647221696
daily,Dobby,mlddm,1,-0.0028509558134012735
daily,Dobby,mlddm,2,-0.006050606876876327
daily,Dobby,mlddm,3,-0.002416595825803662
daily,Dobby,mlddm,4,-0.003644883048196431
daily,Dobby,mlddm,5,-0.004118067266941545
daily,Dobby,mlddm,6,0.00010365839025688566
daily,Dobby,mlddm,7,-0.0006003121736629154
daily,Dobby,mlddm,8,-0.004305012017503856
daily,Dobby,mlddm,9,-0.002231872375787327
daily,Dobby,mlddm,10,-0.0017930246522878262
daily,Dobby,mlddm,11,-0.001902007055745032
daily,Dobby,mlddm,12,0.0005299785627069567
daily,Dobby,mlddm,13,-0.002097273519392746
daily,Dobby,mlddm,14,-0.0016606146982954962
daily,Dobby,mlddm,15,-0.002696950178196856
daily,Dobby,mlddm,16,-0.0018406921011428045
daily,Dobby,mlddm,17,-0.0051912571373551935
daily,Dobby,mlddm,18,-0.0034551407753932117
daily,Dobby,mlddm,19,-0.0041786060509036264
daily,Dobby,mlddm,20,0.00029164028311189614
daily,Dory,real,1,0.06224095365828232
daily,Dory,real,2,0.04801638131925752
daily,Dory,real,3,0.04712147404834109
daily,Dory,real,4,0.03875684844937573
daily,Dory,real,5,0.039615769847398785
daily,Dory,real,6,0.040013700813055164
daily,Dory,real,7,0.020685767265444726
daily,Dory,real,8,0.021235531730588873
daily,Dory,real,9,0.02285210748909332
daily,Dory,real,10,0.03276141835477648
daily,Dory,real,11,0.013750315757413797
daily,Dory,real,12,0.01625229847135197
daily,Dory,real,13,0.01901689528813091
daily,Dory,real,14,0.006840979202287712
daily,Dory,real,15,0.008547007447704905
daily,Dory,real,16,0.009652506390490386
daily,Dory,real,17,0.012689330420547984
daily,Dory,real,18,0.014139506710953554
daily,Dory,real,19,0.010503421772556407
daily,Dory,real,20,0.010218630475300755
daily,Dory,hmm,1,0.0828783015040649
daily,Dory,hmm,2,0.047533339163950195
daily,Dory,hmm,3,0.02798543208928351
daily,Dory,hmm,4,0.015019060201807165
daily,Dory,hmm,5,0.008020109255350051
daily,Dory,hmm,6,0.00260587898581446
daily,Dory,hmm,7,0.0005941490450072506
daily,Dory,hmm,8,0.0015150443225377974
daily,Dory,hmm,9,-0.002732726659890946
daily,Dory,hmm,10,-0.0018798030996276243
daily,Dory,hmm,11,-0.0012528936339568587
daily,Dory,hmm,12,-0.004822720313112666
daily,Dory,hmm,13,-0.0023054631585722888
daily,Dory,hmm,14,-0.005601849773271302
daily,Dory,hmm,15,-0.006149642151510398
daily,Dory,hmm,16,-0.005445676165234762
daily,Dory,hmm,17,-0.00491452402305995
daily,Dory,hmm,18,-0.0042504736704742935
daily,Dory,hmm,19,-0.0023563478328685996
daily,Dory,hmm,20,-0.0005953087264831597
daily,Dory,mlddm,1,-0.004351465846031067
daily,Dory,mlddm,2,-0.0021425048001787305
daily,Dory,mlddm,3,-0.002540378500293267
daily,Dory,mlddm,4,-0.004588016753856233
daily,Dory,mlddm,5,-0.002406282648604306
daily,Dory,mlddm,6,-0.0029669460982583427
daily,Dory,mlddm,7,-0.005850905993845127
daily,Dory,mlddm,8,-0.0044047532317667715
daily,Dory,mlddm,9,-0.005919701561949359
daily,Dory,mlddm,10,-0.0034718623524017853
daily,Dory,mlddm,11,-0.005971575282201121
daily,Dory,mlddm,12,-0.00348771607298963
daily,Dory,mlddm,13,-0.005164811384847647
daily,Dory,mlddm,14,-0.0044400551088596436
daily,Dory,mlddm,15,-0.0010214230532266427
daily,Dory,mlddm,16,-0.0029223058703447624
daily,Dory,mlddm,17,-0.003633644611772286
daily,Dory,mlddm,18,-0.002755196634483282
daily,Dory,mlddm,19,-0.005671047393040372
daily,Dory,mlddm,20,-0.004116209253507431
daily,Regina,real,1,0.05650346492062548
daily,Regina,real,2,0.0658049991162732
daily,Regina,real,3,0.051852804554008286
daily,Regina,real,4,0.04228284900014736
daily,Regina,real,5,0.05472793229655758
daily,Regina,real,6,0.044358552638352214
daily,Regina,real,7,0.045720211283260585
daily,Regina,real,8,0.046382166550425735
daily,Regina,real,9,0.03304940617019953
daily,Regina,real,10,0.03102714219999029
daily,Regina,real,11,0.029461949959820363
daily,Regina,real,12,0.02999387177485102
daily,Regina,real,13,0.03237322995322711
daily,Regina,real,14,0.031171363724504356
daily,Regina,real,15,0.02558106529811409
daily,Regina,real,16,0.023144350073630394
daily,Regina,real,17,0.01802529437996261
daily,Regina,real,18,0.02144585603182834
daily,Regina,real,19,0.016568305607404382
daily,Regina,real,20,0.013743222545248724
daily,Regina,hmm,1,0.1445387526731838
daily,Regina,hmm,2,0.10638159226551587
daily,Regina,hmm,3,0.08552372938808953
daily,Regina,hmm,4,0.06424872939512613
daily,Regina,hmm,5,0.047561846713602265
daily,Regina,hmm,6,0.0391883270747785
daily,Regina,hmm,7,0.02885564065903449
daily,Regina,hmm,8,0.0252872034074678
daily,Regina,hmm,9,0.021261459963111927
daily,Regina,hmm,10,0.01446584779473944
daily,Regina,hmm,11,0.013708888631596805
daily,Regina,hmm,12,0.010304811060192678
daily,Regina,hmm,13,0.009241068878496468
daily,Regina,hmm,14,0.008412703932616361
daily,Regina,hmm,15,0.007302168989022908
daily,Regina,hmm,16,0.004555579396095963
daily,Regina,hmm,17,0.0038977212930549005
daily,Regina,hmm,18,0.0024183631339041124
daily,Regina,hmm,19,0.0016997739351569386
daily,Regina,hmm,20,0.001805992116111797
daily,Rhubarb,real,1,0.07558672609365158
daily,Rhubarb,real,2,0.0599836037202558
daily,Rhubarb,real,3,0.025708548914438745
daily,Rhubarb,real,4,0.024243510312389017
daily,Rhubarb,real,5,0.017693524765461197
daily,Rhubarb,real,6,0.022151154840358386
daily,Rhubarb,real,7,0.02957051202685137
daily,Rhubarb,real,8,0.01099790175089814
daily,Rhubarb,real,9,0.018974673343326993
daily,Rhubarb,real,10,0.019105280475355157
daily,Rhubarb,real,11,0.013897832797825844
daily,Rhubarb,real,12,-0.005262811492591237
daily,Rhubarb,real,13,0.02292741855259025
daily,Rhubarb,real,14,0.001532073596586558
daily,Rhubarb,real,15,-0.006106912635917946
daily,Rhubarb,real,16,0.021605414591761934
daily,Rhubarb,real,17,0.008542324126024004
daily,Rhubarb,real,18,-0.001339162356131302
daily,Rhubarb,real,19,0.015862731335449506
daily,Rhubarb,real,20,0.007387017032139318
daily,Rhubarb,hmm,1,0.05845384770160247
daily,Rhubarb,hmm,2,0.011916673226127663
daily,Rhubarb,hmm,3,-0.0031453241608061385
daily,Rhubarb,hmm,4,-0.0037392377747309012
daily,Rhubarb,hmm,5,-0.001677578464345076
daily,Rhubarb,hmm,6,-0.0035046884750799694
daily,Rhubarb,hmm,7,-0.0017054247069010456
daily,Rhubarb,hmm,8,0.0030641596845885515
daily,Rhubarb,hmm,9,-0.002401752903606206
daily,Rhubarb,hmm,10,-0.001464106950131563
daily,Rhubarb,hmm,11,-0.007042690092030663
daily,Rhubarb,hmm,12,-0.005056334582654037
daily,Rhubarb,hmm,13,-0.0026872497916566374
daily,Rhubarb,hmm,14,0.001838374844293765
daily,Rhubarb,hmm,15,-0.0013674984061799692
daily,Rhubarb,hmm,16,-0.004410097660970342
daily,Rhubarb,hmm,17,-0.006177216994297791
daily,Rhubarb,hmm,18,-0.002091692069121838
daily,Rhubarb,hmm,19,-0.003523132595761308
daily,Rhubarb,hmm,20,-0.0002968503433196497
daily,Rhubarb,mlddm,1,1.5815581806456193e-5
daily,Rhubarb,mlddm,2,-0.005435451352259963
daily,Rhubarb,mlddm,3,-0.004626442394949907
daily,Rhubarb,mlddm,4,-0.0027458453816181184
daily,Rhubarb,mlddm,5,0.0005960619925973102
daily,Rhubarb,mlddm,6,0.00017318499972094936
daily,Rhubarb,mlddm,7,-0.0004942723757214963
daily,Rhubarb,mlddm,8,-0.006901228613283544
daily,Rhubarb,mlddm,9,-0.003913891170491066
daily,Rhubarb,mlddm,10,-0.009088677276300895
daily,Rhubarb,mlddm,11,-0.0026128565840094946
daily,Rhubarb,mlddm,12,-0.0006906702437199145
daily,Rhubarb,mlddm,13,-0.0075075056870359275
daily,Rhubarb,mlddm,14,-0.00045317129191326314
daily,Rhubarb,mlddm,15,0.0017296897492012045
daily,Rhubarb,mlddm,16,-0.001458873905038869
daily,Rhubarb,mlddm,17,-0.002188957979239445
daily,Rhubarb,mlddm,18,-0.0025638062791604904
daily,Rhubarb,mlddm,19,-0.0057395662244264165
daily,Rhubarb,mlddm,20,-0.0028383319604087485
24hr,1029,real,1,0.1322334802534662
24hr,1029,real,2,0.11177224053069586
24hr,1029,real,3,0.1011102871833187
24hr,1029,real,4,0.1053121162821156
24hr,1029,real,5,0.09716338146107692
24hr,1029,real,6,0.09193492510683988
24hr,1029,real,7,0.0748911334701059
24hr,1029,real,8,0.08054254828498789
24hr,1029,real,9,0.0751750888345888
24hr,1029,real,10,0.07136789118437693
24hr,1029,real,11,0.06943251996345967
24hr,1029,real,12,0.06203727945812114
24hr,1029,real,13,0.056697806980127864
24hr,1029,real,14,0.04673540497234062
24hr,1029,real,15,0.05419388303743048
24hr,1029,real,16,0.04413696132444323
24hr,1029,real,17,0.054068169004231614
24hr,1029,real,18,0.04363475457414948
24hr,1029,real,19,0.04119596072586947
24hr,1029,real,20,0.045655662530930854
24hr,1029,hmm,1,0.1318668674842637
24hr,1029,hmm,2,0.11649546778387518
24hr,1029,hmm,3,0.10253121866408954
24hr,1029,hmm,4,0.09428231569740646
24hr,1029,hmm,5,0.08520833436690135
24hr,1029,hmm,6,0.08007106128048277
24hr,1029,hmm,7,0.07364323578662593
24hr,1029,hmm,8,0.0671474437213529
24hr,1029,hmm,9,0.05777467187781127
24hr,1029,hmm,10,0.055637459148212866
24hr,1029,hmm,11,0.04875355621991677
24hr,1029,hmm,12,0.04675759871932388
24hr,1029,hmm,13,0.040021565535970784
24hr,1029,hmm,14,0.03814588412372263
24hr,1029,hmm,15,0.032416594872352614
24hr,1029,hmm,16,0.030983889155695367
24hr,1029,hmm,17,0.02693311681004596
24hr,1029,hmm,18,0.02470757521294331
24hr,1029,hmm,19,0.02272362179367495
24hr,1029,hmm,20,0.019630758131593533
24hr,1029,mlddm,1,-0.00363707070354729
24hr,1029,mlddm,2,-0.004807924951302868
24hr,1029,mlddm,3,-0.003298435414667022
24hr,1029,mlddm,4,-0.0027819315565778243
24hr,1029,mlddm,5,-0.004757616100909902
24hr,1029,mlddm,6,-0.003917675260918505
24hr,1029,mlddm,7,-0.002600694590338236
24hr,1029,mlddm,8,-0.00467414353115415
24hr,1029,mlddm,9,-0.0052314024359693305
24hr,1029,mlddm,10,-0.002995004005127952
24hr,1029,mlddm,11,-0.0029666246100786627
24hr,1029,mlddm,12,-0.0020652019429207398
24hr,1029,mlddm,13,-0.0032541374154926852
24hr,1029,mlddm,14,-0.000816905332491805
24hr,1029,mlddm,15,-0.00498772557131043
24hr,1029,mlddm,16,-0.002543290492069106
24hr,1029,mlddm,17,-0.0038534559267884246
24hr,1029,mlddm,18,-0.004954183953054659
24hr,1029,mlddm,19,-0.00261238156964666
24hr,1029,mlddm,20,-0.00211299915613078
24hr,1052,real,1,0.08250054871848983
24hr,1052,real,2,0.07417904109167607
24hr,1052,real,3,0.06318769520633122
24hr,1052,real,4,0.06322217013485952
24hr,1052,real,5,0.06021229702927731
24hr,1052,real,6,0.05666546318673955
24hr,1052,real,7,0.05066194396533794
24hr,1052,real,8,0.05026622120310242
24hr,1052,real,9,0.04797990831195586
24hr,1052,real,10,0.043321509264561506
24hr,1052,real,11,0.04142742644585587
24hr,1052,real,12,0.03967868317981082
24hr,1052,real,13,0.03519770057608347
24hr,1052,real,14,0.030456422263302342
24hr,1052,real,15,0.03195336259669436
24hr,1052,real,16,0.03338442033365042
24hr,1052,real,17,0.03276698864256756
24hr,1052,real,18,0.04053013220271894
24hr,1052,real,19,0.027873060167082398
24hr,1052,real,20,0.02599240786543868
24hr,1052,hmm,1,0.09078589550725497
24hr,1052,hmm,2,0.07760816493084949
24hr,1052,hmm,3,0.06579329111600143
24hr,1052,hmm,4,0.055422570713560215
24hr,1052,hmm,5,0.048232703672032015
24hr,1052,hmm,6,0.042637052194558
24hr,1052,hmm,7,0.038736388021442275
24hr,1052,hmm,8,0.03119074737590305
24hr,1052,hmm,9,0.027560256340218463
24hr,1052,hmm,10,0.023577221454563414
24hr,1052,hmm,11,0.02438855557502126
24hr,1052,hmm,12,0.02136989113033429
24hr,1052,hmm,13,0.017897392857243087
24hr,1052,hmm,14,0.015578042651840377
24hr,1052,hmm,15,0.013659502116734163
24hr,1052,hmm,16,0.013708361337719391
24hr,1052,hmm,17,0.009889860247163653
24hr,1052,hmm,18,0.009186867533770118
24hr,1052,hmm,19,0.00878256847831907
24hr,1052,hmm,20,0.007954537108061616
24hr,1052,mlddm,1,-0.0037503608671740213
24hr,1052,mlddm,2,-0.0009746375637663783
24hr,1052,mlddm,3,-0.001490959734853711
24hr,1052,mlddm,4,-0.0018678900467852377
24hr,1052,mlddm,5,-0.0020231243808877023
24hr,1052,mlddm,6,-0.0016202511891049043
24hr,1052,mlddm,7,-0.0006168820926364968
24hr,1052,mlddm,8,-0.0022673143494259676
24hr,1052,mlddm,9,9.011575602392683e-5
24hr,1052,mlddm,10,-0.0013714076423545414
24hr,1052,mlddm,11,-0.001127069560370883
24hr,1052,mlddm,12,-0.0018484117564048167
24hr,1052,mlddm,13,-0.0015871011355870323
24hr,1052,mlddm,14,-0.002390009995596328
24hr,1052,mlddm,15,-0.0016461979875438727
24hr,1052,mlddm,16,-0.0028717320336455843
24hr,1052,mlddm,17,-0.001639307829739244
24hr,1052,mlddm,18,-0.0019709866657379414
24hr,1052,mlddm,19,-0.0030756055650217103
24hr,1052,mlddm,20,-0.0005190038742689657
24hr,1054,real,1,0.06779663353209371
24hr,1054,real,2,0.05624091489815766
24hr,1054,real,3,0.036740644365379146
24hr,1054,real,4,0.040187432712849316
24hr,1054,real,5,0.03764881517277109
24hr,1054,real,6,0.03173468894291532
24hr,1054,real,7,0.024867976416719857
24hr,1054,real,8,0.02811922069483758
24hr,1054,real,9,0.021526460581111913
24hr,1054,real,10,0.027990813829694868
24hr,1054,real,11,0.020830731535094172
24hr,1054,real,12,0.014667545730641404
24hr,1054,real,13,0.02477487588797823
24hr,1054,real,14,0.01938066617802079
24hr,1054,real,15,0.01748933591028968
24hr,1054,real,16,0.013100534034835026
24hr,1054,real,17,0.015188067702411198
24hr,1054,real,18,0.006799936575854702
24hr,1054,real,19,0.015690310858440033
24hr,1054,real,20,-0.002957917372060772
24hr,1054,hmm,1,0.09646769051113455
24hr,1054,hmm,2,0.0868612264305847
24hr,1054,hmm,3,0.08165680639080045
24hr,1054,hmm,4,0.0767196347332844
24hr,1054,hmm,5,0.07207696896989663
24hr,1054,hmm,6,0.06704764580327545
24hr,1054,hmm,7,0.06249063051006881
24hr,1054,hmm,8,0.055374396948309666
24hr,1054,hmm,9,0.05354377421020816
24hr,1054,hmm,10,0.050864563214598105
24hr,1054,hmm,11,0.04686369118533907
24hr,1054,hmm,12,0.04282582463495428
24hr,1054,hmm,13,0.038788655960980606
24hr,1054,hmm,14,0.037945696208949976
24hr,1054,hmm,15,0.03663515430810436
24hr,1054,hmm,16,0.034710843785979426
24hr,1054,hmm,17,0.028978662852914318
24hr,1054,hmm,18,0.02684842960088462
24hr,1054,hmm,19,0.022603881835736993
24hr,1054,hmm,20,0.022389341550676338
24hr,1054,mlddm,1,-0.0021465233299041123
24hr,1054,mlddm,2,-0.002450127918206087
24hr,1054,mlddm,3,-0.003611400167797521
24hr,1054,mlddm,4,-0.0029505928997444813
24hr,1054,mlddm,5,-0.0016068589190253557
24hr,1054,mlddm,6,-0.001987583630358363
24hr,1054,mlddm,7,-0.0020841258680888712
24hr,1054,mlddm,8,-0.003105748095454832
24hr,1054,mlddm,9,-0.0027541382750072927
24hr,1054,mlddm,10,-0.001888700772878523
24hr,1054,mlddm,11,-0.0025556900059378147
24hr,1054,mlddm,12,-0.0016445133856696642
24hr,1054,mlddm,13,-0.0017828661867830445
24hr,1054,mlddm,14,-0.003222700371215745
24hr,1054,mlddm,15,-0.002569816488139119
24hr,1054,mlddm,16,-0.002542669848716045
24hr,1054,mlddm,17,-0.004997575399229308
24hr,1054,mlddm,18,-0.002957331132612983
24hr,1054,mlddm,19,-0.0028547193481721547
24hr,1054,mlddm,20,-0.0034189814568724346
24hr,1059,real,1,0.06865513004097946
24hr,1059,real,2,0.05291912774625192
24hr,1059,real,3,0.047823153190444556
24hr,1059,real,4,0.03384970074980284
24hr,1059,real,5,0.04601138244078126
24hr,1059,real,6,0.041006320862108425
24hr,1059,real,7,0.038577638027939336
24hr,1059,real,8,0.03253409617768576
24hr,1059,real,9,0.020234710249799424
24hr,1059,real,10,0.026922656105637374
24hr,1059,real,11,0.03594786129044728
24hr,1059,real,12,0.028491226446836493
24hr,1059,real,13,0.005877990005797061
24hr,1059,real,14,0.010070913291747738
24hr,1059,real,15,0.00952161438219326
24hr,1059,real,16,0.007511457142329664
24hr,1059,real,17,0.0025052137134643506
24hr,1059,real,18,0.010068276069271498
24hr,1059,real,19,-0.005605248143441141
24hr,1059,real,20,-0.0029169767417760836
24hr,1059,hmm,1,0.11063915946920962
24hr,1059,hmm,2,0.09430368423720027
24hr,1059,hmm,3,0.08691279075093208
24hr,1059,hmm,4,0.07208574600857191
24hr,1059,hmm,5,0.06520064132722647
24hr,1059,hmm,6,0.05527495644601836
24hr,1059,hmm,7,0.05072636277650304
24hr,1059,hmm,8,0.047217622678020287
24hr,1059,hmm,9,0.04213623408753443
24hr,1059,hmm,10,0.03637397870621954
24hr,1059,hmm,11,0.03211534253976306
24hr,1059,hmm,12,0.026738305957586934
24hr,1059,hmm,13,0.021990335724820433
24hr,1059,hmm,14,0.01934657160442092
24hr,1059,hmm,15,0.01367199804230854
24hr,1059,hmm,16,0.01271790443539474
24hr,1059,hmm,17,0.010069293629695272
24hr,1059,hmm,18,0.006500239432859581
24hr,1059,hmm,19,0.006828222404849614
24hr,1059,hmm,20,0.0046030415231450295
24hr,1059,mlddm,1,-0.004341197142543947
24hr,1059,mlddm,2,-0.00586292707551035
24hr,1059,mlddm,3,-0.005616342571839595
24hr,1059,mlddm,4,-0.0016605128124260195
24hr,1059,mlddm,5,-0.003476311575602366
24hr,1059,mlddm,6,-0.001748401972723742
24hr,1059,mlddm,7,-0.003119835879092714
24hr,1059,mlddm,8,-0.0041340000288631
24hr,1059,mlddm,9,-0.004350548418394127
24hr,1059,mlddm,10,-0.005993698665174642
24hr,1059,mlddm,11,-0.008307017767267512
24hr,1059,mlddm,12,-0.004157639592177151
24hr,1059,mlddm,13,-0.003973872741315944
24hr,1059,mlddm,14,-0.0022487752190550594
24hr,1059,mlddm,15,-0.004602341456167928
24hr,1059,mlddm,16,-0.004203822822560952
24hr,1059,mlddm,17,-0.005727535411720207
24hr,1059,mlddm,18,-0.005469492286935819
24hr,1059,mlddm,19,-0.0051914726960807355
24hr,1059,mlddm,20,-0.005545366012687692
24hr,1060,real,1,0.16857181423232628
24hr,1060,real,2,0.1441640939791044
24hr,1060,real,3,0.12268364211923574
24hr,1060,real,4,0.11198203132987393
24hr,1060,real,5,0.102929631048944
24hr,1060,real,6,0.0923534816527733
24hr,1060,real,7,0.09160872928118247
24hr,1060,real,8,0.09238707544030643
24hr,1060,real,9,0.08821797108104033
24hr,1060,real,10,0.07935112685746983
24hr,1060,real,11,0.07191905638022669
24hr,1060,real,12,0.07171712344409421
24hr,1060,real,13,0.07094560339242566
24hr,1060,real,14,0.060574639925599104
24hr,1060,real,15,0.06127402059416076
24hr,1060,real,16,0.057480068579586575
24hr,1060,real,17,0.05721259333392323
24hr,1060,real,18,0.05375037225224331
24hr,1060,real,19,0.04943689721657299
24hr,1060,real,20,0.052554245548671656
24hr,1060,hmm,1,0.16802430668177376
24hr,1060,hmm,2,0.1487189426772256
24hr,1060,hmm,3,0.13336013715947795
24hr,1060,hmm,4,0.12303695859353228
24hr,1060,hmm,5,0.11155585422026701
24hr,1060,hmm,6,0.10001893357656302
24hr,1060,hmm,7,0.09189707310118908
24hr,1060,hmm,8,0.08353550220353718
24hr,1060,hmm,9,0.07517555635873341
24hr,1060,hmm,10,0.06926143509225866
24hr,1060,hmm,11,0.06295809562991904
24hr,1060,hmm,12,0.05821268567778316
24hr,1060,hmm,13,0.05180502489314833
24hr,1060,hmm,14,0.04839328754055487
24hr,1060,hmm,15,0.04300035831685817
24hr,1060,hmm,16,0.03854552479437963
24hr,1060,hmm,17,0.034565676748884694
24hr,1060,hmm,18,0.03343292800356296
24hr,1060,hmm,19,0.029773871213573517
24hr,1060,hmm,20,0.025504595411045706
24hr,1060,mlddm,1,-0.0018199046920119183
24hr,1060,mlddm,2,-0.0034483207565347285
24hr,1060,mlddm,3,-0.0024319013861276136
24hr,1060,mlddm,4,-0.002856867060192958
24hr,1060,mlddm,5,-0.0018003106940843176
24hr,1060,mlddm,6,-0.0011221827952020349
24hr,1060,mlddm,7,-0.0025248454444701234
24hr,1060,mlddm,8,-0.002754862252663323
24hr,1060,mlddm,9,-0.000637114822082894
24hr,1060,mlddm,10,-0.0008374936918764816
24hr,1060,mlddm,11,0.0007495902415121774
24hr,1060,mlddm,12,-0.0024108829660961614
24hr,1060,mlddm,13,-0.00029527739991910785
24hr,1060,mlddm,14,-0.0032139007649289774
24hr,1060,mlddm,15,-0.0017157537902547254
24hr,1060,mlddm,16,-0.0028426045372830894
24hr,1060,mlddm,17,-0.003518312976895299
24hr,1060,mlddm,18,-0.002913261619470938
24hr,1060,mlddm,19,-0.005022669034604952
24hr,1060,mlddm,20,-0.0011533941665577562
24hr,1062,real,1,0.11726597071946754
24hr,1062,real,2,0.09429769201010876
24hr,1062,real,3,0.07547399319559449
24hr,1062,real,4,0.0776719291325066
24hr,1062,real,5,0.06910481609868825
24hr,1062,real,6,0.06173888029805913
24hr,1062,real,7,0.058883299144596536
24hr,1062,real,8,0.05438197875823023
24hr,1062,real,9,0.045814172108827184
24hr,1062,real,10,0.04549396992103731
24hr,1062,real,11,0.04123718981459377
24hr,1062,real,12,0.04002237071294628
24hr,1062,real,13,0.04515198361937225
24hr,1062,real,14,0.03497773351482118
24hr,1062,real,15,0.03789257579443016
24hr,1062,real,16,0.03236441708098093
24hr,1062,real,17,0.03498571260118602
24hr,1062,real,18,0.029512926050594645
24hr,1062,real,19,0.03655133642525843
24hr,1062,real,20,0.02978021508125923
24hr,1062,hmm,1,0.10986466118988374
24hr,1062,hmm,2,0.08640493828791403
24hr,1062,hmm,3,0.07049477790737049
24hr,1062,hmm,4,0.05614547989949199
24hr,1062,hmm,5,0.045735845994417004
24hr,1062,hmm,6,0.0387683804264432
24hr,1062,hmm,7,0.03340548520725444
24hr,1062,hmm,8,0.028782080957723187
24hr,1062,hmm,9,0.02422153076821137
24hr,1062,hmm,10,0.019960788815344858
24hr,1062,hmm,11,0.017824493611443542
24hr,1062,hmm,12,0.015372808534965258
24hr,1062,hmm,13,0.014199100183815937
24hr,1062,hmm,14,0.010558331676108614
24hr,1062,hmm,15,0.011223420926682217
24hr,1062,hmm,16,0.010028475423826514
24hr,1062,hmm,17,0.006327306324032322
24hr,1062,hmm,18,0.006068019415526834
24hr,1062,hmm,19,0.003955807408455506
24hr,1062,hmm,20,0.004040962917589328
24hr,1062,mlddm,1,-0.0017253680015446124
24hr,1062,mlddm,2,2.3473890044028984e-5
24hr,1062,mlddm,3,0.0005255344037330855
24hr,1062,mlddm,4,-0.0012999733678455152
24hr,1062,mlddm,5,-0.0008369463648994499
24hr,1062,mlddm,6,-0.0020112228776853003
24hr,1062,mlddm,7,-0.000981545804545606
24hr,1062,mlddm,8,-0.00027380671944312744
24hr,1062,mlddm,9,-0.0005652369321558397
24hr,1062,mlddm,10,-0.0011292300400558553
24hr,1062,mlddm,11,0.0003862404127777154
24hr,1062,mlddm,12,-0.0022220446427161753
24hr,1062,mlddm,13,-0.0005839460671509887
24hr,1062,mlddm,14,-0.0008980995797136916
24hr,1062,mlddm,15,-0.0009929540099205786
24hr,1062,mlddm,16,-0.002525874363194144
24hr,1062,mlddm,17,-0.00024197950598093396
24hr,1062,mlddm,18,-0.0013218024400443874
24hr,1062,mlddm,19,-0.0017886585361819498
24hr,1062,mlddm,20,-0.00048359883618349903
24hr,1064,real,1,0.11817535665250901
24hr,1064,real,2,0.10803247551620014
24hr,1064,real,3,0.10136970368644027
24hr,1064,real,4,0.09000390441516658
24hr,1064,real,5,0.08759222711033686
24hr,1064,real,6,0.07734277560809995
24hr,1064,real,7,0.0703514461750761
24hr,1064,real,8,0.06512047346218991
24hr,1064,real,9,0.06067651811934207
24hr,1064,real,10,0.06000668985364252
24hr,1064,real,11,0.051215729238895745
24hr,1064,real,12,0.055449076067331654
24hr,1064,real,13,0.05410381357838855
24hr,1064,real,14,0.04461064857954398
24hr,1064,real,15,0.03923571323315198
24hr,1064,real,16,0.04453885248318295
24hr,1064,real,17,0.043008755032096065
24hr,1064,real,18,0.041451648251691287
24hr,1064,real,19,0.0368665000512963
24hr,1064,real,20,0.03764929384887214
24hr,1064,hmm,1,0.10102328191371628
24hr,1064,hmm,2,0.08918769981943457
24hr,1064,hmm,3,0.07868354997069028
24hr,1064,hmm,4,0.06746380880605211
24hr,1064,hmm,5,0.060603756969609665
24hr,1064,hmm,6,0.05160050366592126
24hr,1064,hmm,7,0.049055928164653206
24hr,1064,hmm,8,0.04145858188503611
24hr,1064,hmm,9,0.03791622486947656
24hr,1064,hmm,10,0.02963005363389466
24hr,1064,hmm,11,0.026481775667171636
24hr,1064,hmm,12,0.02438780170397082
24hr,1064,hmm,13,0.022488475508582545
24hr,1064,hmm,14,0.020369044839463175
24hr,1064,hmm,15,0.015850708749743307
24hr,1064,hmm,16,0.014049120719983228
24hr,1064,hmm,17,0.010837259745217813
24hr,1064,hmm,18,0.00932098884839937
24hr,1064,hmm,19,0.008223597467285926
24hr,1064,hmm,20,0.006430934683028769
24hr,1064,mlddm,1,-0.0006215135093215146
24hr,1064,mlddm,2,-0.0020115161584213846
24hr,1064,mlddm,3,-0.0007733845511852637
24hr,1064,mlddm,4,-0.002503904452476313
24hr,1064,mlddm,5,-0.0008222945541902999
24hr,1064,mlddm,6,-0.0011634193068800337
24hr,1064,mlddm,7,0.0009279189705277902
24hr,1064,mlddm,8,-0.0010148783169558388
24hr,1064,mlddm,9,-0.0018505776305461138
24hr,1064,mlddm,10,-0.0006096048296259551
24hr,1064,mlddm,11,-0.0017987652329924414
24hr,1064,mlddm,12,-0.000346624801226173
24hr,1064,mlddm,13,-0.004241110931925574
24hr,1064,mlddm,14,-0.0014594177166745252
24hr,1064,mlddm,15,-0.0013575806906876062
24hr,1064,mlddm,16,-0.0013995878382800121
24hr,1064,mlddm,17,-0.0012689160724192114
24hr,1064,mlddm,18,-0.0023506729535718003
24hr,1064,mlddm,19,-0.0009547127594129974
24hr,1064,mlddm,20,-0.0016106203451797855
24hr,1065,real,1,0.12777174856864676
24hr,1065,real,2,0.10848101682012573
24hr,1065,real,3,0.09036619243074524
24hr,1065,real,4,0.07537222772163377
24hr,1065,real,5,0.06969917387298487
24hr,1065,real,6,0.05977487874308871
24hr,1065,real,7,0.05285222957339589
24hr,1065,real,8,0.04593627758218917
24hr,1065,real,9,0.046563990959877795
24hr,1065,real,10,0.043305120848493334
24hr,1065,real,11,0.029738611437979685
24hr,1065,real,12,0.03627986358717767
24hr,1065,real,13,0.03497650856240793
24hr,1065,real,14,0.03327919211009147
24hr,1065,real,15,0.035259962045156364
24hr,1065,real,16,0.02638109582637593
24hr,1065,real,17,0.024555866746280137
24hr,1065,real,18,0.029880601915219882
24hr,1065,real,19,0.024071404572848648
24hr,1065,real,20,0.024893657774982737
24hr,1065,hmm,1,0.073750347872033
24hr,1065,hmm,2,0.05807774145440549
24hr,1065,hmm,3,0.04614642129252579
24hr,1065,hmm,4,0.03425842174335308
24hr,1065,hmm,5,0.027158216710031897
24hr,1065,hmm,6,0.021863794713583178
24hr,1065,hmm,7,0.01657978905401845
24hr,1065,hmm,8,0.012575496829964524
24hr,1065,hmm,9,0.009708900141522574
24hr,1065,hmm,10,0.006297216326201066
24hr,1065,hmm,11,0.0042847042283933835
24hr,1065,hmm,12,0.0011925317449703928
24hr,1065,hmm,13,0.0013610572165843496
24hr,1065,hmm,14,0.0022984150901468265
24hr,1065,hmm,15,0.0012758498116075348
24hr,1065,hmm,16,-0.0007553628004082129
24hr,1065,hmm,17,-0.0032044413267814575
24hr,1065,hmm,18,-0.001190457938821257
24hr,1065,hmm,19,-0.0018616409018291074
24hr,1065,hmm,20,-0.001660814209438853
24hr,1065,mlddm,1,-0.0008388016073100042
24hr,1065,mlddm,2,-0.001714409637352159
24hr,1065,mlddm,3,-0.0018250815762911987
24hr,1065,mlddm,4,-0.0027632390537346385
24hr,1065,mlddm,5,-0.0020999960091202027
24hr,1065,mlddm,6,-0.0007988008909098971
24hr,1065,mlddm,7,-0.0010631863872052891
24hr,1065,mlddm,8,-0.0024048310400518165
24hr,1065,mlddm,9,8.765420522326663e-5
24hr,1065,mlddm,10,-0.00097351390341586
24hr,1065,mlddm,11,-0.0007942378001402477
24hr,1065,mlddm,12,-0.0019848521838740103
24hr,1065,mlddm,13,-0.0016976333895843399
24hr,1065,mlddm,14,-0.002041954941196984
24hr,1065,mlddm,15,-0.0007300903878854029
24hr,1065,mlddm,16,-0.0019524224271930894
24hr,1065,mlddm,17,-0.0015348731510773771
24hr,1065,mlddm,18,-0.002656391466103843
24hr,1065,mlddm,19,-0.002256344931565487
24hr,1065,mlddm,20,-0.0006867073233966939
24hr,1072,real,1,0.14897849872524255
24hr,1072,real,2,0.12544635672442905
24hr,1072,real,3,0.10318310252238565
24hr,1072,real,4,0.09185714956958645
24hr,1072,real,5,0.0799841793852
24hr,1072,real,6,0.07217546656965183
24hr,1072,real,7,0.0665526284941149
24hr,1072,real,8,0.060479986189634384
24hr,1072,real,9,0.05900441660985425
24hr,1072,real,10,0.05208948892447579
24hr,1072,real,11,0.044342842100957694
24hr,1072,real,12,0.04409765338982553
24hr,1072,real,13,0.04173052036638665
24hr,1072,real,14,0.04142356489327451
24hr,1072,real,15,0.04156083622713931
24hr,1072,real,16,0.03294569245344403
24hr,1072,real,17,0.03775208588161847
24hr,1072,real,18,0.0330852574169384
24hr,1072,real,19,0.04010415231313052
24hr,1072,real,20,0.03527675207614379
24hr,1072,hmm,1,0.15170483988867467
24hr,1072,hmm,2,0.10653724894770744
24hr,1072,hmm,3,0.08685490790921548
24hr,1072,hmm,4,0.07412789076165709
24hr,1072,hmm,5,0.06271755125812233
24hr,1072,hmm,6,0.055567623722048376
24hr,1072,hmm,7,0.052627701121481144
24hr,1072,hmm,8,0.04621383687821075
24hr,1072,hmm,9,0.04283308188538113
24hr,1072,hmm,10,0.03814627210094126
24hr,1072,hmm,11,0.03371972851721044
24hr,1072,hmm,12,0.030282281451252162
24hr,1072,hmm,13,0.028252883737024188
24hr,1072,hmm,14,0.02541577608614203
24hr,1072,hmm,15,0.02411012170188611
24hr,1072,hmm,16,0.020604951143577764
24hr,1072,hmm,17,0.01868897887984103
24hr,1072,hmm,18,0.018496477548793973
24hr,1072,hmm,19,0.0163939946635391
24hr,1072,hmm,20,0.01458600148072652
24hr,1072,mlddm,1,-0.002333021321431928
24hr,1072,mlddm,2,-0.0032065337021905268
24hr,1072,mlddm,3,-0.0006732004977937382
24hr,1072,mlddm,4,-0.0019378044202528542
24hr,1072,mlddm,5,-0.0004819682677124253
24hr,1072,mlddm,6,-0.0021580513091472827
24hr,1072,mlddm,7,-0.000606200313892691
24hr,1072,mlddm,8,-0.0017424923286741092
24hr,1072,mlddm,9,-0.004422027323692955
24hr,1072,mlddm,10,-0.001865896277214361
24hr,1072,mlddm,11,-0.0018780354348934291
24hr,1072,mlddm,12,-0.0014434003072781353
24hr,1072,mlddm,13,-0.0028917129419833904
24hr,1072,mlddm,14,-0.003707501689152997
24hr,1072,mlddm,15,-0.0036349500529364344
24hr,1072,mlddm,16,-0.0005066850057400235
24hr,1072,mlddm,17,-0.0006098949650934799
24hr,1072,mlddm,18,-0.00022572854651999903
24hr,1072,mlddm,19,-0.001114465704717117
24hr,1072,mlddm,20,-0.0017631272898388194
24hr,Denna,real,1,0.04315051403322022
24hr,Denna,real,2,0.03558220136854921
24hr,Denna,real,3,0.02763826734412409
24hr,Denna,real,4,0.014239423286019418
24hr,Denna,real,5,0.023658363537152467
24hr,Denna,real,6,0.023442318362182125
24hr,Denna,real,7,0.021318946792756234
24hr,Denna,real,8,0.023012531552205846
24hr,Denna,real,9,0.023438826132304726
24hr,Denna,real,10,0.011280305372892907
24hr,Denna,real,11,0.030541634348962156
24hr,Denna,real,12,0.01373432151571051
24hr,Denna,real,13,0.0027658153514472745
24hr,Denna,real,14,0.00519063881018379
24hr,Denna,real,15,0.03705603265436991
24hr,Denna,real,16,0.024197438637248755
24hr,Denna,real,17,0.02004928710953448
24hr,Denna,real,18,0.021113915384531327
24hr,Denna,real,19,0.03051891924521829
24hr,Denna,real,20,0.002117161646921568
24hr,Denna,hmm,1,0.08541091771535601
24hr,Denna,hmm,2,0.06790810069995246
24hr,Denna,hmm,3,0.04434838610259551
24hr,Denna,hmm,4,0.038483807678581776
24hr,Denna,hmm,5,0.04089735323907959
24hr,Denna,hmm,6,0.033251798183460544
24hr,Denna,hmm,7,0.03065980835411214
24hr,Denna,hmm,8,0.028539359274786534
24hr,Denna,hmm,9,0.03267483355330476
24hr,Denna,hmm,10,0.02484988389349597
24hr,Denna,hmm,11,0.023949498991595295
24hr,Denna,hmm,12,0.025831987715720983
24hr,Denna,hmm,13,0.02277219160427444
24hr,Denna,hmm,14,0.01828457769734674
24hr,Denna,hmm,15,0.0244453556886967
24hr,Denna,hmm,16,0.02831906389393814
24hr,Denna,hmm,17,0.023009601550033124
24hr,Denna,hmm,18,0.023562854084519892
24hr,Denna,hmm,19,0.01776399865460908
24hr,Denna,hmm,20,0.022416366920723307
24hr,Denna,mlddm,1,0.0005781429493514871
24hr,Denna,mlddm,2,-0.00264187733015501
24hr,Denna,mlddm,3,-0.000372237220291841
24hr,Denna,mlddm,4,0.0007585845151613275
24hr,Denna,mlddm,5,-0.0034120815791138038
24hr,Denna,mlddm,6,-0.0010218054378650285
24hr,Denna,mlddm,7,0.004200974616998782
24hr,Denna,mlddm,8,0.0002615492941537937
24hr,Denna,mlddm,9,-0.0033314218134166294
24hr,Denna,mlddm,10,-0.002647843862990336
24hr,Denna,mlddm,11,-0.00384890981587441
24hr,Denna,mlddm,12,-0.0023263702130772597
24hr,Denna,mlddm,13,-0.007104978265099364
24hr,Denna,mlddm,14,-0.0006396763043134331
24hr,Denna,mlddm,15,-0.0019544664181842574
24hr,Denna,mlddm,16,-0.0009335572011048541
24hr,Denna,mlddm,17,-0.0014908505913147625
24hr,Denna,mlddm,18,-0.007220868125269893
24hr,Denna,mlddm,19,0.004992127413192551
24hr,Denna,mlddm,20,0.0021724543784535357
24hr,Dopey,real,1,0.08388152653893409
24hr,Dopey,real,2,0.08805316553914266
24hr,Dopey,real,3,0.07574257430725752
24hr,Dopey,real,4,0.07622845898704175
24hr,Dopey,real,5,0.051629468399336166
24hr,Dopey,real,6,0.060594857072984384
24hr,Dopey,real,7,0.052937403860399
24hr,Dopey,real,8,0.06830109619514174
24hr,Dopey,real,9,0.037083908386486175
24hr,Dopey,real,10,0.03615995142391301
24hr,Dopey,real,11,0.0354693222616322
24hr,Dopey,real,12,0.05061039439298962
24hr,Dopey,real,13,0.02255067973196464
24hr,Dopey,real,14,0.021535929727716674
24hr,Dopey,real,15,0.033542258405732155
24hr,Dopey,real,16,0.028011005225349543
24hr,Dopey,real,17,0.023051690923979212
24hr,Dopey,real,18,0.010497671363678858
24hr,Dopey,real,19,0.012110378032346145
24hr,Dopey,real,20,0.016796960565459703
24hr,Dopey,hmm,1,0.10074067607313257
24hr,Dopey,hmm,2,0.07450413031090135
24hr,Dopey,hmm,3,0.05919827778842666
24hr,Dopey,hmm,4,0.04790343205526666
24hr,Dopey,hmm,5,0.037380127621704826
24hr,Dopey,hmm,6,0.028630342170013902
24hr,Dopey,hmm,7,0.025551744372739014
24hr,Dopey,hmm,8,0.025604579539452665
24hr,Dopey,hmm,9,0.019959967970436244
24hr,Dopey,hmm,10,0.013925057809955945
24hr,Dopey,hmm,11,0.0189602528036117
24hr,Dopey,hmm,12,0.013460332600272459
24hr,Dopey,hmm,13,0.015607397760242336
24hr,Dopey,hmm,14,0.012064993498423802
24hr,Dopey,hmm,15,0.013148575369961595
24hr,Dopey,hmm,16,0.013537958078607934
24hr,Dopey,hmm,17,0.006692208469395565
24hr,Dopey,hmm,18,0.013537540746194062
24hr,Dopey,hmm,19,0.00973566007020799
24hr,Dopey,hmm,20,0.005680717373416083
24hr,Dopey,mlddm,1,0.0004777219036381888
24hr,Dopey,mlddm,2,-0.0018809836248461023
24hr,Dopey,mlddm,3,0.0013214322441490946
24hr,Dopey,mlddm,4,0.00476102047377214
24hr,Dopey,mlddm,5,-1.3962288953091404e-5
24hr,Dopey,mlddm,6,-0.0012561780853890443
24hr,Dopey,mlddm,7,-0.0006679150222746525
24hr,Dopey,mlddm,8,-0.0033070993005568936
24hr,Dopey,mlddm,9,-0.001521439453731633
24hr,Dopey,mlddm,10,-0.0037593101673549767
24hr,Dopey,mlddm,11,0.00028139055463828383
24hr,Dopey,mlddm,12,-0.0017500916309327267
24hr,Dopey,mlddm,13,-0.000346111816690899
24hr,Dopey,mlddm,14,0.0009418051185380022
24hr,Dopey,mlddm,15,-0.0005763739819996621
24hr,Dopey,mlddm,16,-0.0008603441527932028
24hr,Dopey,mlddm,17,-0.0009271718471793637
24hr,Dopey,mlddm,18,-0.0034228875382372502
24hr,Dopey,mlddm,19,-0.0016597266466856267
24hr,Dopey,mlddm,20,-0.0017950940908172193
24hr,Draco,real,1,0.06766160876025724
24hr,Draco,real,2,0.0682975596220218
24hr,Draco,real,3,0.045547990036590394
24hr,Draco,real,4,0.05157553312824796
24hr,Draco,real,5,0.05693480334016311
24hr,Draco,real,6,0.06408294357440684
24hr,Draco,real,7,0.05512931438187933
24hr,Draco,real,8,0.04169736912822405
24hr,Draco,real,9,0.03210847362381487
24hr,Draco,real,10,0.06284568655532895
24hr,Draco,real,11,0.04230890749228669
24hr,Draco,real,12,0.040949710679190655
24hr,Draco,real,13,0.027805194782601926
24hr,Draco,real,14,0.04985912571717749
24hr,Draco,real,15,0.05801879729526664
24hr,Draco,real,16,0.033316430863435165
24hr,Draco,real,17,0.035648673266647966
24hr,Draco,real,18,0.0447356998171088
24hr,Draco,real,19,0.019897196394479608
24hr,Draco,real,20,0.018152556665013996
24hr,Draco,hmm,1,0.04759875496423901
24hr,Draco,hmm,2,0.025405006522042882
24hr,Draco,hmm,3,0.019267719450124992
24hr,Draco,hmm,4,0.015575128734677385
24hr,Draco,hmm,5,0.015764775829698062
24hr,Draco,hmm,6,0.012767008919177564
24hr,Draco,hmm,7,0.012478620085390899
24hr,Draco,hmm,8,0.005555948625050705
24hr,Draco,hmm,9,0.010216027122554426
24hr,Draco,hmm,10,0.00945585208421428
24hr,Draco,hmm,11,0.007205442089447477
24hr,Draco,hmm,12,0.005856862790392855
24hr,Draco,hmm,13,0.002760842878405179
24hr,Draco,hmm,14,0.0038562837205921388
24hr,Draco,hmm,15,-0.00018794764877101146
24hr,Draco,hmm,16,0.0005387153207125
24hr,Draco,hmm,17,0.0020774979532017833
24hr,Draco,hmm,18,0.0053001586111965605
24hr,Draco,hmm,19,0.005571549758050059
24hr,Draco,hmm,20,-0.00013436304676499138
24hr,Draco,mlddm,1,0.004513547671880483
24hr,Draco,mlddm,2,-0.000992104329710987
24hr,Draco,mlddm,3,-0.003266832118471562
24hr,Draco,mlddm,4,-0.00023230536734714162
24hr,Draco,mlddm,5,0.00029019720818051055
24hr,Draco,mlddm,6,0.0018319805616202212
24hr,Draco,mlddm,7,-0.0009978020880797
24hr,Draco,mlddm,8,-0.0019411159605282318
24hr,Draco,mlddm,9,-0.003198312335783669
24hr,Draco,mlddm,10,-0.0033279589485568284
24hr,Draco,mlddm,11,0.0004723717166343842
24hr,Draco,mlddm,12,-0.0005705921869293198
24hr,Draco,mlddm,13,-0.0030274029188656877
24hr,Draco,mlddm,14,0.0003085760734263244
24hr,Draco,mlddm,15,-0.001695818301183357
24hr,Draco,mlddm,16,-0.0004431395225869015
24hr,Draco,mlddm,17,-0.0016261687348050852
24hr,Draco,mlddm,18,0.0017787019633522469
24hr,Draco,mlddm,19,-0.0033213968311504895
24hr,Draco,mlddm,20,0.0019312327722958073
24hr,Randy,real,1,0.1116839027705712
24hr,Randy,real,2,0.0874433480795211
24hr,Randy,real,3,0.1048597886865221
24hr,Randy,real,4,0.08382367283729837
24hr,Randy,real,5,0.08623200787106829
24hr,Randy,real,6,0.099902918837888
24hr,Randy,real,7,0.06982458028046
24hr,Randy,real,8,0.059111500279365514
24hr,Randy,real,9,0.06967811224778984
24hr,Randy,real,10,0.060112683970965676
24hr,Randy,real,11,0.0645484487042268
24hr,Randy,real,12,0.07501625346151646
24hr,Randy,real,13,0.04697633014984848
24hr,Randy,real,14,0.053023534820965744
24hr,Randy,real,15,0.04582052903247754
24hr,Randy,real,16,0.04021387216429675
24hr,Randy,real,17,0.046550820148522375
24hr,Randy,real,18,0.05488648511931749
24hr,Randy,real,19,0.033177648323234665
24hr,Randy,real,20,0.04477268420064802
24hr,Randy,hmm,1,0.07787865636288685
24hr,Randy,hmm,2,0.07210121755205984
24hr,Randy,hmm,3,0.07581302046076646
24hr,Randy,hmm,4,0.07078754872266327
24hr,Randy,hmm,5,0.0648924071033877
24hr,Randy,hmm,6,0.059244446190021297
24hr,Randy,hmm,7,0.05211916012372151
24hr,Randy,hmm,8,0.058900841926971446
24hr,Randy,hmm,9,0.05681622303151577
24hr,Randy,hmm,10,0.045951914211864356
24hr,Randy,hmm,11,0.04875246046801524
24hr,Randy,hmm,12,0.04164912226596381
24hr,Randy,hmm,13,0.04152472519815887
24hr,Randy,hmm,14,0.0408127656457409
24hr,Randy,hmm,15,0.03450592835603124
24hr,Randy,hmm,16,0.03127891202809234
24hr,Randy,hmm,17,0.036783878249059154
24hr,Randy,hmm,18,0.027230645745457964
24hr,Randy,hmm,19,0.02887969743413194
24hr,Randy,hmm,20,0.029399443940648334
24hr,Randy,mlddm,1,-0.002157436789752758
24hr,Randy,mlddm,2,-0.0013429729589657033
24hr,Randy,mlddm,3,-0.00554224257687551
24hr,Randy,mlddm,4,0.0009117961410429439
24hr,Randy,mlddm,5,-0.005937942827852931
24hr,Randy,mlddm,6,-0.0020937375623694067
24hr,Randy,mlddm,7,-0.0004622680676858738
24hr,Randy,mlddm,8,0.0031484691747281656
24hr,Randy,mlddm,9,-0.004032988901362272
24hr,Randy,mlddm,10,0.0014632573046115655
24hr,Randy,mlddm,11,-0.004224036200464314
24hr,Randy,mlddm,12,0.0003925931997058103
24hr,Randy,mlddm,13,0.0012070343713984537
24hr,Randy,mlddm,14,-0.000869308265450822
24hr,Randy,mlddm,15,-0.0013917122962958425
24hr,Randy,mlddm,16,-0.004397380478698443
24hr,Randy,mlddm,17,0.0066653287795063005
24hr,Randy,mlddm,18,-0.0005578405899957947
24hr,Randy,mlddm,19,-0.0008544129253870821
24hr,Randy,mlddm,20,-0.0020086990380651917
24hr,Remy,real,1,0.19625342265992493
24hr,Remy,real,2,0.1941910088783555
24hr,Remy,real,3,0.1845415144533764
24hr,Remy,real,4,0.1780004578609565
24hr,Remy,real,5,0.1714657715733468
24hr,Remy,real,6,0.1653263245478661
24hr,Remy,real,7,0.16892694995881236
24hr,Remy,real,8,0.165813810790211
24hr,Remy,real,9,0.16651572879189527
24hr,Remy,real,10,0.1669010389814509
24hr,Remy,real,11,0.14484907876461786
24hr,Remy,real,12,0.1558607018713338
24hr,Remy,real,13,0.14170479041594525
24hr,Remy,real,14,0.15419644704477806
24hr,Remy,real,15,0.15591736947506868
24hr,Remy,real,16,0.15135436759197615
24hr,Remy,real,17,0.14194702697110279
24hr,Remy,real,18,0.14121675364955055
24hr,Remy,real,19,0.14399450968119065
24hr,Remy,real,20,0.14180784866629254
24hr,Remy,hmm,1,0.21468952816884332
24hr,Remy,hmm,2,0.19179368245911013
24hr,Remy,hmm,3,0.17878866339451557
24hr,Remy,hmm,4,0.16546522525423907
24hr,Remy,hmm,5,0.1545593804006117
24hr,Remy,hmm,6,0.14505995284096626
24hr,Remy,hmm,7,0.1380942738380066
24hr,Remy,hmm,8,0.13134620460964136
24hr,Remy,hmm,9,0.12444085652984163
24hr,Remy,hmm,10,0.11969369681380977
24hr,Remy,hmm,11,0.11409762786659275
24hr,Remy,hmm,12,0.10941661313175075
24hr,Remy,hmm,13,0.10266895044717599
24hr,Remy,hmm,14,0.10235431520967056
24hr,Remy,hmm,15,0.09613268023681873
24hr,Remy,hmm,16,0.09166874339797113
24hr,Remy,hmm,17,0.08775381178617463
24hr,Remy,hmm,18,0.0882283845686163
24hr,Remy,hmm,19,0.08019155336337477
24hr,Remy,hmm,20,0.07909380254312079
24hr,Remy,mlddm,1,0.0005037446171745851
24hr,Remy,mlddm,2,0.00017532581272080991
24hr,Remy,mlddm,3,0.000312910962872365
24hr,Remy,mlddm,4,0.0011756594178221314
24hr,Remy,mlddm,5,-0.000919104422909835
24hr,Remy,mlddm,6,-0.0007125771112810465
24hr,Remy,mlddm,7,0.0007191086628621024
24hr,Remy,mlddm,8,-0.0006226225366145723
24hr,Remy,mlddm,9,-6.55867071411116e-5
24hr,Remy,mlddm,10,-0.0011783413607756252
24hr,Remy,mlddm,11,-0.0002592068147330677
24hr,Remy,mlddm,12,-0.00039404007352274086
24hr,Remy,mlddm,13,-0.0002583377528094109
24hr,Remy,mlddm,14,-0.0018359336721394718
24hr,Remy,mlddm,15,0.001405640774535375
24hr,Remy,mlddm,16,-0.00038306044733782635
24hr,Remy,mlddm,17,-0.00371345011333806
24hr,Remy,mlddm,18,-0.0012969043811889343
24hr,Remy,mlddm,19,-0.0018625072367421413
24hr,Remy,mlddm,20,-8.112440965943256e-5
24hr,Rhea,real,1,0.13609349406244214
24hr,Rhea,real,2,0.12261316839262504
24hr,Rhea,real,3,0.1091138055568847
24hr,Rhea,real,4,0.10596880153849572
24hr,Rhea,real,5,0.08806902473434627
24hr,Rhea,real,6,0.08000853398404359
24hr,Rhea,real,7,0.07520259658222142
24hr,Rhea,real,8,0.08363363880900114
24hr,Rhea,real,9,0.06320356023735778
24hr,Rhea,real,10,0.0716088100843239
24hr,Rhea,real,11,0.06277560206149581
24hr,Rhea,real,12,0.05692418409948413
24hr,Rhea,real,13,0.05561131767237491
24hr,Rhea,real,14,0.05906202418489694
24hr,Rhea,real,15,0.034751969470432104
24hr,Rhea,real,16,0.03264240931768196
24hr,Rhea,real,17,0.05610085316407302
24hr,Rhea,real,18,0.037803239557408067
24hr,Rhea,real,19,0.036005872873017104
24hr,Rhea,real,20,0.0354796671813377
24hr,Rhea,hmm,1,0.09264688033003363
24hr,Rhea,hmm,2,0.06356749545992715
24hr,Rhea,hmm,3,0.052430417433206214
24hr,Rhea,hmm,4,0.03608400139999101
24hr,Rhea,hmm,5,0.02713383749469156
24hr,Rhea,hmm,6,0.022145324244614233
24hr,Rhea,hmm,7,0.02032128160631235
24hr,Rhea,hmm,8,0.013856847540717993
24hr,Rhea,hmm,9,0.012497262700466735
24hr,Rhea,hmm,10,0.010921637480317672
24hr,Rhea,hmm,11,0.010689708128803769
24hr,Rhea,hmm,12,0.005905820918101722
24hr,Rhea,hmm,13,0.006655790812906131
24hr,Rhea,hmm,14,0.004081602087385462
24hr,Rhea,hmm,15,0.0033208874970356143
24hr,Rhea,hmm,16,0.0026975641539501035
24hr,Rhea,hmm,17,0.0012838639467480893
24hr,Rhea,hmm,18,0.0009941679734082605
24hr,Rhea,hmm,19,0.0017028198886817468
24hr,Rhea,hmm,20,0.0015328912055275641
24hr,Rhea,mlddm,1,-0.002646954049516141
24hr,Rhea,mlddm,2,0.00044225701650731834
24hr,Rhea,mlddm,3,-0.0016335850246514175
24hr,Rhea,mlddm,4,-0.0028431929642292685
24hr,Rhea,mlddm,5,-0.00048716390223311806
24hr,Rhea,mlddm,6,0.0020585648925011313
24hr,Rhea,mlddm,7,3.502216115507037e-5
24hr,Rhea,mlddm,8,-0.001694365214922716
24hr,Rhea,mlddm,9,-0.000341376470138872
24hr,Rhea,mlddm,10,-0.0013708108594920328
24hr,Rhea,mlddm,11,-0.0019942861365275137
24hr,Rhea,mlddm,12,-0.003709149213282783
24hr,Rhea,mlddm,13,-0.00175972746200558
24hr,Rhea,mlddm,14,-0.0016233566683119681
24hr,Rhea,mlddm,15,0.0007707629822674934
24hr,Rhea,mlddm,16,-0.0014494415047140179
24hr,Rhea,mlddm,17,-0.0008805331190148566
24hr,Rhea,mlddm,18,0.0011638755681972815
24hr,Rhea,mlddm,19,-0.001456050392497657
24hr,Rhea,mlddm,20,-0.0019497653674316745
24hr,Robert,real,1,0.18879484969578236
24hr,Robert,real,2,0.1561194988346374
24hr,Robert,real,3,0.1237355524941733
24hr,Robert,real,4,0.15181072932936684
24hr,Robert,real,5,0.12449609979206591
24hr,Robert,real,6,0.13524328451696147
24hr,Robert,real,7,0.11911992981146624
24hr,Robert,real,8,0.11286269146213254
24hr,Robert,real,9,0.11029350657987805
24hr,Robert,real,10,0.10131534615096827
24hr,Robert,real,11,0.10818265808561252
24hr,Robert,real,12,0.10799390089661216
24hr,Robert,real,13,0.10416444171116787
24hr,Robert,real,14,0.0900885284992294
24hr,Robert,real,15,0.10149412234767645
24hr,Robert,real,16,0.09477781378834292
24hr,Robert,real,17,0.09303712901048188
24hr,Robert,real,18,0.0888097132697448
24hr,Robert,real,19,0.09199475083694655
24hr,Robert,real,20,0.09625826921369014
24hr,Robert,hmm,1,0.15350328343490802
24hr,Robert,hmm,2,0.14274676848900353
24hr,Robert,hmm,3,0.1324761688297577
24hr,Robert,hmm,4,0.12702725376041357
24hr,Robert,hmm,5,0.12132832626726278
24hr,Robert,hmm,6,0.1134583692851074
24hr,Robert,hmm,7,0.10847162822900487
24hr,Robert,hmm,8,0.09809552737370239
24hr,Robert,hmm,9,0.0926167110186944
24hr,Robert,hmm,10,0.08986508132769047
24hr,Robert,hmm,11,0.0846476604549886
24hr,Robert,hmm,12,0.08514942421595545
24hr,Robert,hmm,13,0.07695018093036247
24hr,Robert,hmm,14,0.07479928273674315
24hr,Robert,hmm,15,0.07098066031596363
24hr,Robert,hmm,16,0.06433389703636602
24hr,Robert,hmm,17,0.06140680399388439
24hr,Robert,hmm,18,0.060182578122652076
24hr,Robert,hmm,19,0.05415558656764148
24hr,Robert,hmm,20,0.0543894463688356
24hr,Robert,mlddm,1,-0.0004566322352836107
24hr,Robert,mlddm,2,-0.0023387447241043848
24hr,Robert,mlddm,3,-0.002140150973072926
24hr,Robert,mlddm,4,-0.003407935306092632
24hr,Robert,mlddm,5,-0.003843173827927269
24hr,Robert,mlddm,6,-0.00040376363409064557
24hr,Robert,mlddm,7,-0.004509390863062278
24hr,Robert,mlddm,8,8.045069705823983e-6
24hr,Robert,mlddm,9,-0.0017583950425336884
24hr,Robert,mlddm,10,0.0009589922706628826
24hr,Robert,mlddm,11,-0.0013841176057802279
24hr,Robert,mlddm,12,-9.52418999254699e-7
24hr,Robert,mlddm,13,-0.0010247951256427694
24hr,Robert,mlddm,14,0.0006056861565230926
24hr,Robert,mlddm,15,-0.0005603364187058634
24hr,Robert,mlddm,16,-8.283877883802429e-5
24hr,Robert,mlddm,17,2.9184076146771835e-5
24hr,Robert,mlddm,18,-0.002379610520938381
24hr,Robert,mlddm,19,0.002543146153182471
24hr,Robert,mlddm,20,-0.0033560935242855985
24hr,Ron,real,1,0.14665030125865194
24hr,Ron,real,2,0.085309962038891
24hr,Ron,real,3,0.061685660635601915
24hr,Ron,real,4,0.058932724379097745
24hr,Ron,real,5,0.08748424951442484
24hr,Ron,real,6,0.06697069298721073
24hr,Ron,real,7,0.05761024285066473
24hr,Ron,real,8,0.04857193615040842
24hr,Ron,real,9,0.05835207291965975
24hr,Ron,real,10,0.04545299845325728
24hr,Ron,real,11,0.05254375047899953
24hr,Ron,real,12,0.04254496918272036
24hr,Ron,real,13,0.01996148394316747
24hr,Ron,real,14,0.020785879247752423
24hr,Ron,real,15,0.026475065466742453
24hr,Ron,real,16,0.012465520740150926
24hr,Ron,real,17,0.028094622782694305
24hr,Ron,real,18,0.0462069838375892
24hr,Ron,real,19,0.029991920017819716
24hr,Ron,real,20,0.024273460671748435
24hr,Ron,hmm,1,0.1429111488118327
24hr,Ron,hmm,2,0.11776238284217022
24hr,Ron,hmm,3,0.10515627519254153
24hr,Ron,hmm,4,0.09450091320060222
24hr,Ron,hmm,5,0.09313307036537782
24hr,Ron,hmm,6,0.09061707845465154
24hr,Ron,hmm,7,0.07425873727243999
24hr,Ron,hmm,8,0.07478215574743251
24hr,Ron,hmm,9,0.06990955401655854
24hr,Ron,hmm,10,0.07345460472747366
24hr,Ron,hmm,11,0.06601671015629332
24hr,Ron,hmm,12,0.06108722416623004
24hr,Ron,hmm,13,0.05714160309162327
24hr,Ron,hmm,14,0.057105168010210816
24hr,Ron,hmm,15,0.04357728612348249
24hr,Ron,hmm,16,0.04442147223985661
24hr,Ron,hmm,17,0.040258535003641294
24hr,Ron,hmm,18,0.03376684326544359
24hr,Ron,hmm,19,0.03537090170283622
24hr,Ron,hmm,20,0.03188954474900235
24hr,Ron,mlddm,1,-0.005008142991578209
24hr,Ron,mlddm,2,-0.0019812428047010977
24hr,Ron,mlddm,3,-0.002776404062604455
24hr,Ron,mlddm,4,0.0014573092183390527
24hr,Ron,mlddm,5,0.005438945776512741
24hr,Ron,mlddm,6,-0.0057442895818106705
24hr,Ron,mlddm,7,0.002162135895832837
24hr,Ron,mlddm,8,-0.0007905371372652088
24hr,Ron,mlddm,9,-0.0050464879288944905
24hr,Ron,mlddm,10,-0.0031214189154817177
24hr,Ron,mlddm,11,-0.005419083562902347
24hr,Ron,mlddm,12,-0.0007648382924114683
24hr,Ron,mlddm,13,0.0028593733781066616
24hr,Ron,mlddm,14,0.0019052697007698259
24hr,Ron,mlddm,15,-0.004214944598856549
24hr,Ron,mlddm,16,0.004466653464359941
24hr,Ron,mlddm,17,0.0019922624686898086
24hr,Ron,mlddm,18,-0.007735253708105479
24hr,Ron,mlddm,19,0.0019001563392868916
24hr,Ron,mlddm,20,-0.0032923159572527715
24hr,Rudy,real,1,0.2164313268881804
24hr,Rudy,real,2,0.18599377192037814
24hr,Rudy,real,3,0.16775453581574334
24hr,Rudy,real,4,0.1761733873372487
24hr,Rudy,real,5,0.16283970633481504
24hr,Rudy,real,6,0.15909905310044908
24hr,Rudy,real,7,0.15407019098039626
24hr,Rudy,real,8,0.14033847207096514
24hr,Rudy,real,9,0.1364827146630628
24hr,Rudy,real,10,0.1267293803553221
24hr,Rudy,real,11,0.13726851911310928
24hr,Rudy,real,12,0.14925880341922054
24hr,Rudy,real,13,0.1351938818195028
24hr,Rudy,real,14,0.11550918497907381
24hr,Rudy,real,15,0.1164584706952669
24hr,Rudy,real,16,0.13197225102775031
24hr,Rudy,real,17,0.12990232730993262
24hr,Rudy,real,18,0.11866331562957289
24hr,Rudy,real,19,0.11461964351931933
24hr,Rudy,real,20,0.12014084618653662
24hr,Rudy,hmm,1,0.16206603358166885
24hr,Rudy,hmm,2,0.15416009467708136
24hr,Rudy,hmm,3,0.1438441093836444
24hr,Rudy,hmm,4,0.13618945143303957
24hr,Rudy,hmm,5,0.1256852071012303
24hr,Rudy,hmm,6,0.11750787350182405
24hr,Rudy,hmm,7,0.11268788530780852
24hr,Rudy,hmm,8,0.10564135422146743
24hr,Rudy,hmm,9,0.10119939057316454
24hr,Rudy,hmm,10,0.09641710713735077
24hr,Rudy,hmm,11,0.09290528142742512
24hr,Rudy,hmm,12,0.08856280829787935
24hr,Rudy,hmm,13,0.08264743765692055
24hr,Rudy,hmm,14,0.08074079415382963
24hr,Rudy,hmm,15,0.07499191042757261
24hr,Rudy,hmm,16,0.07540515523064863
24hr,Rudy,hmm,17,0.07021459108417014
24hr,Rudy,hmm,18,0.06686649444731928
24hr,Rudy,hmm,19,0.061526281701961026
24hr,Rudy,hmm,20,0.06334802078310901
24hr,Rudy,mlddm,1,-0.005214824919348227
24hr,Rudy,mlddm,2,0.0017713834626952563
24hr,Rudy,mlddm,3,-0.0019828690964118784
24hr,Rudy,mlddm,4,0.0022216458704542915
24hr,Rudy,mlddm,5,-0.0003421202077247749
24hr,Rudy,mlddm,6,-0.002248671975507679
24hr,Rudy,mlddm,7,0.0020183221333635224
24hr,Rudy,mlddm,8,0.002331545148746654
24hr,Rudy,mlddm,9,-0.0001500647545224037
24hr,Rudy,mlddm,10,-0.00024118819793896487
24hr,Rudy,mlddm,11,-0.001747077076730063
24hr,Rudy,mlddm,12,0.0001184475489548177
24hr,Rudy,mlddm,13,0.0008890081076106266
24hr,Rudy,mlddm,14,-0.0005760941739829752
24hr,Rudy,mlddm,15,-0.0007560001921165884
24hr,Rudy,mlddm,16,0.0012999182498106708
24hr,Rudy,mlddm,17,0.00028589999233387235
24hr,Rudy,mlddm,18,-0.0017184725339772333
24hr,Rudy,mlddm,19,0.0023786582040478685
24hr,Rudy,mlddm,20,-0.00039351121918147146
