rat,session,n_trials,n_train,n_test,ddm,session_ddm,session_ddm_tau,hmm
1029,1,194,155,39,-53.878543594136005,-40.488514079814564,-44.307633372333555,-47.34124135927479
1029,2,340,272,68,-83.37282802192246,-73.84191973187866,-81.0750561324457,-69.60247368864
1029,3,172,137,35,-35.45446669666319,-26.052593184833356,-31.744960200157486,-35.642081474915244
1029,4,371,296,75,-82.3552316181642,-82.11140059804343,-83.89491754701505,-65.29847307779733
1029,5,179,143,36,-42.945235261520935,-33.18182878420375,-41.00915989818278,-31.980004017648028
1029,6,186,148,38,-57.248115252644574,-46.89509914046672,-50.380594139663984,-48.18533824474437
1029,7,398,318,80,-164.34402153165863,-126.96142337853432,-130.78219622584854,-149.23854278444338
1029,8,220,176,44,-77.19816843767917,-64.67529099401084,-66.71598439213629,-66.03639218647152
1029,9,201,160,41,-58.61166914579077,-156.4691936627963,-83.96500153270875,-61.13257819877953
1029,10,371,296,75,-92.29942251371071,-78.47979671302684,-87.37683457862857,-78.40890278571158
1029,11,457,365,92,-96.39710996850748,-71.01854673052559,-88.14650795474336,-86.88930594147394
1029,12,235,188,47,-50.52915966410644,-43.53416209339543,-49.98158579164863,-44.42740001001667
1029,13,445,356,89,-151.12815968137335,-124.95666864899763,-127.5587761149504,-140.22790985500973
1029,14,141,112,29,-24.80626597034702,-40.90307105120628,-31.2117948806844,-22.680929600044635
1029,15,101,80,21,-28.32525638096311,-28.754629308369083,-27.248718514834174,-25.313183838135878
1029,16,164,131,33,-30.834132940986613,-26.23938958420054,-30.636804262435014,-26.250581458342452
1029,17,403,322,81,-72.08445409504604,-101.78529283732907,-79.30889692287377,-57.629445650022745
1029,18,364,291,73,-64.62158128254039,-147.6191859591731,-72.7564430002762,-51.583581381167505
1029,19,326,260,66,-74.80161043526606,-59.035333392292095,-73.81423914136082,-61.11666096973329
1029,20,170,136,34,-25.203410085184718,-52.16312179851332,-28.34356002119661,-17.416386615440288
1029,21,221,176,45,-53.3688687789215,-56.28646144764292,-55.692815507995654,-43.59865263311788
1029,22,316,252,64,-41.77370900576568,-42.09757641171652,-42.462475291723365,-29.798294953300513
1029,23,247,197,50,-45.926605011957214,-49.45982876990804,-49.60201687776088,-41.62455741510652
1029,24,242,193,49,-47.53528666951342,-49.19697494626431,-51.39895616949561,-37.58390992193807
1029,25,221,176,45,-26.017937690042572,-68.1509126819955,-26.470096880269335,-16.97482904638747
1029,26,174,139,35,-25.69946892347567,-20.944841412244486,-23.07097108057015,-19.005168148424247
1029,27,281,224,57,-50.68690265292226,-51.902988817731945,-53.17011070340266,-41.60305460276271
1029,28,263,210,53,-36.774406747911414,-30.446347946589604,-36.738019895265964,-30.558621764914164
1029,29,283,226,57,-50.704421714768046,-45.6198855900013,-51.92545051510592,-37.12666112395786
1029,30,401,320,81,-57.48712253265397,-49.707592738011016,-57.401538326265204,-37.9018539783213
1029,31,368,294,74,-56.702752158907884,-51.24363794565099,-57.100525632044636,-46.50968214560959
1029,32,357,285,72,-49.45749301405287,-42.98604030004384,-48.890763295108165,-38.02927971468614
1029,33,329,263,66,-56.42486838252714,-76.44370171034346,-55.88771996298182,-38.1183055512147
1029,34,248,198,50,-32.98762901222894,-58.533990813155924,-35.37119761263031,-18.477077526899023
1029,35,403,322,81,-88.11154236928282,-84.92112269132379,-88.51609508055385,-68.02448336078803
1029,36,473,378,95,-101.79089370543083,-95.92365996269396,-97.15710534402993,-74.20002493910272
1029,37,408,326,82,-60.41416299701376,-55.19783105169489,-60.80099723934206,-46.43952154446205
1029,38,398,318,80,-75.16121199247016,-78.25894626776198,-78.37888579009542,-56.200944157237785
1029,39,251,200,51,-46.98252963739453,-54.13839532970814,-54.2294545787203,-27.250095118769025
1029,40,172,137,35,-25.489665452568477,-23.79566885046485,-27.562691739841252,-24.82567881954064
1029,41,282,225,57,-28.10129883023203,-21.888623490560793,-25.551245744834585,-20.119453353900525
1029,42,312,249,63,-44.8549552117189,-77.75285021994833,-49.649911889041505,-26.973184021337772
1029,43,324,259,65,-67.24148947862626,-79.79891031794205,-79.17295907763476,-45.96299100268588
1029,44,228,182,46,-28.969378399362885,-24.847775295614337,-28.83831882190881,-24.204360014163782
1029,45,294,235,59,-42.698747012573435,-44.56419895440756,-46.90393209382254,-31.46779858089843
1029,46,229,183,46,-27.68087648840043,-22.3592762936974,-29.489472175292402,-23.416591019236847
1029,47,328,262,66,-61.52695683420166,-56.83813825380961,-62.47346486897526,-44.651154618152816
1029,48,783,626,157,-189.86017242657698,-179.18266412967105,-179.90634577302507,-154.7195527205222
1029,49,332,265,67,-69.79274883827358,-66.0022283094142,-67.93760994768759,-55.71965972407463
1029,50,228,182,46,-41.90045832423915,-42.60016126729041,-44.41556212350715,-42.26434459029143
1029,51,376,300,76,-69.70881505544627,-63.19057520587752,-69.44396386008736,-46.47059245182814
1029,52,136,108,28,-25.230595005221275,-23.496309053344305,-26.47873808435787,-22.554134896186916
1029,53,289,231,58,-38.22575174202036,-35.8519061654721,-35.06157470981044,-21.391014561411367
1029,54,221,176,45,-45.58513652429722,-40.94770087545268,-45.34887379253056,-37.47100034379791
1029,55,583,466,117,-48.7954364557762,-33.73828564383708,-42.04121125231259,-43.3963595011092
1029,56,454,363,91,-90.47541557433715,-96.46996953821936,-96.55207277687352,-77.47236179410743
1029,57,478,382,96,-75.8285585606058,-82.25869122560178,-85.05918204852038,-59.37534113538237
1029,58,318,254,64,-67.19190698444064,-70.95124136193931,-70.9865506164911,-54.87314800351754
1029,59,251,200,51,-90.88956815682963,-93.93045938937863,-92.1543243562276,-58.24781370333304
1029,60,294,235,59,-54.87052276802093,-91.71595373079866,-55.184032909076045,-39.583879876965995
1029,61,295,236,59,-40.23907604534013,-42.50183425678908,-39.222458091252186,-27.204547288762313
1029,62,344,275,69,-43.15190424525988,-40.04041430283131,-41.862239025576294,-33.06174133777509
1029,63,382,305,77,-80.85319212199323,-85.6225311007951,-83.29165417520024,-62.79265871140947
1029,64,554,443,111,-59.11471070230997,-59.90108768450506,-59.2976303515676,-27.054903146129618
1029,65,309,247,62,-76.87029394453735,-79.00564340560197,-78.70212228983266,-72.93861441154954
1029,66,358,286,72,-39.64138864693231,-41.85264414006874,-37.20019569259141,-25.488775518856187
1029,67,403,322,81,-96.69635198520079,-95.02353112749464,-94.67725116714071,-83.31719990505997
1029,68,326,260,66,-92.27988848235341,-91.4447834455618,-89.32504550233506,-69.61553017343826
1029,69,471,376,95,-85.97373695395457,-82.50783827539831,-83.09364299627885,-84.1922602137667
1029,70,478,382,96,-79.19327114999119,-82.65583234636753,-83.139673419301,-68.65535993466548
1029,71,714,571,143,-165.72098800821013,-99.57928060539234,-145.57936129600805,-115.67273154004175
1029,72,208,166,42,-36.91223913689483,-38.43635031316586,-38.15797670324272,-28.47653630514702
1029,73,205,164,41,-52.42659781349718,-129.20134780087142,-35.78749201708339,-16.388990819443663
1029,74,151,120,31,-25.808829463216227,-26.21428284816198,-27.390300353078754,-23.730829597991068
1029,75,443,354,89,-43.688366522716365,-49.61792910926061,-35.82297904029521,-32.031079589181815
1029,76,269,215,54,-41.74622504920006,-35.02524795399511,-40.30882033029843,-30.005777377771622
1029,77,495,396,99,-80.82311348821543,-89.68737666200362,-93.82459048468571,-70.65068760369508
1029,78,478,382,96,-45.58246317327815,-51.40993970240252,-52.55553058781933,-31.929701090780156
1029,79,312,249,63,-72.69347039010434,-72.36670460920261,-73.8859332236623,-64.51740138118822
1029,80,514,411,103,-108.28458643543152,-104.10909561277894,-104.57748316435813,-94.44524924435979
1029,81,229,183,46,-70.14348140863606,-73.93744440744341,-70.9077829310321,-72.69939628540405
1029,82,354,283,71,-78.19725860784196,-74.076469087462,-75.16258481104502,-60.900698827045005
1029,83,304,243,61,-53.16085331886545,-48.95830576855632,-53.4553008097771,-37.56897057324261
1029,84,237,189,48,-58.36948121711271,-58.29017783685301,-59.69960020921434,-54.02248837921064
1029,85,318,254,64,-86.0695249437173,-102.62798080244337,-102.39325495423836,-67.32928936683692
1052,1,499,399,100,-100.30545525040078,-84.92853153977546,-94.8600079301789,-90.82748501227468
1052,2,770,616,154,-154.34133949120195,-150.8594254623565,-155.29942976610147,-141.9326245527531
1052,3,585,468,117,-119.25609800938291,-124.1864753869178,-125.15524842548578,-105.21782453254059
1052,4,622,497,125,-102.22612451878966,-100.82880127213973,-101.13333307408635,-88.22523325355417
1052,5,342,273,69,-71.01837951484418,-64.78180282810428,-71.04727986657333,-62.36755039407848
1052,6,125,100,25,-38.101351396250166,-32.5352152971163,-33.99155806092401,-32.79654792798806
1052,7,154,123,31,-39.03462550135211,-53.90463827739488,-47.66947013492754,-37.67870340133746
1052,8,260,208,52,-52.4272103086005,-38.319222690429115,-50.404346024696196,-40.51524179897922
1052,9,208,166,42,-37.97802292234474,-37.64481574324972,-40.337875685949385,-34.50219977413565
1052,10,329,263,66,-168.36934601364564,-122.83856552055614,-122.14802656130725,-148.09676667684664
1052,11,288,230,58,-139.5826525674186,-187.78807795112584,-122.9591089354493,-124.31568898351372
1052,12,386,308,78,-137.85422613575378,-123.28424612336507,-121.16431269633887,-118.08994525524929
1052,13,740,592,148,-164.59830859095234,-160.03639067591067,-160.29258929044443,-146.28153165835374
1052,14,525,420,105,-142.19280578806163,-142.52617937158442,-143.037561603743,-130.79711957662448
1052,15,299,239,60,-109.50841546813771,-88.6443179129522,-94.17200201753386,-97.70621227019797
1052,16,972,777,195,-193.01723867895677,-195.2000530053359,-196.86803496778842,-178.1151257337176
1052,17,1189,951,238,-232.32702302996438,-225.97030269038024,-239.74731480211733,-196.41692329047453
1052,18,667,533,134,-110.45471839779935,-117.20390977463033,-118.36550636581948,-98.41546097342541
1052,19,538,430,108,-90.0448186126574,-95.29595200812747,-91.37908964197239,-80.37778826327116
1052,20,735,588,147,-184.61512153839683,-182.64680295694777,-184.11660568800065,-175.53895313541483
1052,21,820,656,164,-174.89455041891017,-169.46261040786908,-176.41943921630545,-148.25494587625735
1052,22,855,684,171,-160.7867268547985,-146.7393447352234,-157.2294347599055,-147.45860239480442
1052,23,992,793,199,-210.02082312132902,-189.063509945819,-199.33980894662713,-177.98354563471798
1052,24,830,664,166,-174.25546349922152,-166.6510873626593,-175.53785547914958,-161.1143679005893
1052,25,850,680,170,-207.08697143869466,-216.98340126144873,-217.77357609321203,-167.032243456988
1052,26,962,769,193,-192.98567060571662,-203.51645925633105,-200.52429128331872,-173.47806254113618
1052,27,1188,950,238,-200.74159968653692,-186.10888290653617,-200.02667002223316,-176.86709855124695
1052,28,1195,956,239,-223.13993397174718,-237.06200504600517,-221.06624564556077,-202.60169864842248
1052,29,848,678,170,-148.5381967468183,-145.9598403237752,-150.01591268363498,-132.21627716442606
1052,30,1003,802,201,-196.3129175470321,-203.9333357132936,-194.96061207982024,-168.16121075941464
1052,31,1043,834,209,-171.5597960265095,-167.16440494835663,-173.41204586359083,-147.45203535301368
1052,32,735,588,147,-154.9511779320403,-154.0490143409303,-157.2117046146278,-136.46814617389236
1052,33,933,746,187,-174.20330614801307,-178.360387075453,-180.02958498260364,-153.49763600593712
1052,34,1021,816,205,-184.5746676379211,-181.95528694542213,-186.29755640061674,-171.39713726455125
1052,35,624,499,125,-131.51248747031127,-136.47700019980095,-125.21361612834306,-143.16208853142342
1052,36,898,718,180,-196.71483150436148,-190.443690673167,-196.435167622624,-189.09287044249402
1052,37,988,790,198,-212.33009757415397,-200.8237296863918,-212.77881913401103,-191.8719899058625
1052,38,1095,876,219,-208.8253980112163,-204.86333289911764,-209.572431090865,-197.12156243782692
1052,39,991,792,199,-197.44326767454507,-209.7286590072232,-205.51983024253576,-180.4107536605377
1052,40,1093,874,219,-178.62130948747918,-179.941722307817,-170.88174133409288,-156.61798609192385
1052,41,1191,952,239,-237.3176289075694,-240.76804614936194,-240.75594051371792,-223.03273216035745
1052,42,918,734,184,-180.3868938364558,-184.0076339280965,-181.13522805214131,-180.03451519746784
1052,43,863,690,173,-148.3059455211575,-171.30858489917514,-149.7804715267521,-130.69271140376202
1052,44,1186,948,238,-223.240130726743,-222.09961852285878,-223.429040333,-207.7588111065728
1052,45,1018,814,204,-226.62541424150453,-247.35027511764892,-244.6642318283378,-192.21527406998302
1052,46,998,798,200,-207.79837014938127,-223.65083662886607,-223.72623282785676,-198.9602718079708
1052,47,1061,848,213,-222.85976068559435,-228.4869524830001,-229.35562227422258,-203.43429776716903
1052,48,1010,808,202,-172.58736564800296,-165.222850289291,-171.08411040492751,-152.0791175025937
1052,49,1065,852,213,-215.27405741014434,-208.85292050162542,-215.8650709876434,-188.8225387368251
1052,50,768,614,154,-171.80207662465037,-161.19147701080598,-169.35067986061586,-151.26168805470923
1052,51,832,665,167,-168.50980801733144,-184.8184821011747,-172.89112195777935,-155.59266763413711
1052,52,1115,892,223,-243.79731075887548,-229.5317067077692,-240.08307436651808,-217.02621083275312
1052,53,899,719,180,-257.3070644918868,-275.73414094944235,-275.21360868293186,-215.57994429481994
1052,54,869,695,174,-198.92794468172067,-200.65770726066825,-196.53527665261086,-194.20697653092873
1052,55,1075,860,215,-236.0746995838679,-240.4507904452356,-237.54358406094602,-225.55063410085063
1052,56,702,561,141,-137.79185003888307,-169.5205108921466,-136.20812343444217,-126.0349148268279
1052,57,915,732,183,-166.03496378724333,-161.796527554112,-164.65431561045492,-152.28632743109858
1052,58,1219,975,244,-230.94231460391288,-225.70477072169126,-229.02586641436787,-204.25615738319686
1052,59,911,728,183,-263.5194052431161,-255.01760350839263,-254.69311313679145,-229.0138444809205
1052,60,649,519,130,-159.98031228622992,-169.86420987605337,-171.30475192546646,-139.87131928291922
1052,61,712,569,143,-155.78802023084504,-158.95275530776667,-160.04069856090646,-137.16013716409793
1052,62,873,698,175,-189.28830924543334,-195.16699597359352,-196.54442777962967,-168.04991863652197
1052,63,1182,945,237,-203.81978727925804,-223.55394876821825,-220.14962813853444,-178.12630911507335
1052,64,836,668,168,-170.7500869138764,-167.3899982725524,-168.82927156148423,-153.61084047512793
1052,65,830,664,166,-168.53414632591534,-152.9972277836914,-155.88864397968996,-135.09434361279432
1052,66,666,532,134,-155.54905346360354,-158.87062235619564,-159.18461112980722,-131.8132500211699
1052,67,780,624,156,-143.27474757237493,-153.69293224122902,-153.46984772944668,-119.6019718085023
1052,68,942,753,189,-169.4399455603016,-182.0007534715356,-167.8185384269605,-153.31459095941682
1052,69,815,652,163,-168.1310255537506,-173.28674557471456,-173.90397275458002,-146.35779125569127
1052,70,743,594,149,-179.80679551892024,-179.3156182277537,-180.72158671751302,-170.6750159720316
1052,71,520,416,104,-128.1719248920592,-125.97965184671718,-122.75586465148272,-114.01942633421459
1052,72,888,710,178,-214.35510897440108,-200.79063428025052,-202.7979611666237,-184.5458586136649
1052,73,669,535,134,-146.4691722210021,-146.1754571222364,-147.9834029093055,-142.64340319187852
1052,74,660,528,132,-173.85449841333573,-173.81441332964192,-173.8150915237303,-157.7309297024505
1052,75,969,775,194,-155.53603907524723,-149.64061418001333,-151.24188359981812,-128.80004651158902
1052,76,825,660,165,-163.04637656311365,-174.64442772783198,-171.66675432537227,-146.65489283942287
1052,77,713,570,143,-145.1624411350371,-146.66838416650532,-146.44069943137953,-133.81053886418658
1052,78,594,475,119,-100.33302491305224,-99.12188753076838,-106.1970672980296,-94.78914830284214
1052,79,566,452,114,-136.3704966127879,-136.3769077213221,-135.9882371706802,-119.93739480792715
1052,80,584,467,117,-108.76643645519823,-108.94348673548136,-108.40144934942221,-97.89558948109493
1052,81,709,567,142,-157.55015940690467,-160.8784903440495,-160.15682695251542,-130.1670801818791
1052,82,616,492,124,-175.13440640256644,-179.1715154046852,-175.57537152046544,-161.56618130359777
1052,83,581,464,117,-112.35053544601732,-111.32123632958236,-111.06044498503857,-104.95150755466176
1052,84,469,375,94,-103.63904133731879,-91.99489851168423,-94.34532938559707,-94.23511718345742
1052,85,319,255,64,-72.61074928740234,-66.86862698264484,-67.46532519741564,-63.62138453600218
1052,86,472,377,95,-107.8649832684687,-99.96900531642574,-104.19684665815207,-103.55442340354551
1052,87,686,548,138,-107.09649116465545,-101.27941457707475,-104.13566822139457,-96.22501617409569
1052,88,714,571,143,-188.14688168971134,-201.265475167008,-204.24200847022135,-167.39634974705803
1054,1,375,300,75,-127.12906379076642,-92.70660940498193,-125.9748327900304,-96.57512781902335
1054,2,1219,975,244,-411.5504534063193,-317.1437274925797,-414.8875099646722,-309.0981783245418
1054,3,571,456,115,-198.945488929072,-148.65632372468957,-203.01498144303403,-146.10639535666377
1054,4,497,397,100,-157.17403756263175,-135.5318320372579,-156.5319190712304,-119.42735776765471
1054,5,738,590,148,-257.1066239851254,-208.13668347424834,-258.41922092619967,-198.91318454867132
1054,6,255,204,51,-139.69964664750452,-102.40515685255737,-119.93636573743093,-136.58749754760981
1054,7,420,336,84,-192.48332962191256,-200.46431174221726,-183.5431718135436,-171.22643074995142
1054,8,441,352,89,-189.4946853222013,-180.8392415050388,-179.7580066331213,-166.5666569227135
1054,9,323,258,65,-161.32261703922742,-123.50126421272782,-144.10320497548338,-152.2024603257854
1054,10,391,312,79,-185.5431311833167,-149.6093864644552,-174.5999872920807,-171.49431773644812
1054,11,456,364,92,-177.4587708740308,-140.99144889551687,-175.45916252515266,-140.7591742560736
1054,12,621,496,125,-239.6434296897672,-195.32093229195962,-236.53569156031057,-195.26740290489363
1054,13,663,530,133,-274.8701595221286,-270.5659011610533,-269.36700619832857,-235.06739722399675
1054,14,621,496,125,-253.87259174732276,-242.69341622544468,-246.60875586850196,-223.15429184315553
1054,15,234,187,47,-96.91604881027284,-78.34812630006388,-107.82899895275982,-75.23844355795265
1054,16,338,270,68,-127.16649842738148,-101.73321733343847,-126.0497616418007,-104.7807049183557
1054,17,611,488,123,-199.7319723268526,-187.88197508136003,-199.0500451649659,-156.60343434940614
1054,18,719,575,144,-247.80897988417723,-211.4376358710681,-249.50364541649185,-214.59491782688633
1054,19,562,449,113,-216.83628545069908,-182.61889322844164,-223.11948438587737,-176.02792037624556
1054,20,488,390,98,-175.87802621730145,-140.08783531796465,-174.79221164170102,-140.0997320007824
1054,21,565,452,113,-204.71257218620977,-167.80351808807453,-205.43084661028908,-167.36603060676623
1054,22,508,406,102,-173.13224076912275,-143.06781515237827,-173.33466826312477,-138.7661209318327
1054,23,543,434,109,-199.53557119018998,-172.24928826540219,-204.36829780651632,-172.0267202379365
1054,24,576,460,116,-186.61759914600955,-149.80512940919573,-185.01087136653206,-159.1463498548867
1054,25,144,115,29,-55.30151278399991,-48.93790821325988,-55.99895997051076,-51.58158538314595
1054,26,540,432,108,-163.62349423849642,-123.19412503952964,-163.75584910010042,-121.95597210737708
1054,27,516,412,104,-174.6634654925407,-153.7409314848011,-174.82968848104392,-139.54970243038656
1054,28,555,444,111,-199.960017267695,-189.4211216189821,-209.5262762429859,-167.30980618755314
1054,29,490,392,98,-170.09113682468043,-131.7204158855298,-167.67909545367942,-136.59855626062557
1054,30,437,349,88,-146.41576500521847,-116.44926147208454,-146.08414268369228,-120.30974665759652
1054,31,614,491,123,-220.68863951724774,-202.0305803593496,-221.18045916762523,-200.36156671703384
1054,32,796,636,160,-260.3431660453394,-196.10373860191123,-261.02422991620597,-199.07909555649906
1054,33,799,639,160,-250.79938656424673,-186.54524815909878,-239.91692153786198,-169.75355491117512
1054,34,806,644,162,-254.56705665846096,-193.77992724156474,-253.43589887967437,-191.81580135417096
1054,35,514,411,103,-149.75051462963057,-124.42059732235678,-145.05572387667002,-117.44032694367144
1054,36,517,413,104,-185.1529907237105,-155.7451979021706,-186.18655616823276,-151.3883622832683
1054,37,542,433,109,-177.52141021806545,-144.59067100392699,-177.424645160815,-134.32536635769645
1054,38,382,305,77,-113.5980438830235,-91.74568895808822,-114.4541772232373,-85.0635315297497
1054,39,754,603,151,-240.56428555821662,-184.78855390983972,-237.56879477120074,-181.52130641281008
1054,40,671,536,135,-229.84176331720613,-189.49131842835234,-229.05572952636967,-185.36494466479587
1054,41,832,665,167,-256.7379496303913,-185.23437641403592,-254.65389875521439,-183.85064502479054
1054,42,651,520,131,-196.49237181281725,-130.6494495216373,-195.0677242621151,-135.77535798755048
1054,43,407,325,82,-118.25153955335304,-223.77030061688762,-116.40958735609271,-112.88308909155467
1054,44,417,333,84,-118.94516076380424,-171.08857681038378,-144.93389160523114,-123.34185327653876
1054,45,522,417,105,-194.52524324731314,-194.02508477000538,-193.84463090314892,-154.93786260556726
1054,46,493,394,99,-163.93735425387052,-181.35685089167302,-165.18456617882268,-130.49861472794737
1054,47,332,265,67,-111.42409746067177,-94.0414784264429,-113.07847320615679,-84.35586835062492
1054,48,456,364,92,-140.81830829017173,-164.23064012313856,-141.91838427449585,-126.50497057659612
1054,49,163,130,33,-61.73440255375039,-89.24619193518036,-61.753774786349055,-53.78298321361254
1054,50,993,794,199,-314.37701816991387,-244.6676494873799,-311.72541295237176,-238.08893375424452
1054,51,723,578,145,-229.3967956992942,-233.48038373361769,-229.4965505298428,-177.32911540433918
1054,52,759,607,152,-279.53128039704194,-231.5207514684342,-280.1763692536062,-217.8440793467455
1054,53,396,316,80,-134.75798831049087,-114.75248830888094,-134.84255294087603,-113.97660447341673
1054,54,646,516,130,-213.02223590213697,-165.90488688764768,-209.04510358670265,-160.04747163250875
1054,55,538,430,108,-222.03903838326588,-192.25784066011067,-221.37719969486952,-186.34026309441515
1054,56,373,298,75,-126.52570463290498,-105.71556538876114,-127.42363397544172,-98.71211514120557
1054,57,424,339,85,-146.45625717766234,-120.08840319400501,-148.00943355306256,-115.82078235973933
1054,58,494,395,99,-166.80293082192858,-132.90266324288942,-163.44993407743166,-126.50405861068339
1054,59,472,377,95,-172.48943041011498,-142.27778971722867,-171.02486208512036,-133.60951354963538
1054,60,503,402,101,-151.40006079502848,-124.95561534636528,-152.02121656763237,-117.66120154577845
1054,61,622,497,125,-216.58135621053995,-216.1716386485935,-213.54700370676875,-189.89460046433646
1054,62,477,381,96,-149.263792462626,-104.458156329958,-147.40244035133324,-103.6798927963672
1054,63,436,348,88,-159.98584681409966,-122.95866049555943,-161.44716879663213,-124.18396799640044
1054,64,443,354,89,-163.18631184161544,-135.62748110156846,-162.61245901338523,-136.7023344823665
1054,65,483,386,97,-182.25868271636705,-147.45468717166193,-180.3878014073792,-142.0892265587156
1054,66,248,198,50,-103.25931409552854,-91.62404571445668,-101.31369197725039,-87.68064390767461
1054,67,323,258,65,-152.20148998907771,-145.9616474505543,-149.0196464430742,-136.15141070775513
1054,68,422,337,85,-146.56336042495266,-131.8181911865528,-150.2154723532675,-118.41517923596712
1054,69,410,328,82,-167.14557524352387,-144.74402688887056,-165.8443761406546,-142.09607204767843
1054,70,536,428,108,-214.16172737993915,-197.51719781728548,-211.82742359914315,-177.8246402612166
1054,71,377,301,76,-173.74968473412474,-150.45791979370532,-168.1807915989172,-147.5916260239241
1054,72,177,141,36,-64.71366085430499,-49.48880609411743,-63.28502998936986,-48.776445810309895
1054,73,250,200,50,-92.84235920840999,-84.43775700784879,-96.71010404606507,-72.25604525788393
1054,74,319,255,64,-137.09759986397003,-126.02513533069181,-135.6037236964478,-127.04037974645257
1054,75,135,108,27,-48.76468398307584,-40.86748630571694,-48.75239086576476,-41.70642399712523
1054,76,308,246,62,-103.9105177731728,-87.33520238641519,-104.09800937836444,-80.84739580096425
1054,77,274,219,55,-95.11769553266322,-72.79479835298123,-97.40059878708696,-69.70355934852546
1054,78,317,253,64,-116.20814268913273,-97.54399039166951,-113.75021418044945,-95.96833772457217
1054,79,378,302,76,-130.5226133728012,-100.88512509103477,-129.11988449847422,-95.19345490393556
1054,80,281,224,57,-96.73233779086458,-79.79547174479957,-96.48086133836068,-74.16313299214357
1054,81,213,170,43,-79.75543892613535,-73.71087796643347,-81.785105469827,-71.92118867637373
1054,82,387,309,78,-144.1541141735995,-127.71833835234402,-144.6120419251832,-127.68128746597137
1054,83,124,99,25,-41.2061364320597,-33.393099435747,-42.90794269064972,-35.327012537836794
1054,84,573,458,115,-199.76750323653582,-152.49898035160913,-197.70627851710046,-147.15346898205019
1059,1,274,219,55,-76.51190036175194,-81.51424024434844,-70.93010109573288,-77.30801957346398
1059,2,932,745,187,-273.980984494904,-272.1954280562494,-283.52000815684755,-268.22373562204814
1059,3,1229,983,246,-302.6151682681275,-293.6134873766488,-299.6907518781698,-288.08256965460873
1059,4,1239,991,248,-302.9769810654684,-302.8235435778196,-308.00029756959924,-293.3132714594544
1059,5,663,530,133,-145.21109451546513,-131.7196671634858,-145.82254843792302,-135.68629972579367
1059,6,221,176,45,-93.14291187149726,-80.00809754993732,-84.69635886005862,-88.82116491227407
1059,7,192,153,39,-83.53214252594616,-67.82807434333887,-71.99958053823144,-81.49410912509069
1059,8,175,140,35,-74.74336549550468,-59.43527185136651,-65.78215483088577,-71.71506625421529
1059,9,158,126,32,-55.55730453320137,-51.5102637392892,-53.85646577573787,-52.22495845771124
1059,10,114,91,23,-46.765551638398264,-46.50331100393395,-46.181239678021996,-44.07561181802453
1059,11,234,187,47,-65.7031483797134,-71.13397954389528,-65.10323394505124,-58.19009332757443
1059,12,325,260,65,-94.72057202018826,-93.69233651684058,-93.2219111090174,-83.57762750401218
1059,13,477,381,96,-135.99852869198006,-125.31280879070614,-135.82688971601607,-119.21627211504108
1059,14,215,172,43,-78.80347140422144,-92.5838279219979,-86.256598401054,-63.24968972863746
1059,15,136,108,28,-51.75524646851683,-54.96101953058744,-50.70140019512112,-50.99738195520837
1059,16,218,174,44,-60.81259856889221,-55.74646013168165,-60.501277304770596,-55.15680433096162
1059,17,182,145,37,-42.125655341052706,-43.896789305560475,-44.03899377943335,-42.37886864027047
1059,18,235,188,47,-62.49414766143842,-62.81112336717907,-62.91643801017928,-55.12049875639849
1059,19,199,159,40,-65.46639645464066,-57.3835364248956,-62.17921678416417,-58.85208427457101
1059,20,187,149,38,-45.60070644562312,-38.74255742747488,-45.236783327019175,-37.514273624134745
1059,21,286,228,58,-86.83802358101052,-82.37387938272667,-87.44217780482774,-77.74121253820795
1059,22,308,246,62,-77.39282843016389,-66.78345937077779,-74.25685788093284,-71.76649582846983
1059,23,226,180,46,-67.13648620091139,-65.15643401066336,-66.27831881287624,-64.07134906328693
1059,24,275,220,55,-86.93193490857077,-88.06584053387526,-88.06514223065393,-87.3014476921038
1059,25,265,212,53,-86.03470406518707,-152.7338448100962,-85.53967052636233,-80.60984485054576
1059,26,229,183,46,-65.97481497342694,-61.80778012866957,-68.05422745348223,-58.94555864038324
1059,27,241,192,49,-72.57230205875663,-101.13877241639486,-72.15292808967473,-69.32088613004501
1059,28,264,211,53,-76.17699188226604,-71.8258399277162,-73.38591883520556,-74.42084767388866
1059,29,213,170,43,-70.73163843882472,-62.175295426396524,-66.33320380713738,-64.50273391914288
1059,30,255,204,51,-74.4478034463747,-83.40371828300866,-83.86909181200454,-72.22224379283182
1059,31,197,157,40,-66.77309620968329,-61.9115463694125,-64.50913096856245,-61.457594127110724
1059,32,216,172,44,-55.77723019607868,-348.195497769668,-66.99168412494332,-51.8560704896627
1059,33,141,112,29,-44.04989561191588,-43.05950976203632,-44.281662824223275,-40.59418402187961
1059,34,191,152,39,-67.1612012296018,-62.90232767200856,-65.02538338262308,-61.91056039000853
1059,35,253,202,51,-92.13192087496525,-85.64025852255563,-87.47679908842387,-84.444060074974
1059,36,367,293,74,-145.83852406576307,-150.97385513285573,-153.37386153522874,-144.8490083995335
1059,37,208,166,42,-63.70521681352279,-68.62877021564722,-69.4942981156096,-60.47823550040275
1059,38,157,125,32,-51.177857954355,-48.582592805493555,-50.22772660303518,-46.58036309106032
1059,39,284,227,57,-103.18346494795152,-126.26730175119629,-101.323161764444,-85.03129156504019
1059,40,263,210,53,-82.42455016888451,-78.17709745867421,-81.68407057140307,-75.42955782351726
1059,41,165,132,33,-49.54403062464937,-118.13759352259571,-51.28620191596163,-48.47253100954464
1059,42,170,136,34,-48.16343766447762,-48.38572974724866,-47.9436062321675,-45.76907839918974
1059,43,243,194,49,-69.64697522336408,-67.630242162779,-69.55329210713974,-66.27346451297416
1059,44,346,276,70,-129.74009909006983,-129.85579775753314,-129.61107310064077,-117.65930347871029
1059,45,178,142,36,-67.39919163195752,-69.26134729841577,-65.22492847321051,-67.42157773172451
1059,46,123,98,25,-39.59863376261808,-38.37963114342968,-39.59148805489369,-36.9498244448576
1059,47,238,190,48,-64.78038665391117,-70.91376141557775,-68.56851793148299,-63.22103055567089
1059,48,181,144,37,-50.63767016678934,-50.319270716317334,-49.05431800971582,-50.35127563937934
1059,49,196,156,40,-53.18575162119493,-57.04786502860061,-54.53950893804697,-54.852311215189616
1059,50,160,128,32,-39.06628094329737,-36.27448139472278,-35.51461545430618,-38.05836407569342
1059,51,136,108,28,-34.14478484258173,-30.63503823371559,-35.434898663809555,-32.47555698572492
1059,52,145,116,29,-46.84043177336346,-47.52496596740762,-47.450225973648664,-41.96810260362025
1059,53,173,138,35,-57.56456708617393,-57.82353600154523,-57.828016002976184,-59.70714149237591
1059,54,216,172,44,-53.253112943757024,-55.954918185282885,-54.51069326531843,-55.56204732451718
1059,55,125,100,25,-45.016980065718066,-46.36345617673642,-45.87273342628359,-47.41884713589258
1059,56,146,116,30,-32.73869063441303,-48.4680336720416,-40.3366481042674,-29.474632734387
1059,57,126,100,26,-31.245290071360664,-29.65525480429031,-31.185242490409614,-28.27803337533416
1059,58,231,184,47,-63.87294964272077,-69.74934333909451,-64.10294144804581,-60.94511058259786
1059,59,124,99,25,-46.20863539265944,-45.15759301117323,-45.44397977995782,-43.025018900476155
1059,60,211,168,43,-112.84798791395403,-127.55621043310063,-112.07835469227082,-90.0955003138892
1059,61,161,128,33,-43.14676109873916,-44.06142897792083,-45.376485339417734,-46.12842443239765
1059,62,140,112,28,-73.29239782587179,-71.09465264257787,-71.46881509057339,-50.04718414789126
1059,63,115,92,23,-18.47267361256804,-23.091367862885562,-19.678344278048925,-13.719245967856864
1059,64,139,111,28,-32.2686482430153,-66.8601140325902,-33.82133474341745,-28.599541662754888
1059,65,190,152,38,-54.04236940326181,-56.1074402465668,-54.26931853825572,-56.62900533621115
1059,66,346,276,70,-91.85002719009118,-93.03587597166171,-93.03908248466041,-88.0669423060848
1060,1,689,551,138,-189.27311132045008,-170.6702539637633,-185.76056640184794,-174.26385741815227
1060,2,1055,844,211,-251.05629406974433,-200.98091226209206,-221.33779871066199,-181.70216904026063
1060,3,1188,950,238,-321.42933722789354,-320.85220309233654,-330.62396331725415,-286.4278846468899
1060,4,1434,1147,287,-370.2136683181783,-357.41301965953903,-377.30108851420596,-315.2652479230403
1060,5,664,531,133,-190.45128186409696,-171.35786960097653,-190.38553175754583,-167.87600229903012
1060,6,120,96,24,-50.42508975086179,-46.63724253220112,-47.18949902170568,-44.16656495492637
1060,7,292,233,59,-135.07071237970828,-117.77254135652962,-120.70542626425173,-120.73726554855062
1060,8,208,166,42,-77.32575028579764,-75.88215994483537,-77.43360105897003,-73.09581520276396
1060,9,136,108,28,-57.0979319866424,-55.522820184204804,-56.022630412727764,-56.15998521806182
1060,10,678,542,136,-240.68457821136838,-258.1250350355929,-237.8778469608711,-212.17603167337984
1060,11,538,430,108,-185.00756952782254,-161.39340298321147,-174.35864721759145,-168.8236708913115
1060,12,552,441,111,-259.763621013934,-223.53167829274764,-225.8754137028341,-226.16873287048952
1060,13,172,137,35,-68.19477661869807,-59.46810320512825,-62.85377658191015,-61.26677979466854
1060,14,244,195,49,-81.25456486700756,-87.23306887222029,-86.4597535904148,-85.05341843225625
1060,15,445,356,89,-186.07761822692157,-211.50778709240603,-186.63512943935888,-138.14664547964048
1060,16,570,456,114,-212.65074212587572,-159.45479645060797,-170.63581674271708,-165.72754911631762
1060,17,226,180,46,-73.14269734357543,-53.06208467655236,-58.09319217681731,-66.3242206553384
1060,18,412,329,83,-131.85199513370281,-130.03612282804815,-136.3837448642062,-121.00986087189335
1060,19,731,584,147,-277.7131902380249,-357.8308740362658,-278.30207523415663,-223.38965856523942
1060,20,800,640,160,-255.35075253354006,-248.32583381555594,-257.0964569444639,-240.18256998061372
1060,21,1033,826,207,-346.6539528885156,-344.27232082904055,-344.887550701264,-301.02912613907665
1060,22,696,556,140,-221.0628362228734,-214.8016358405216,-220.7990714964129,-197.78241732215884
1060,23,748,598,150,-272.951382263149,-270.4519175830554,-272.28409327917046,-261.8699311416351
1060,24,1027,821,206,-345.91201911330364,-383.3793020522281,-346.1989397236054,-283.5582435918068
1060,25,856,684,172,-266.61648975570745,-267.8180308308279,-263.91594542061875,-237.36168558358054
1060,26,1152,921,231,-403.79487632107646,-408.6225061457842,-408.5767107528892,-358.29232805018273
1060,27,799,639,160,-253.48878532793748,-237.86798105701405,-247.49304304198904,-216.47563890169852
1060,28,1225,980,245,-386.94324829332726,-377.5528101382682,-379.12616845721755,-349.28559151633976
1060,29,932,745,187,-345.4200278581816,-333.27482266256925,-332.78119565012196,-303.9020804658833
1060,30,772,617,155,-242.73805244882203,-240.5023690763622,-242.1337682304533,-227.67946752867078
1060,31,973,778,195,-366.0882682317076,-366.08136541750696,-364.2410741631462,-313.3339998824513
1060,32,1095,876,219,-396.132987082604,-410.9875891539147,-389.33565125121874,-347.08280711698967
1060,33,1021,816,205,-382.76074829540767,-393.79579391392366,-373.520946090981,-329.2586437782561
1060,34,942,753,189,-320.21812776025376,-359.28003961553446,-318.1319652444256,-276.6933151003075
1060,35,987,789,198,-315.73320938344966,-309.1853924250148,-317.08228851978873,-269.8974175091389
1060,36,855,684,171,-294.19101180292097,-273.66460012202054,-278.803981550806,-251.91813393945858
1060,37,1138,910,228,-392.1327073100266,-368.5230034877343,-377.07995765408157,-370.6661211725486
1060,38,654,523,131,-179.49645061101194,-168.89607246747772,-180.91635096391184,-155.96102527157882
1060,39,1113,890,223,-420.7089719536603,-424.6916011889525,-424.62842072662573,-388.1201124659831
1060,40,793,634,159,-264.0735099485566,-254.07115208807207,-264.867691236165,-231.08910559175104
1060,41,1011,808,203,-370.71215023385093,-350.8514830052058,-355.76618140688083,-341.3451168310055
1060,42,1030,824,206,-375.532989884445,-361.334258125769,-362.0618803568636,-332.03590103471765
1060,43,830,664,166,-298.5935383004371,-274.1294122541036,-300.600033227011,-238.7370712778743
1060,44,750,600,150,-286.0834305609642,-285.7674641343205,-288.303127146836,-247.3859588235947
1060,45,959,767,192,-341.0520735593956,-336.493462828772,-335.74022593694593,-308.79433072150596
1060,46,870,696,174,-210.55559402411367,-232.13678257618335,-219.22326733607596,-169.40573394302032
1060,47,496,396,100,-144.2052316249267,-179.97718829246014,-147.57782664280774,-134.18377267002666
1060,48,558,446,112,-234.0657306240942,-218.83224270667236,-219.68864848723217,-210.0456099498541
1060,49,700,560,140,-231.76458486046045,-248.57106880550396,-229.1075678152196,-207.41371067713146
1060,50,762,609,153,-275.91457267396476,-266.2902058770131,-267.4309975366272,-238.36301880068686
1060,51,529,423,106,-215.98933950793864,-218.41361720357295,-218.3319696359613,-222.69782541767665
1060,52,417,333,84,-139.6270509162017,-117.1916703856584,-122.74126041335295,-127.79294649902334
1060,53,301,240,61,-93.79736695497827,-70.94138670623963,-79.03196104055084,-81.90059450961172
1060,54,517,413,104,-203.44735637397335,-728.2244219311159,-679.9070795116014,-176.0282152782915
1060,55,604,483,121,-200.94636870503226,-187.01918271180594,-193.4414447786708,-178.47962417207646
1060,56,655,524,131,-203.31137889042887,-206.59176714743563,-207.9477440685885,-194.0367379504139
1060,57,847,677,170,-479.9039985820065,-462.69436009307714,-475.7526488418899,-254.99796052790907
1060,58,519,415,104,-155.78517906864374,-158.54520582780987,-155.64452999682618,-146.59068954989812
1060,59,552,441,111,-280.8060187883163,-293.6599939594159,-296.63414409564143,-194.39141090749297
1060,60,742,593,149,-266.50551689887425,-296.45355424251017,-271.0187377899342,-239.16665131835202
1060,61,752,601,151,-253.63370740978027,-279.5283963588842,-256.38727713630215,-218.91660114559102
1060,62,809,647,162,-317.53400022454343,-302.7406660750712,-303.01172076778545,-268.8292410155044
1060,63,661,528,133,-229.66592563686254,-224.87328578706857,-224.92827663679094,-206.76467800752278
1060,64,541,432,109,-207.227149002298,-188.77277178311013,-205.78207664902354,-117.79815271914504
1060,65,647,517,130,-228.99420526483004,-207.4637988424682,-226.34860055758296,-201.60359341456717
1060,66,494,395,99,-149.34871710360622,-148.37385362245325,-149.6305862543103,-136.72000218219682
1060,67,647,517,130,-182.37312788718296,-184.6199612419437,-181.44939213539118,-156.63188267173837
1060,68,713,570,143,-236.72212852946748,-231.61440896704354,-233.11541186265498,-217.99256112536705
1060,69,464,371,93,-166.8598192943573,-163.77992905383323,-163.7347233676742,-144.16257759622044
1060,70,563,450,113,-188.20518708931263,-186.96335674221757,-187.49643363099506,-174.79176358553002
1060,71,432,345,87,-114.68789542298869,-122.34738550832498,-122.6966469113998,-102.97897685629869
1060,72,576,460,116,-198.01861874618913,-205.46104615784049,-210.67018290997206,-182.7072489654288
1060,73,419,335,84,-118.17432665848615,-115.9126127774705,-117.23182027092894,-109.76407591397958
1060,74,726,580,146,-246.03844633195135,-265.27916792405745,-264.9622609475884,-240.15529598030253
1060,75,565,452,113,-193.40982094065686,-229.69418912749953,-194.29251267954604,-183.915387053294
1060,76,454,363,91,-165.38859836191426,-173.72447961223912,-159.16363119102493,-155.1412381730795
1060,77,646,516,130,-260.5371489412527,-266.40121162458115,-262.32568545318674,-226.92791679349443
1060,78,597,477,120,-202.7111958350357,-202.4164205541872,-202.87045334232295,-182.12338438154507
1060,79,516,412,104,-164.271627948803,-168.2386638145045,-159.83746247268124,-166.33267018409504
1060,80,235,188,47,-74.06344844211743,-52.30214194967629,-61.16519928656266,-69.95599396548056
1060,81,476,380,96,-175.28582128906038,-131.890302547096,-136.62353058337268,-126.99116329437675
1060,82,263,210,53,-87.32849451831947,-105.04951236105428,-74.90670120769639,-78.47340143055112
1060,83,216,172,44,-74.50709583821995,-65.37012073082091,-66.62133434869456,-78.2199599634761
1060,84,251,200,51,-65.00285832336401,-54.071345932267455,-63.8524505562847,-55.27226480444918
1060,85,184,147,37,-44.802060412105774,-35.86503216156454,-33.70295719517192,-30.028230960724045
1060,86,388,310,78,-109.70675301628684,-130.25951956972304,-126.25777015778381,-88.09109587515582
1062,1,451,360,91,-74.5157798685211,-61.08139326158787,-74.21421627946516,-63.24769595200979
1062,2,1248,998,250,-325.05484789826954,-378.03083608840114,-351.64645850898336,-303.1476162427076
1062,3,1058,846,212,-351.77120583307993,-385.19560293136647,-383.08219803193,-339.14431403937033
1062,4,1308,1046,262,-243.77334880904763,-222.57124467981586,-233.77662135516627,-224.0111554993066
1062,5,922,737,185,-171.4801851945854,-158.67536597022777,-170.98671170104225,-152.8051612341054
1062,6,370,296,74,-98.4565652480171,-146.67941453848672,-105.57465192495195,-91.07884752622095
1062,7,245,196,49,-81.6991114813141,-79.7237621938418,-81.38552657235978,-89.64826740638523
1062,8,228,182,46,-93.316211861374,-76.67325644735004,-79.68246108718726,-92.31794687908791
1062,9,1275,1020,255,-435.7377125785558,-423.6451233507585,-425.947307642504,-433.04261524086337
1062,10,1134,907,227,-283.1710044485258,-292.6675671581375,-296.95606796521037,-282.5230756884596
1062,11,1381,1104,277,-464.2319978418854,-444.18340964532285,-421.5923158826038,-458.67207159261784
1062,12,454,363,91,-149.24801348367976,-145.57652325500018,-148.96978561910987,-144.88274481368586
1062,13,697,557,140,-154.62466796126895,-183.51244142221228,-154.59962386905048,-142.57959608073452
1062,14,1058,846,212,-250.92545072375592,-253.6770095197745,-249.56308217397861,-245.05032082513048
1062,15,1075,860,215,-264.58265631801544,-330.1535629067896,-263.2876022906302,-238.56054631278778
1062,16,823,658,165,-270.52165866707236,-285.4835145758496,-281.7971183095579,-253.53455534902366
1062,17,307,245,62,-132.6123327399358,-131.48591132263536,-102.54961571784139,-124.00366650231877
1062,18,381,304,77,-119.49927121553888,-101.77576007338327,-109.94761239340254,-109.94414563649588
1062,19,694,555,139,-182.92640053964067,-211.75370843516305,-213.86464102250943,-164.31237901189627
1062,20,1051,840,211,-239.04941904535997,-232.0157325924205,-236.33719904240493,-231.75829296440145
1062,21,1124,899,225,-272.3756019617867,-268.51960818859277,-273.22859657514596,-244.95825478370455
1062,22,1331,1064,267,-307.613698758678,-295.7877538400372,-306.45372263080014,-277.5789811754048
1062,23,833,666,167,-192.8097955616831,-187.96926238331886,-191.6041500827344,-174.2745299598664
1062,24,1262,1009,253,-305.2005064104555,-299.21608922960866,-293.1595260422103,-252.45955252461908
1062,25,1197,957,240,-315.4556904936473,-310.6849756677184,-311.96355771269407,-295.8166150430236
1062,26,1472,1177,295,-354.7182704020303,-364.22024911493,-356.97537110521097,-314.67157644345957
1062,27,927,741,186,-208.14306752047793,-193.08101877675477,-196.2039152159716,-203.61589045470805
1062,28,1469,1175,294,-330.22274577662665,-315.1316399358882,-323.7019243617963,-300.8961573251977
1062,29,1181,944,237,-302.0471217787305,-296.2137746719566,-299.81238221461155,-276.55529778931236
1062,30,1409,1127,282,-388.1182648352061,-389.76361533175583,-391.1878296132778,-365.6598351904497
1062,31,1559,1247,312,-334.9708683598049,-343.85320294346417,-337.1807471810177,-293.2276599881702
1062,32,1468,1174,294,-331.90350232642254,-333.6998838388862,-333.7375253276174,-295.15859842873306
1062,33,1028,822,206,-232.55322996708662,-221.0942697286926,-214.47118541805622,-200.37166994039467
1062,34,1527,1221,306,-386.48840054733876,-385.296891769176,-383.72961755179625,-347.9267032927494
1062,35,1610,1288,322,-385.42101704681863,-386.64121435590425,-387.1613238653051,-357.6898132309823
1062,36,1183,946,237,-311.7511612429765,-312.2935063237194,-314.7243988832568,-287.59263631343026
1062,37,1683,1346,337,-351.874749804596,-354.6032667085969,-353.4846120321765,-344.398547602249
1062,38,1538,1230,308,-322.900813424737,-350.54737183844776,-353.29792379658335,-299.54393464784266
1062,39,1218,974,244,-295.7271041283864,-298.1479486290219,-294.94169017714233,-259.2707190636056
1062,40,1324,1059,265,-299.9912968811113,-304.13185886321605,-304.34521643376434,-290.9892361634236
1062,41,1175,940,235,-270.7410925386272,-267.5197365793704,-268.29637802028316,-247.37067636311576
1062,42,1271,1016,255,-271.1900051123884,-280.6659884528303,-273.8262778062218,-251.75014376051058
1062,43,1374,1099,275,-316.22411570297,-323.94593749076495,-317.73966289658335,-278.81831637305163
1062,44,1136,908,228,-288.23203206076283,-312.8691456018398,-306.10103119715717,-264.5978166625712
1062,45,1126,900,226,-306.4549172849784,-301.6118217000185,-304.17392367644345,-280.7532505048789
1062,46,1391,1112,279,-355.2281213953584,-297.67367631109613,-306.61801766753484,-327.08584186070243
1062,47,974,779,195,-355.11792995400907,-286.25787785326156,-307.17884240421824,-320.2248193305102
1062,48,754,603,151,-193.83510344213053,-137.89524352457065,-158.66287808738363,-181.9345876837466
1062,49,804,643,161,-233.14776437063563,-193.0571707621823,-199.13924998601993,-200.63722658291306
1062,50,689,551,138,-218.82413489730124,-236.16446232413057,-179.2985291448319,-196.39232032040024
1062,51,915,732,183,-225.02172990928872,-261.72165553450554,-264.1475261636539,-215.36838192448192
1062,52,1362,1089,273,-367.15570319427974,-373.53274274531265,-364.3975272710617,-327.2229938484504
1062,53,1058,846,212,-230.83327948931404,-236.4703874849395,-238.1595185553603,-225.1818364817118
1062,54,1179,943,236,-291.32538541120954,-310.0938376924327,-310.11862379063683,-281.73147342928837
1062,55,740,592,148,-161.2710448953673,-202.97767353888833,-170.25579513327997,-145.6570297548176
1062,56,1357,1085,272,-313.1455555204174,-310.66939002808755,-311.433544280527,-288.5628510569379
1062,57,1233,986,247,-333.8588561515436,-330.1609841334277,-331.0093648285206,-307.6926705229371
1062,58,1230,984,246,-312.2139336308351,-318.55090742268277,-315.19469251834465,-285.66134306004096
1062,59,1087,869,218,-299.67946739834275,-313.7360163003868,-310.3044303693418,-276.59899825394245
1062,60,1269,1015,254,-306.86930536382005,-308.00040602578196,-307.7874150360318,-287.32520684414953
1062,61,1621,1296,325,-390.61916143149926,-389.44695054060446,-392.88585664290645,-358.3064166317113
1062,62,1486,1188,298,-397.5210668907487,-405.9194391880062,-399.41113702721464,-381.8330546351251
1062,63,1374,1099,275,-372.43990131439284,-373.43243655989534,-374.6804275271702,-344.23807928428323
1062,64,1478,1182,296,-396.56252724686436,-393.6954000705897,-394.36602621895327,-361.7104896805429
1062,65,1255,1004,251,-343.44362484571377,-346.61975422335104,-346.4930796852251,-318.4385221065736
1062,66,1314,1051,263,-276.91282119627874,-271.1753438383284,-275.55168149699364,-247.92691255637828
1062,67,1246,996,250,-355.59788867892553,-448.4242625318209,-374.7294149664128,-329.91167094622074
1062,68,1165,932,233,-350.2903933061378,-355.45519639282423,-348.78838580586824,-314.41753655420735
1062,69,1002,801,201,-269.8194706748399,-279.5243001623711,-256.99946222803203,-247.62761020136236
1062,70,1449,1159,290,-421.7952494917408,-394.1827022133106,-397.15694038311324,-389.02925228246454
1062,71,1173,938,235,-314.7761018054487,-339.76368173212074,-315.8643726336854,-303.91478397992864
1062,72,998,798,200,-236.01642663123044,-249.8893420128097,-239.82872587833737,-224.5182212353585
1062,73,826,660,166,-240.78136735280867,-248.55828885130322,-249.06454280297172,-231.63691727875266
1062,74,892,713,179,-207.7393610618483,-204.98752846547572,-206.82496905530786,-198.2392620202038
1062,75,807,645,162,-191.45751892595877,-190.54962607691903,-191.08469783621413,-174.67354702470436
1062,76,990,792,198,-311.5604530906505,-278.6226999600668,-278.1965545069332,-294.61902796662366
1062,77,875,700,175,-241.06750397067879,-239.0732139934029,-240.71596031351652,-224.49091742926305
1062,78,984,787,197,-287.86724410214924,-272.21938153724034,-272.9812224562323,-269.6265898684894
1062,79,1298,1038,260,-355.38600170284,-351.6011624166274,-351.43426217480413,-333.90704050256977
1062,80,1200,960,240,-413.12094928565557,-412.9171663882613,-407.79964057193433,-385.3892895739466
1062,81,1265,1012,253,-343.45953800549586,-332.4186005715862,-332.1052208868837,-312.3447639116964
1062,82,791,632,159,-243.90563378687858,-239.97225216069165,-237.0732443730272,-231.33713137248594
1062,83,838,670,168,-229.36868240302917,-219.0087038053272,-221.06770260082664,-240.10421020682475
1062,84,1132,905,227,-338.8140452877089,-326.2918883556152,-328.7639704262255,-327.39187471928494
1062,85,964,771,193,-251.15485741487234,-254.41506312762297,-251.2954139282712,-237.41092297839668
1062,86,1337,1069,268,-346.27939105467095,-356.3130501242947,-347.3953421708378,-312.5743992929288
1064,1,343,274,69,-64.49704237768692,-56.49553694452851,-61.74549225846481,-57.200729677135286
1064,2,1165,932,233,-181.45672978695887,-157.84916562928925,-170.09156616164228,-161.36518388478794
1064,3,917,733,184,-171.76645597821872,-153.3359606924731,-153.6650168121216,-163.86474460998875
1064,4,1111,888,223,-160.36604969400813,-139.68396587122274,-146.7347735066859,-147.5037017520109
1064,5,691,552,139,-125.68115789128481,-129.4602844671727,-128.22913852943057,-106.55127785164001
1064,6,198,158,40,-56.650468975615325,-60.44285916357198,-59.178230750142504,-49.02467652619694
1064,7,293,234,59,-56.293440725345874,-54.25807433312863,-53.859282406014636,-53.52005630169273
1064,8,228,182,46,-43.23994825706217,-49.95436270930117,-44.871852720515484,-41.28816504444703
1064,9,169,135,34,-62.737263565832194,-63.04839424111451,-63.020628024144415,-68.17006838780817
1064,10,153,122,31,-46.32443964695627,-62.72629910724711,-39.805317712797915,-34.198739492564755
1064,11,358,286,72,-76.76680523764396,-83.20774623817177,-82.67774755639537,-61.57632804416215
1064,12,296,236,60,-48.020977356243264,-48.9971264008224,-50.27406401971043,-48.32894280474284
1064,13,551,440,111,-145.13613188831528,-141.2562217130379,-143.54825596549514,-108.49518005223518
1064,14,996,796,200,-220.36312192585308,-201.47469808065722,-204.1297446306053,-188.80926085247995
1064,15,659,527,132,-137.12353877421214,-131.82874836421547,-131.5295440381719,-113.59425326100302
1064,16,175,140,35,-30.697337498097067,-31.815588345801473,-29.26770294786635,-26.3693785042273
1064,17,795,636,159,-188.61900243980853,-193.2390692088522,-187.2508445003039,-181.28891176433058
1064,18,707,565,142,-130.51357331276705,-139.9025862757466,-139.8112083323868,-102.20623954599091
1064,19,722,577,145,-145.4564975649765,-143.1279547177641,-144.88632803711826,-132.8885931932781
1064,20,577,461,116,-172.54651725958183,-222.7615467850175,-190.19716136996942,-96.4953597416553
1064,21,879,703,176,-175.05630332742712,-175.6046932753917,-175.92219136547817,-134.60849598814627
1064,22,1044,835,209,-223.24834225480157,-219.8117048085015,-222.8421540910946,-185.5573526119332
1064,23,817,653,164,-149.91324991496188,-143.73187329599816,-148.3727488216374,-123.47366932114153
1064,24,885,708,177,-182.77533789381883,-178.42894500882005,-181.9287521419964,-162.1782795852962
1064,25,754,603,151,-146.76579775868794,-154.46730448949265,-155.54642292119306,-116.0864120408412
1064,26,937,749,188,-186.45262373572908,-192.1247688169737,-182.18969772610916,-144.6348277584733
1064,27,910,728,182,-205.07335892329718,-209.73354848117626,-209.793752410247,-180.75626161257549
1064,28,1053,842,211,-175.34794606587516,-180.99348036582404,-188.60471069171686,-139.02152530746037
1064,29,798,638,160,-168.89145219017777,-163.52066810905146,-166.889601151395,-155.34486564148193
1064,30,855,684,171,-169.82722882936446,-173.38211408542458,-171.03132759836396,-156.01682232834094
1064,31,668,534,134,-118.53119629844049,-114.33094562374707,-118.06865912629158,-97.62809303399735
1064,32,1276,1020,256,-252.72125616301255,-257.2545215766144,-256.614967441505,-223.88381153340913
1064,33,896,716,180,-228.9596810206867,-227.94201760220392,-228.63911110313978,-222.02854475910726
1064,34,970,776,194,-183.94235475169575,-186.12288109455406,-186.58383895954168,-148.6210255374424
1064,35,1019,815,204,-166.8744225617645,-163.4010874883225,-169.02445442938145,-134.95748727410853
1064,36,1384,1107,277,-272.56952195809265,-267.86933301450426,-268.9303529762481,-213.86416541199378
1064,37,1301,1040,261,-299.510894544488,-282.36201892322305,-290.77683678231983,-289.5438462294518
1064,38,975,780,195,-169.3294535252386,-168.2121319945708,-177.85072889648623,-155.54148856656775
1064,39,1063,850,213,-232.57477065332768,-250.00125069805497,-239.38877319956833,-224.10130321994927
1064,40,807,645,162,-172.47156557456563,-180.84862541526172,-164.61312801366242,-137.49367326273102
1064,41,1237,989,248,-297.88370345447674,-290.88775928304506,-288.80715697537545,-179.49441563695825
1064,42,1408,1126,282,-217.20391278859108,-216.33717352704684,-213.92351960308875,-160.02350153911414
1064,43,887,709,178,-192.20876846579844,-188.39470459574687,-194.24687695971676,-163.12537487284578
1064,44,959,767,192,-163.41637676243278,-162.04433481297517,-161.3715393920632,-130.8819688686939
1064,45,974,779,195,-165.48964560334767,-173.93929125959434,-174.4511480528288,-134.8044955620552
1064,46,675,540,135,-130.4005465198735,-134.5810862205768,-134.9116999200371,-114.46774163783783
1064,47,541,432,109,-93.83250920355304,-98.39320846967857,-97.84130283205558,-78.65601908270128
1064,48,591,472,119,-164.39906121657552,-167.63532641228804,-165.8720266214478,-113.7863475223578
1064,49,478,382,96,-114.0564255111673,-96.1575294436872,-104.7898307710594,-88.90775237114013
1064,50,799,639,160,-153.54881041020676,-151.09254965631905,-152.79313806574658,-124.32305606481395
1064,51,672,537,135,-171.8771561471365,-174.68237258664058,-172.14931719789595,-139.75368516839438
1064,52,833,666,167,-145.1666577539537,-136.5159935042966,-141.03325665041325,-109.10298492464278
1064,53,845,676,169,-189.3535731390195,-189.29028142469974,-193.5495315354695,-166.5938940250827
1064,54,830,664,166,-166.56873723935058,-167.05947104889634,-165.1834635447878,-137.50329268140547
1064,55,651,520,131,-130.75658681376808,-131.64085091750664,-128.19724383805672,-118.15381623073318
1064,56,490,392,98,-119.65055237433452,-152.76014340098624,-126.09849734753132,-102.37607035231616
1064,57,537,429,108,-120.04995168142722,-109.33173907769881,-113.79160901706395,-104.75900160500368
1064,58,760,608,152,-145.48539313262577,-143.69160438632153,-143.9099701882264,-115.95320503477456
1064,59,782,625,157,-179.9619861545739,-186.00364151138277,-185.9914993881082,-162.76940508142275
1064,60,937,749,188,-256.84968108942695,-348.45130592688383,-310.52940555816684,-169.59584128104632
1064,61,676,540,136,-139.8734833940099,-134.3516803217913,-135.50280745084228,-112.3662439372207
1064,62,821,656,165,-169.68434534156876,-171.1531748788938,-170.6098835834178,-143.55297295413982
1064,63,1203,962,241,-254.35667531347605,-248.29453042701218,-251.96086564197398,-212.1728540797193
1064,64,1013,810,203,-213.0589960904117,-215.5837823539801,-211.2500922961568,-171.99449442131618
1064,65,847,677,170,-159.50749767252694,-139.21402802527587,-154.55362268796895,-122.3230676143528
1064,66,943,754,189,-239.1460887114905,-231.5253594997139,-233.8929159573117,-198.91420626495756
1064,67,786,628,158,-187.16160467686888,-198.1969217211428,-195.63975878681552,-168.78638112038846
1064,68,898,718,180,-173.77947121443518,-168.93153354625582,-168.2626520971874,-142.53343743481605
1064,69,794,635,159,-172.17141091104475,-167.51653211209336,-172.32343673793628,-145.66258199853195
1064,70,603,482,121,-151.9341518961928,-151.08835812798714,-153.6572044753944,-129.0495793326342
1064,71,876,700,176,-214.24420992406002,-200.64648960384554,-202.81193429967306,-184.78520411244165
1064,72,838,670,168,-187.74957267633744,-180.36923858735435,-182.16977679103474,-151.9098221591189
1064,73,883,706,177,-155.07929727458935,-141.28573701330183,-151.13762255845143,-113.12167502885632
1064,74,705,564,141,-129.09478040141175,-153.53768787973078,-136.62120937942996,-101.32465763535606
1064,75,696,556,140,-162.77361435448927,-155.60815073790852,-159.1262365822125,-141.1037976191937
1064,76,630,504,126,-98.46610569027364,-99.19557197641599,-100.12971761094349,-71.74376029341465
1064,77,737,589,148,-129.8004930119088,-127.35662459780627,-125.6931716563638,-116.62884899192306
1064,78,686,548,138,-148.17753838198266,-151.0292569633758,-149.27204684557444,-129.1269634695596
1064,79,697,557,140,-129.14676693378138,-126.35431837454828,-128.85855412084558,-106.55125012566418
1064,80,532,425,107,-155.27284943487066,-164.65542243020062,-159.7975800562978,-133.20005522812903
1064,81,567,453,114,-124.37440696040392,-122.3689139037742,-123.12230710519941,-105.44174244938176
1064,82,679,543,136,-154.85730079748717,-153.10727576848106,-153.23632102831567,-136.37864872511057
1064,83,741,592,149,-148.05833684230294,-136.4757601115897,-141.88774915644848,-126.60180718195022
1064,84,616,492,124,-157.00905435357004,-141.42381258443606,-146.54970504688092,-139.3967343681922
1064,85,567,453,114,-125.69713790276516,-179.82587175683537,-131.78419352449308,-96.79112577333092
1064,86,236,188,48,-47.05079006239218,-56.25360353861051,-50.54473734752135,-37.35197844605139
1064,87,407,325,82,-117.19144288759931,-113.23779667389378,-113.29803085364927,-98.42049835305443
1064,88,566,452,114,-131.98462811248572,-135.13016682088383,-132.61464365288612,-125.78479119934173
1065,1,677,541,136,-221.8106318550043,-168.37831462497545,-205.8931748079722,-162.15741706944755
1065,2,998,798,200,-306.14033715249764,-229.02325966917306,-287.26057082109776,-243.3902175315476
1065,3,1640,1312,328,-482.40997072020116,-365.7188789149453,-447.66163526238864,-377.108299218459
1065,4,1799,1439,360,-502.5797166253728,-379.6165402802237,-463.72950053973574,-352.879577891234
1065,5,921,736,185,-283.1386231070233,-199.7210244640529,-273.6908936811439,-201.5296638221946
1065,6,244,195,49,-105.25430727515302,-89.1626210744633,-95.72947051510725,-97.21152130562984
1065,7,470,376,94,-131.42383182957903,-132.93373526539105,-138.2191169074414,-125.52190145181447
1065,8,327,261,66,-113.0321756217721,-100.9270611341121,-108.20542928022016,-105.13121344728074
1065,9,829,663,166,-359.13925009128235,-312.7182432322174,-317.35147288191195,-311.8510155411077
1065,10,883,706,177,-349.6635697972805,-287.4227024116886,-320.2956080745854,-291.8849890627166
1065,11,810,648,162,-375.7037492144098,-301.15891899350066,-318.0992629445788,-335.59371554226595
1065,12,396,316,80,-142.09669003980343,-125.85139805404165,-134.00324605775148,-126.84123740361065
1065,13,176,140,36,-56.278192035653916,-95.90011880277869,-55.94649164675399,-45.63855254009715
1065,14,615,492,123,-207.1093580059588,-203.9829587013942,-204.22386042833256,-175.5685754512357
1065,15,685,548,137,-215.3026964197215,-212.83782595939104,-213.78685776826833,-206.23576135589087
1065,16,637,509,128,-208.6745852632529,-207.9814528496182,-209.38427915104023,-174.67614423550287
1065,17,682,545,137,-215.1263473577916,-218.8567264231134,-218.65956519082144,-182.68404878780984
1065,18,525,420,105,-167.0351593067147,-159.23540476184328,-165.31085079651697,-143.43809723465142
1065,19,589,471,118,-166.86848881020728,-168.01167252143122,-168.57685910616087,-131.6080429857774
1065,20,848,678,170,-267.69901648113364,-269.71452703141057,-269.7773372466883,-220.98916609846617
1065,21,1200,960,240,-365.58693888183603,-392.549602120662,-374.4284253565137,-309.34582142373733
1065,22,1539,1231,308,-462.1739564910694,-465.9021230191413,-467.3510480856769,-351.28112653280937
1065,23,1409,1127,282,-493.7782542300094,-478.2537095347608,-490.1299862122877,-440.19934514917736
1065,24,1137,909,228,-370.63721321242946,-366.8954133250393,-370.0803153205044,-291.995285076262
1065,25,1351,1080,271,-420.3310595337611,-460.3540002059636,-419.861804779046,-321.2873750584058
1065,26,1169,935,234,-382.776814284237,-404.5602252989273,-406.2804344264001,-344.20587220913785
1065,27,1356,1084,272,-435.341097183433,-427.28072398252993,-435.2918726367594,-334.62318591651274
1065,28,1072,857,215,-375.7356891249357,-390.10494305047945,-392.6857491198824,-328.1685051906936
1065,29,664,531,133,-198.47190461569002,-203.14972961255654,-203.8918531514947,-163.5438603495387
1065,30,600,480,120,-187.91138191284415,-188.62969187844186,-188.62909247591728,-157.4232864202056
1065,31,598,478,120,-193.29460694515834,-203.2765176284105,-194.74640965836738,-168.33640540125657
1065,32,554,443,111,-172.58247334269785,-175.63345466421885,-174.15710072420885,-136.2005300631301
1065,33,531,424,107,-196.2337097988068,-200.01478144402967,-199.95429029962153,-186.40107864355537
1065,34,642,513,129,-221.5151731636787,-221.76720673304732,-221.37517299830577,-184.39717725855348
1065,35,881,704,177,-276.0195640903749,-277.04943188444594,-278.7342589342236,-236.98445241800596
1065,36,1050,840,210,-355.81398540350716,-368.6623210721612,-368.3888615167073,-290.7268727052676
1065,37,1031,824,207,-342.57778672250214,-354.6302377613863,-354.8262084350854,-307.759961919902
1065,38,998,798,200,-318.51465381067254,-322.7188593570252,-320.58634085445766,-279.3264094056251
1065,39,960,768,192,-326.6234082694899,-327.02058074772,-326.64926374958577,-289.8245998180005
1065,40,1043,834,209,-355.73591912486836,-358.03709123474715,-357.9436328343978,-282.825477781204
1065,41,749,599,150,-264.47161605970086,-285.7907731478202,-287.6801408707736,-231.4496369416613
1065,42,663,530,133,-228.74599140162593,-229.6710976647131,-229.84133444971357,-200.69639065372348
1065,43,676,540,136,-205.96379991214135,-208.92778269208767,-209.25016470042928,-170.41297511851633
1065,44,902,721,181,-276.89001463299695,-276.2702504891685,-276.9138932162585,-233.37698127984459
1065,45,835,668,167,-256.65223426591473,-258.3354111250583,-262.2869909387595,-242.66082634018733
1065,46,564,451,113,-184.50982184986273,-184.11107575893826,-183.80677970753632,-165.87002253217668
1065,47,571,456,115,-195.30496024818717,-198.42089280476264,-199.0157223487314,-150.66678583888142
1065,48,907,725,182,-305.57087698569717,-310.7260188893474,-311.05169875920166,-283.68913069445614
1065,49,581,464,117,-177.2691484655109,-185.8463096185264,-185.89491436908523,-150.48581943648674
1065,50,641,512,129,-199.79334510398127,-204.72840251530496,-206.34348686207335,-171.6874687623573
1065,51,490,392,98,-148.80149689928177,-148.27501429487623,-148.52936152331094,-135.7935231536842
1065,52,771,616,155,-219.99403138747743,-241.59392290697383,-220.3804924790348,-170.8165975681095
1065,53,536,428,108,-165.34887716048988,-161.37225979757196,-166.08258555921256,-152.66151196762667
1065,54,1133,906,227,-358.7686535122453,-359.804354480774,-359.30767365548496,-291.6145663210789
1065,55,625,500,125,-193.12812720595701,-195.3665616070457,-195.0337663840506,-159.1542854330662
1065,56,536,428,108,-185.17016089906932,-177.21742830140187,-177.18279321476265,-154.2331362114502
1065,57,123,98,25,-42.965717530049346,-49.06909072259092,-49.02383988471389,-47.354509532451885
1065,58,135,108,27,-53.451955109822734,-49.97146264700116,-50.01746691370893,-56.183045673121626
1072,1,165,132,33,-37.41048469494453,-44.61919914201399,-37.31126176913902,-36.12453934652294
1072,2,673,538,135,-194.58293134735658,-212.7650538837749,-187.77363210518277,-171.88281385171814
1072,3,682,545,137,-137.1748995252649,-115.69998591145014,-110.80239284220679,-115.11373130086889
1072,4,500,400,100,-91.54265074845954,-81.69646195171045,-83.1170228251126,-87.61571547288804
1072,5,386,308,78,-85.70532952741497,-86.6273556586513,-92.45652754699486,-83.44595735042355
1072,6,251,200,51,-96.87472432956626,-73.93460492234648,-83.4252971436912,-91.28325963194555
1072,7,530,424,106,-215.92128541507248,-163.8182576011356,-178.48760794466955,-198.71811867743986
1072,8,432,345,87,-157.80929844663353,-161.36846733795693,-140.1925049507486,-144.10243761378126
1072,9,255,204,51,-96.14276216712581,-86.42983955568711,-88.52984706346861,-90.13213623839545
1072,10,220,176,44,-49.679473044861965,-69.01180891123573,-51.13601044217259,-45.637331832273105
1072,11,410,328,82,-171.09764001336177,-156.76602536582695,-162.2877328228654,-144.21065162996575
1072,12,474,379,95,-159.11374988711967,-139.27840858181554,-146.20455421835658,-146.75079136895442
1072,13,221,176,45,-68.76833940456125,-63.12651018553058,-67.37019105880108,-61.29995920069871
1072,14,271,216,55,-79.42572000367343,-76.91859338373452,-80.61964637213464,-71.51364526269936
1072,15,416,332,84,-110.39170083854577,-100.15463204688947,-109.57378791639341,-107.03041529547437
1072,16,391,312,79,-173.58227207472302,-171.50054114391688,-172.71410734075238,-145.40136461216582
1072,17,403,322,81,-134.077141060609,-145.09970135729233,-139.28144717184043,-122.03293231297823
1072,18,513,410,103,-126.44100615607094,-127.92243262111293,-127.49340440616552,-114.87620935959126
1072,19,553,442,111,-104.52199353240904,-103.32852928324495,-102.43425489054381,-95.66449657408424
1072,20,599,479,120,-141.89294598085135,-142.45959554394886,-143.2753687575558,-124.67725102320856
1072,21,654,523,131,-150.00022990591626,-144.63248606382862,-150.22917590253863,-125.27599188492559
1072,22,806,644,162,-198.30368169591023,-178.70044853339093,-190.16567288929693,-175.34791575643214
1072,23,619,495,124,-197.9937784317917,-189.91078446901767,-192.95281804142178,-180.66692117189882
1072,24,645,516,129,-221.85533234846662,-212.3771732773463,-212.2218246069032,-202.2531544063844
1072,25,705,564,141,-210.31490681037502,-218.66952371196032,-218.69527611854664,-194.51920103020097
1072,26,836,668,168,-193.88895374613023,-203.44286075662953,-203.45005596399093,-174.98148547594337
1072,27,622,497,125,-164.40313780495066,-194.47187696682482,-164.53679160797782,-157.19115484798573
1072,28,881,704,177,-259.4589615808092,-265.9166928248731,-265.56636055536063,-230.95674829104985
1072,29,752,601,151,-219.3532220805324,-211.86635787313563,-216.82939659940143,-196.04768714306033
1072,30,1095,876,219,-269.79735054047734,-244.5053077980812,-262.3618381950609,-239.75640208073264
1072,31,615,492,123,-138.01593126599315,-160.8061274123523,-147.72816237571607,-129.44001364203734
1072,32,781,624,157,-178.05047300432872,-183.7145958836927,-181.67025885825777,-159.2861882997678
1072,33,726,580,146,-184.85879050965323,-213.22603527401023,-192.92576188286105,-145.61274880226188
1072,34,994,795,199,-191.18461714360973,-171.6039448499586,-188.44736584024668,-160.25658144370027
1072,35,703,562,141,-176.0477744680575,-172.6952840804962,-176.48798443282072,-161.2458283593079
1072,36,920,736,184,-239.27446617143937,-226.09843890506428,-235.4959976555329,-208.85486437747636
1072,37,695,556,139,-204.33199732706717,-197.334478176484,-197.91736271681532,-180.70226147146252
1072,38,682,545,137,-174.35789412779033,-160.75131596878364,-166.1556680456545,-152.2473875938481
1072,39,919,735,184,-195.7051757934266,-202.58157145299555,-200.18917034603317,-174.43935856623364
1072,40,817,653,164,-188.82335506803022,-184.4220190456849,-182.00409992959356,-168.71595811677696
1072,41,605,484,121,-148.4975884644671,-137.1069196244003,-137.46950954792965,-134.17293687831932
1072,42,904,723,181,-203.65896665150518,-219.6890865439339,-202.4868238264681,-178.45181400037143
1072,43,684,547,137,-158.9176926054679,-162.6159818409099,-167.24832941285334,-151.4444047129865
1072,44,769,615,154,-260.93621055483374,-263.30632548065535,-261.13392318772924,-236.8376568441621
1072,45,859,687,172,-181.05415303808184,-178.0918841316474,-177.52152640986066,-151.73449627946252
1072,46,618,494,124,-128.90480496377958,-146.72501196007778,-120.57101495619146,-106.25909327711065
1072,47,736,588,148,-144.97259202415728,-153.00235655978267,-145.64368502930932,-137.7321142930041
1072,48,737,589,148,-170.59049486345253,-209.48158996158725,-177.27318473735528,-141.73326536916932
1072,49,886,708,178,-188.66262511710505,-188.56445660326767,-191.72473695578702,-157.20392979924793
1072,50,681,544,137,-202.38857143993806,-195.6563494711611,-198.52043271139033,-186.47111286396785
1072,51,772,617,155,-245.3615361501088,-231.22578700890898,-233.33508363414015,-225.80435292224308
1072,52,858,686,172,-230.59789675588146,-223.3474524225247,-224.31359852111294,-205.93569651051507
1072,53,611,488,123,-164.35679501418463,-168.43773089980817,-166.53894700519726,-152.7703746999017
1072,54,837,669,168,-225.69816533630038,-237.3488489520662,-237.0838816503662,-205.99259204970258
1072,55,596,476,120,-144.6077705140308,-143.59344491705838,-145.03041172614797,-131.5336074349599
1072,56,750,600,150,-168.88465979105385,-169.65814933825834,-168.68429688149618,-138.87847931955127
1072,57,833,666,167,-269.36878438701893,-254.36797947780627,-254.24173826388463,-257.7753739556024
1072,58,838,670,168,-238.46876684622953,-226.3068997295823,-228.23395400870382,-207.4874082835031
1072,59,668,534,134,-214.94956354041,-372.5950060533234,-225.27088988679702,-195.868701301628
1072,60,926,740,186,-218.62248654671444,-229.79341695058494,-229.7414312315745,-200.06807357303182
1072,61,552,441,111,-177.87779457620638,-187.807803454207,-183.70242934065482,-170.43709478680353
1072,62,686,548,138,-168.43872383663137,-168.1857147510436,-167.28159109102174,-143.88825306604127
1072,63,812,649,163,-213.91853288412653,-208.85033997042473,-208.39026479141194,-190.64688854519363
1072,64,704,563,141,-238.06333869544983,-231.60377243723497,-231.880261091731,-220.98871450131855
1072,65,574,459,115,-266.2953091079727,-261.1935161414491,-261.3522363068396,-192.2133670172152
1072,66,803,642,161,-205.2743778989174,-251.91020632532124,-201.0824286898881,-188.59224059491714
1072,67,677,541,136,-627.8867792701516,-585.8983974852414,-615.2960172105279,-280.5823503514314
1072,68,426,340,86,-111.84430046318296,-76.91854234366079,-89.97257809389714,-97.9947468432623
1072,69,423,338,85,-133.2384941471928,-75.65774850866241,-98.71015209252579,-107.15493444860181
1072,70,366,292,74,-69.65530668053506,-34.589020707870006,-51.32028380855941,-56.89097428966923
Denna,1,485,388,97,-105.55700626472276,-103.32592319291805,-104.61353074045488,-108.20518452565688
Denna,2,322,257,65,-69.10625452208569,-63.87783576255935,-64.25465386871981,-67.90292295362218
Denna,3,852,681,171,-213.5349727659851,-185.7482422842567,-165.10056705535732,-184.9391529554265
Denna,4,316,252,64,-64.02931890022244,-65.39200333787586,-64.7612264417566,-59.26629623720032
Denna,5,573,458,115,-194.27954643163196,-265.37111840133394,-186.2725669426928,-210.81847868612113
Denna,6,500,400,100,-162.67220232339753,-193.570702401027,-161.2372892198728,-161.46165583389904
Denna,7,514,411,103,-145.9997210005164,-151.56761471266597,-143.7504782638733,-138.2523143053602
Denna,8,508,406,102,-171.71670524336736,-161.8388652845767,-161.81393065624184,-150.81062247886246
Denna,9,564,451,113,-163.56689360869774,-154.61257100781512,-156.25951656977583,-147.18734112971276
Denna,10,459,367,92,-132.66215974191533,-123.09485136334156,-127.42988317649427,-113.59701255754487
Dopey,1,819,655,164,-130.77208780140506,-109.37181048412045,-127.25041972033252,-111.96233142068468
Dopey,2,2034,1627,407,-367.148408194833,-338.5493329091463,-362.1484557912838,-314.3939648070218
Dopey,3,1618,1294,324,-503.0465472243096,-465.3195377338575,-479.2560284484066,-469.75792306541643
Dopey,4,659,527,132,-136.76932723476284,-164.2068538600449,-161.8974656736054,-123.3996763385685
Dopey,5,1511,1208,303,-365.00170404266515,-364.3856403447252,-366.50721592459735,-327.9763725107359
Dopey,6,1607,1285,322,-301.007681262637,-320.44052912959677,-328.31746009451194,-258.8925068452829
Dopey,7,1021,816,205,-220.57868370067374,-212.26799853860396,-221.63169096906162,-191.28943444599486
Dopey,8,1595,1276,319,-385.13006622510335,-364.92199855783866,-389.10955027976433,-345.0746553339318
Dopey,9,1511,1208,303,-440.9179527319337,-399.4620388586221,-421.8510000267879,-421.5835217697329
Dopey,10,399,319,80,-96.3763434309001,-116.07170194011718,-96.08734161671296,-92.34378986202421
Draco,1,370,296,74,-49.85628084281052,-49.29835115851349,-49.66746579374935,-50.58774378194411
Draco,2,1454,1163,291,-258.23630409677895,-240.4275444175353,-241.24515334429614,-257.164399138209
Draco,3,848,678,170,-241.6640606314121,-234.5389660484403,-204.1514246621543,-247.49280738042228
Draco,4,642,513,129,-357.11533230406707,-183.41349492564302,-361.61278471154617,-108.5548424891424
Draco,5,1561,1248,313,-217.2980278723827,-407.4482160725458,-224.95612461555893,-202.99029133543104
Draco,6,1544,1235,309,-281.6887330868873,-285.3882207050568,-288.0109108304334,-269.3877130072417
Draco,7,1703,1362,341,-322.23927282076477,-311.04166563180695,-316.7630430322645,-304.86235402983107
Draco,8,1683,1346,337,-384.92443776729556,-377.0468878298077,-376.88253143378813,-292.8635125779051
Draco,9,2059,1647,412,-608.4881051329403,-560.6844180956793,-598.5099700987422,-415.40486634859303
Draco,10,589,471,118,-100.19602295326291,-91.09676307337956,-102.42829068663433,-92.77128747716978
Randy,1,492,393,99,-117.2231598510979,-120.36602624666568,-115.16909879204341,-111.27790544879196
Randy,2,1098,878,220,-194.45774373337676,-190.71553780685176,-193.88908751852182,-177.41484201562105
Randy,3,688,550,138,-186.73170904482868,-138.05888159066646,-181.7198428331783,-146.82189403662528
Randy,4,1538,1230,308,-194.43754533672268,-197.90026546068398,-196.15720874020204,-166.1745698321654
Randy,5,2086,1668,418,-339.1879612300472,-331.9828823852305,-341.75192127848675,-288.15147659628315
Randy,6,1876,1500,376,-330.5214062135817,-316.0892381572349,-322.62839649526217,-285.53786905489915
Randy,7,604,483,121,-140.05111564051933,-126.4836030032655,-127.78944509511011,-131.49243763301774
Remy,1,1109,887,222,-210.71564505998208,-272.9755910907862,-198.54964414979287,-129.9910933742458
Remy,2,2944,2355,589,-652.3003708066675,-615.8469562404355,-633.4269932417919,-444.63308473669485
Remy,3,2153,1722,431,-318.9653350916826,-288.50265287407,-302.41673282323455,-195.60759330394353
Remy,4,1984,1587,397,-320.95248855316436,-419.05669205486686,-414.20216860197485,-245.05109297273134
Remy,5,2885,2308,577,-389.9162668747225,-393.1929595240517,-397.18834211765727,-269.0113166048618
Remy,6,3159,2527,632,-449.4789010610192,-412.4415212524771,-438.993556499173,-327.93011054865997
Remy,7,2496,1996,500,-459.3143113402146,-386.06854358884686,-440.5925299705287,-304.1003586697368
Remy,8,2671,2136,535,-465.9534102019387,-436.7021472364125,-458.35371610924756,-333.11442201129876
Remy,9,3106,2484,622,-565.9875127748362,-575.1550012809744,-567.1452556372659,-379.96263376530146
Remy,10,975,780,195,-200.0581225709663,-1367.337319893151,-224.22965528531003,-127.58999717331835
Rhea,1,509,407,102,-145.7926024334176,-111.2946824969062,-136.71906986588525,-128.08985986772336
Rhea,2,2095,1676,419,-626.495839822543,-495.1935965276719,-604.4595182413615,-463.6251280272411
Rhea,3,1384,1107,277,-396.3762410073161,-343.71346181467106,-410.84292784661517,-288.07236371408067
Rhea,4,1228,982,246,-451.4233582454767,-411.7914644262405,-421.6193971994153,-263.49377895644704
Rhea,5,2618,2094,524,-700.8605393073198,-734.4603565251547,-729.5955195712958,-420.9097754326999
Rhea,6,2118,1694,424,-629.5278533735881,-420.66049378842916,-623.1841293637406,-397.3444831475372
Rhea,7,1651,1320,331,-523.3590007414222,-361.3309733460268,-508.429562087293,-349.1537606906202
Rhea,8,2346,1876,470,-729.5057806708344,-563.2546830406955,-720.1099162314847,-503.2775370933439
Rhea,9,2450,1960,490,-713.9318803015967,-537.5234693264678,-710.3872644627388,-445.4685735828116
Rhea,10,814,651,163,-226.14386081528232,-194.8024718029567,-243.0496030240727,-120.58259691892653
Robert,1,1158,926,232,-300.9857445142681,-225.01797941976722,-294.34749370833794,-203.86691644451344
Robert,2,2438,1950,488,-633.366661563836,-488.2113718392692,-606.4680494596258,-451.8449898800218
Robert,3,1301,1040,261,-311.4185342543636,-253.1738881165877,-320.02050799801043,-158.8880846230976
Robert,4,1142,913,229,-302.25388914895063,-268.58014800087784,-320.0399600086973,-204.9523111143193
Robert,5,1837,1469,368,-504.3281512903358,-453.7099176883664,-523.7939469326176,-352.6204474408155
Robert,6,2614,2091,523,-798.4605090094327,-816.5863899641957,-816.1847911957117,-632.8847933462757
Robert,7,2280,1824,456,-639.6571984318399,-658.9733819972649,-665.1814090428194,-470.5150407306637
Robert,8,1921,1536,385,-656.0441209506381,-715.8051047983957,-648.8141332522385,-557.8183007491373
Robert,9,3048,2438,610,-812.3160524683879,-797.5049181096014,-807.2658931276264,-429.781953686464
Robert,10,928,742,186,-231.4003621501696,-179.4021315605715,-242.50670762373645,-154.9920042060021
Ron,1,1168,934,234,-248.92129404226114,-250.43798835034175,-255.78046280893503,-196.90925620574774
Ron,2,2866,2292,574,-773.633400456562,-630.5486100894043,-690.9109247360373,-583.9682154979091
Ron,3,1758,1406,352,-528.1185792415828,-472.80735719343477,-553.4708691039393,-292.0144627890172
Ron,4,2038,1630,408,-202.81921764047533,-224.26912364331875,-225.94690477721207,-186.84994886514812
Ron,5,2258,1806,452,-376.14028464584294,-677.8926936594515,-382.51481429085,-320.5174345185619
Ron,6,323,258,65,-68.20497496424107,-65.80673648173342,-67.21462679376086,-66.12677723304245
Ron,7,148,118,30,-44.487134363183664,-43.23827405526403,-43.16280348593239,-45.69089333638131
Ron,8,120,96,24,-12.494378780448272,-13.029485265334172,-12.87916390218677,-10.596359926909301
Rudy,1,603,482,121,-229.61356946950852,-180.7394796785002,-187.85749261378342,-208.7111867186104
Rudy,2,1849,1479,370,-625.8300533496363,-566.4388282358069,-569.0206965905365,-560.9125610635147
Rudy,3,931,744,187,-152.5268068239863,-139.00067009656732,-130.92834477609296,-132.45081881317537
Rudy,4,2306,1844,462,-528.9621925336686,-585.9395297811079,-586.719347516286,-447.4295730654851
Rudy,5,3049,2439,610,-604.6060552897815,-592.3565140715974,-616.344565480646,-508.15850540721704
Rudy,6,2393,1914,479,-471.3693436132476,-447.36471596782405,-463.10835134498984,-429.90699755648507
Rudy,7,2635,2108,527,-625.5791203128274,-566.7059173170788,-603.776225251386,-536.995734776955
Rudy,8,3094,2475,619,-749.8793246018114,-747.3611539307657,-747.1699526707946,-625.938839122703
Rudy,9,3217,2573,644,-999.582886745469,-943.4098062606162,-963.8821976523388,-848.0974937849765
Rudy,10,838,670,168,-234.01610926194266,-264.6012001123777,-271.83655309274513,-193.3308023720689
