rat,n_test,ddm,session_ddm,session_ddm_tau,hmm
1029,5514,-0.964636634558221,-0.9998010263482485,-0.9601120425637033,-0.7699090069169402
1052,13708,-1.0473210152654726,-1.0493784069397163,-1.0487826064786867,-0.9391986137744427
1054,8222,-1.7618982712809979,-1.5122550065054545,-1.7538133614114106,-1.4237933088348131
1059,3461,-1.4861447926574176,-1.6158810734940536,-1.4877238457566069,-1.392632488539884
1060,11406,-1.7091224439258608,-1.7369726832914496,-1.7221772003899394,-1.487313989266316
1062,18911,-1.290022283732679,-1.2973143164991379,-1.2788074410154082,-1.197879935118101
1064,13344,-1.0371669173252622,-1.0444857667311338,-1.0367308843613403,-0.8667665461764322
1065,9218,-1.626268508980454,-1.5774725687990263,-1.614172348721502,-1.365329030177544
1072,9031,-1.3852474211259513,-1.379003772313846,-1.356613141872902,-1.2035053326907825
Denna,1022,-1.3924900007852665,-1.4367903402625934,-1.3067452474904495,-1.3135430348957011
Dopey,2559,-1.1515235646147808,-1.1156691841956519,-1.1543792999394547,-1.0381688848766684
Draco,2494,-1.1313979861702492,-1.0987909093658415,-1.1083511223773728,-0.8989895018307495
Randy,1680,-0.894411095863199,-0.8461883539586896,-0.8804196433052408,-0.7778994015579784
Remy,4700,-0.8582217796457859,-1.0994211457523557,-0.8670422541353141,-0.5865939793959133
Rhea,3446,-1.4925760176200802,-1.2112668755354672,-1.4824134961967217,-0.9808525413323945
Robert,3738,-1.388504875276143,-1.29934864405963,-1.4030558834535638,-0.9679413703106771
Ron,2139,-1.0541464535458611,-1.1117486062357562,-1.0434224263201748,-0.7960137206043559
Rudy,4187,-1.2471854459044374,-1.2022731825775594,-1.2277630109839022,-1.0728284004492932
