cohort,rat,split_n_test,split_ddm,split_session_ddm,split_hmm
daily,1034,3875,-0.7938271206169434,-0.7777071038837414,-0.6188917123784768
daily,1066,4687,-0.6846783892252744,-0.6304283668940802,-0.5241466855104169
daily,1067,4740,-1.324433708857936,-1.2046457879051489,-1.1171662298062468
daily,1068,3016,-0.8087358187709932,-0.7204143759955399,-0.6111935341526538
daily,1069,3970,-1.585369753753094,-1.2215015446290012,-0.7910370724594162
daily,1073,4923,-0.7592721367289723,-0.7056725350722586,-0.6746589045109029
daily,1074,2964,-1.175805432629409,-1.0353821104982013,-0.9681395088034868
daily,Daenerys,3058,-1.2316910010984323,-1.0433517657023712,-0.5509157959001476
daily,Dash,5027,-0.687324089618641,-0.6599936857461405,-0.5694659874814066
daily,Dobby,4985,-0.7799395680602559,-0.6896725965149663,-0.5264433931291377
daily,Dory,3453,-0.6601311674784028,-0.6373956117602009,-0.533383647449254
daily,Regina,10033,-1.4747576376009346,-1.2284929428754399,-0.8741791043155662
daily,Rhubarb,1861,-1.4288460770401592,-1.4151012097300166,-0.9249527470750288
24hr,1029,5514,-0.964636634558221,-0.9601120425637033,-0.7699090069169402
24hr,1052,13708,-1.0473210152654726,-1.0487826064786867,-0.9391986137744427
24hr,1054,8222,-1.7618982712809979,-1.5122550065054545,-1.4237933088348131
24hr,1059,3461,-1.4861447926574176,-1.4877238457566069,-1.392632488539884
24hr,1060,11406,-1.7091224439258608,-1.7221772003899394,-1.487313989266316
24hr,1062,18911,-1.290022283732679,-1.2788074410154082,-1.197879935118101
24hr,1064,13344,-1.0371669173252622,-1.0367308843613403,-0.8667665461764322
24hr,1065,9218,-1.626268508980454,-1.5774725687990263,-1.365329030177544
24hr,1072,9031,-1.3852474211259513,-1.356613141872902,-1.2035053326907825
24hr,Denna,1022,-1.3924900007852665,-1.3067452474904495,-1.3135430348957011
24hr,Dopey,2559,-1.1515235646147808,-1.1156691841956519,-1.0381688848766684
24hr,Draco,2494,-1.1313979861702492,-1.0987909093658415,-0.8989895018307495
24hr,Randy,1680,-0.894411095863199,-0.8461883539586896,-0.7778994015579784
24hr,Remy,4700,-0.8582217796457859,-0.8670422541353141,-0.5865939793959133
24hr,Rhea,3446,-1.4925760176200802,-1.2112668755354672,-0.9808525413323945
24hr,Robert,3738,-1.388504875276143,-1.29934864405963,-0.9679413703106771
24hr,Ron,2139,-1.0541464535458611,-1.0434224263201748,-0.7960137206043559
24hr,Rudy,4187,-1.2471854459044374,-1.2022731825775594,-1.0728284004492932
