rat,K,tied,n_trials,n_params,logL,bic
1029,4,B,27385,28,-20155.91256,40597.92213
1029,4,a₀,27385,28,-19615.06693,39516.23087
1029,4,full,27385,31,-19541.03141,39398.81309
1029,4,v,27385,28,-19589.9755,39466.04802
1029,4,τ,27385,28,-22434.99664,45156.0903
1029,4,τ_a₀,27385,25,-22713.64687,45682.73751
1052,4,B,68394,28,-64285.55467374825,128882.83447814951
1052,4,a₀,68394,28,-64523.408228243774,129358.54158714056
1052,4,full,68394,31,-63143.565523937774,126632.25529966995
1052,4,v,68394,28,-63229.6554161903,126771.0359630336
1052,4,τ,68394,28,-67123.36042565248,134558.44598195798
1052,4,τ_a₀,68394,25,-67378.5708457094,135035.46770093043
1054,4,B,40919,28,-56610.468139577286,113518.27807304607
1054,4,a₀,40919,28,-56284.704806612106,112866.7514071157
1054,4,full,40919,31,-56028.27939007229,112385.7586233816
1054,4,v,40919,28,-56068.73964164687,112434.82107718523
1054,4,τ,40919,28,-62263.17052635647,124823.68284660444
1054,4,τ_a₀,40919,25,-62752.601144690314,125770.68603392661
1059,4,B,17168,28,-21972.40362088452,44217.829710785416
1059,4,a₀,17168,28,-21931.920507107192,44136.86348323076
1059,4,full,17168,31,-21873.58851359029,44049.451903591565
1059,4,v,17168,28,-21907.97187395573,44088.96621692783
1059,4,τ,17168,28,-22884.081062957666,46041.18459493171
1059,4,τ_a₀,17168,25,-22914.819198505968,46073.4084586337
1060,4,B,56849,28,-83092.58160930821,166491.71152806492
1060,4,full,56849,31,-80368.79437518714,161076.98152154937
1060,4,v,56849,28,-80540.74562802192,161388.03956549233
1060,4,τ,56849,28,-85984.65436694959,172275.85704334767
1060,4,τ_a₀,56849,25,-86029.48390776056,172332.67166324297
1062,4,B,94387,28,-107186.6201,214693.9847
1062,4,a₀,94387,28,-106458.2614,213237.2672
1062,4,full,94387,31,?104868.015692381,210091.1413
1062,4,v,94387,28,-105384.4001,211089.5447
1062,4,τ,94387,28,-109963.6883,220248.121
1062,4,τ_a₀,94387,25,-110265.192,220816.763
1064,4,B,66524,28,-53981.24016698274,108273.4292397516
1064,4,a₀,66524,28,-53819.25696082269,107949.4628274315
1064,4,full,66524,31,-53585.90502114872,107516.07490227492
1064,4,v,66524,28,-53640.67308140928,107592.29506860468
1064,4,τ,66524,28,-58283.730982438006,116878.41087066213
1064,4,τ_a₀,66524,25,-57752.372251021596,115782.37745363794
1065,4,B,45974,28,-59895.25049640637,120091.1042691647
1065,4,a₀,45974,28,-62593.24154688508,125487.08637012212
1065,4,full,45974,31,-59210.041036528986,118752.89284330478
1065,4,v,45974,28,-59805.96485283309,119912.53298201814
1065,4,τ,45974,28,-67173.66808596229,134647.93944827653
1065,4,τ_a₀,45974,25,-67537.532939036,135343.4616605291
1072,4,a₀,45003,28,-50681.4091134156,101662.82379096071
1072,4,full,45003,31,-50604.20381358131,101540.55664459174
1072,4,v,45003,28,-50970.84669721678,102241.69895856308
1072,4,τ,45003,28,-53216.87123292152,106733.74802997256
1072,4,τ_a₀,45003,25,-53319.262674855665,106906.38746054126
Denna,4,B,5093,28,-5795.652130176548,11830.301685505865
Denna,4,a₀,5093,28,-5799.397157395696,11837.791739944161
Denna,4,full,5093,31,-5588.656907061675,11441.918106256773
Denna,4,v,5093,28,-5606.961989169908,11452.921403492584
Denna,4,τ,5093,28,-5903.937805990854,12046.873037134477
Denna,4,τ_a₀,5093,25,-5967.400358007598,12148.191274187311
Dopey,4,B,12774,28,-12463.67659,25192.09786
Dopey,4,a₀,12774,28,-12574.71031,25414.16531
Dopey,4,full,12774,31,?12185.0007,24663.11158
Dopey,4,v,12774,28,-12236.757,24738.25869
Dopey,4,τ,12774,28,-13414.69359,27094.13187
Dopey,4,τ_a₀,12774,25,-13485.11312,27206.60541
Draco,4,B,12453,28,-9925.080652,20114.19338
Draco,4,a₀,12453,28,-9757.278669,19778.58941
Draco,4,full,12453,31,-9595.844446,19483.94366
Draco,4,v,12453,28,-9611.019911,19486.07189
Draco,4,τ,12453,28,-13470.60927,27205.25061
Draco,4,τ_a₀,12453,25,-12414.58931,25064.92155
Randy,4,B,8382,28,-6103.833834062323,12460.615239322227
Randy,4,a₀,8382,28,-6032.028541828059,12317.0046548537
Randy,4,full,8382,31,-5973.414599705628,12226.87829609429
Randy,4,v,8382,28,-6024.973351558474,12302.894274314529
Randy,4,τ,8382,28,-6444.447244600156,13141.842060397894
Randy,4,τ_a₀,8382,25,-6467.2465744548,13160.339194621725
Remy,4,B,23482,28,-13858.06977939301,27997.931263363345
Remy,4,a₀,23482,28,-13498.689842771071,27279.171390119467
Remy,4,full,23482,31,-13258.416358440163,26828.816389805223
Remy,4,v,23482,28,-13430.035398893795,27141.862502364915
Remy,4,τ,23482,28,-15865.94650547935,32013.684715536026
Remy,4,τ_a₀,23482,25,-16329.930036355108,32911.45980893997
Rhea,4,B,17213,28,-16753.7404233806,33780.576612116805
Rhea,4,a₀,17213,28,-16699.51146739779,33672.118700151186
Rhea,4,full,17213,31,-16420.27251039445,33142.90104671832
Rhea,4,v,17213,28,-16569.53484179871,33412.16544895303
Rhea,4,τ,17213,28,-19914.352992389406,40101.801750134415
Rhea,4,τ_a₀,17213,25,-20123.87238768331,40491.58028014841
Robert,4,B,18667,28,-17300.92886814993,34877.224087364775
Robert,4,a₀,18667,28,-17106.90982894993,34489.186008964774
Robert,4,full,18667,31,-16747.794211498884,33800.458311676775
Robert,4,v,18667,28,-16795.699475372672,33866.76530181026
Robert,4,τ,18667,28,-19854.869223270034,39985.10479760498
Robert,4,τ_a₀,18667,25,-20199.952897894695,40645.76860924021
Ron,4,B,10679,28,-7938.377971599897,16136.484908504597
Ron,4,a₀,10679,28,-7517.106672377691,15293.942310060185
Ron,4,full,10679,31,-7437.631155174238,15162.819379078794
Ron,4,v,10679,28,-7491.216231367826,15242.161428040456
Ron,4,τ,10679,28,-9359.365450705194,18978.45986671519
Ron,4,τ_a₀,10679,25,-8772.451105477476,17776.803072834242
Rudy,4,B,20915,28,-20318.626839554574,40915.803891857686
Rudy,4,a₀,20915,28,-19966.06704109984,40210.684294948216
Rudy,4,full,20915,31,-19832.428194982538,39973.25126836524
Rudy,4,v,20915,28,-19922.60020272635,40123.75061820124
Rudy,4,τ,20915,28,-21927.571692298734,44133.693597346006
Rudy,4,τ_a₀,20915,25,-21993.368722186657,44235.44299147022
