rat_name,iter,elbo
Denna,1,-11105.628607100958
Denna,2,-8973.86328961391
Denna,3,-8085.659468199145
Denna,4,-7628.324949088137
Denna,5,-7365.634924156064
Denna,6,-7182.540602396169
Denna,7,-7022.710785342793
Denna,8,-6945.816369186383
Denna,9,-6872.656732630579
Denna,10,-6801.557220778982
Denna,11,-6752.530803956589
Denna,12,-6710.313749405476
Denna,13,-6662.852013305904
Denna,14,-6634.539108312837
Denna,15,-6603.765759156121
Denna,16,-6599.758278944493
Denna,17,-6586.139756625553
Denna,18,-6561.757742601135
Denna,19,-6544.016942505173
Denna,20,-6536.337581672754
Denna,21,-6519.243318307525
Denna,22,-6515.007753619795
Denna,23,-6502.7693819982305
Denna,24,-6499.45981744241
Denna,25,-6484.578504340357
Dopey,1,-27477.17925665281
Dopey,2,-20667.70014078534
Dopey,3,-18625.185361272383
Dopey,4,-17435.395828551227
Dopey,5,-16847.30922521966
Dopey,6,-16396.230328219495
Dopey,7,-16070.08480499245
Dopey,8,-15837.026890236084
Dopey,9,-15703.152683988606
Dopey,10,-15481.43213820747
Dopey,11,-15381.931059798237
Dopey,12,-15327.593312172256
Dopey,13,-15242.063128275495
Dopey,14,-15200.967721394702
Dopey,15,-15112.308748117954
Dopey,16,-15056.386290971523
Dopey,17,-14993.950291054829
Dopey,18,-14944.421844653421
Dopey,19,-14896.129262152268
Dopey,20,-14828.1881208788
Dopey,21,-14891.847665585045
Dopey,22,-14810.645674063258
Dopey,23,-14770.16902661624
Dopey,24,-14727.425008547756
Dopey,25,-14727.424479026551
Draco,1,-26029.190138421076
Draco,2,-19866.22238281326
Draco,3,-17641.725786020044
Draco,4,-16444.32783333887
Draco,5,-15665.502398248294
Draco,6,-15216.18659619148
Draco,7,-14878.831524109217
Draco,8,-14607.0561900152
Draco,9,-14365.153327681935
Draco,10,-14174.19614714516
Draco,11,-14033.730908987656
Draco,12,-13974.9853197625
Draco,13,-13844.643980280995
Draco,14,-13694.108069963933
Draco,15,-13574.86941375648
Draco,16,-13483.324185599859
Draco,17,-13401.564435603268
Draco,18,-13302.330883868846
Draco,19,-13248.942279500658
Draco,20,-13202.019900581874
Draco,21,-13199.174443870537
Draco,22,-13109.82026107023
Draco,23,-13102.258780763354
Draco,24,-13111.96786439427
Draco,25,-13046.08502281282
Randy,1,-17788.22830436446
Randy,2,-13033.125014614245
Randy,3,-11582.220741912051
Randy,4,-10729.186770948278
Randy,5,-10182.08445127362
Randy,6,-9777.684937336497
Randy,7,-9423.917786448705
Randy,8,-9190.016255558416
Randy,9,-8983.448910965342
Randy,10,-8797.1538599086
Randy,11,-8615.545009935102
Randy,12,-8498.529608555276
Randy,13,-8370.675473362378
Randy,14,-8266.438680452313
Randy,15,-8163.439024494593
Randy,16,-8088.073006563307
Randy,17,-7994.605755047201
Randy,18,-7909.05273761835
Randy,19,-7883.760838529411
Randy,20,-7764.250952174467
Randy,21,-7749.709213462383
Randy,22,-7682.753699553205
Randy,23,-7624.803513740299
Randy,24,-7590.368853931633
Randy,25,-7541.886652929226
Remy,1,-48908.03226252446
Remy,2,-32847.5917019477
Remy,3,-29174.74981184087
Remy,4,-27198.034187471498
Remy,5,-25846.751671840015
Remy,6,-24940.36663166984
Remy,7,-24338.02121401331
Remy,8,-23784.61647593792
Remy,9,-23378.94014889697
Remy,10,-23019.981992780708
Remy,11,-22732.870773617648
Remy,12,-22464.322801822997
Remy,13,-22222.739550681297
Remy,14,-22042.14075614871
Remy,15,-21884.142098445078
Remy,16,-21671.288553337778
Remy,17,-21583.30598918861
Remy,18,-21446.976317626566
Remy,19,-21290.63420232848
Remy,20,-21284.90898035668
Remy,21,-21151.268111713973
Remy,22,-21016.75730403279
Remy,23,-20973.235129904053
Remy,24,-20912.4741147253
Remy,25,-20819.947427329884
Rhea,1,-37575.88662995588
Rhea,2,-29926.66770021395
Rhea,3,-27282.167761294426
Rhea,4,-25907.168552084622
Rhea,5,-25109.380245876608
Rhea,6,-24530.87321520453
Rhea,7,-24145.738650870564
Rhea,8,-23849.128366523608
Rhea,9,-23696.80085453879
Rhea,10,-23476.547774282633
Rhea,11,-23322.728623330877
Rhea,12,-23211.48876270476
Rhea,13,-23106.49871327546
Rhea,14,-23038.49127481132
Rhea,15,-22928.054829098972
Rhea,16,-22821.622369396355
Rhea,17,-22775.632772568344
Rhea,18,-22757.92336768284
Rhea,19,-22728.986227578112
Rhea,20,-22647.658361353308
Rhea,21,-22608.40615277126
Rhea,22,-22555.510589619214
Rhea,23,-22524.688860938302
Rhea,24,-22488.13766391977
Rhea,25,-22413.628132899077
Robert,1,-41484.09856657801
Robert,2,-34520.76619718502
Robert,3,-31819.645047668015
Robert,4,-30409.067143540182
Robert,5,-29456.910496152424
Robert,6,-28729.040713726215
Robert,7,-28226.944937339245
Robert,8,-27816.254296399587
Robert,9,-27446.303709170308
Robert,10,-27169.246177790566
Robert,11,-26924.06352771335
Robert,12,-26708.364419935388
Robert,13,-26547.44558673475
Robert,14,-26360.443969403274
Robert,15,-26199.61624464918
Robert,16,-26024.571821155354
Robert,17,-25898.342993763268
Robert,18,-25794.451773186378
Robert,19,-25705.462488869736
Robert,20,-25541.46750349577
Robert,21,-25471.235523087966
Robert,22,-25414.881589251054
Robert,23,-25363.7944658052
Robert,24,-25332.842912143693
Robert,25,-25213.202982807226
Ron,1,-20821.33844113926
Ron,2,-16015.780434105012
Ron,3,-14245.029260681295
Ron,4,-13336.867592608995
Ron,5,-12825.763447713916
Ron,6,-12350.43567215679
Ron,7,-12082.798635776662
Ron,8,-11886.95444998499
Ron,9,-11739.459152439766
Ron,10,-11566.897859859224
Ron,11,-11455.551514176334
Ron,12,-11352.208262644766
Ron,13,-11252.927763293816
Ron,14,-11191.127973217297
Ron,15,-11125.454127156345
Ron,16,-11028.88672299821
Ron,17,-11005.54662335427
Ron,18,-10979.105148792725
Ron,19,-10927.159545737652
Ron,20,-10905.199527260214
Ron,21,-10841.296731490263
Ron,22,-10799.297277029948
Ron,23,-10736.925165504419
Ron,24,-10763.972150100057
Ron,25,-10701.624629593745
Rudy,1,-45503.93850866834
Rudy,2,-35057.32952217055
Rudy,3,-32092.835820639797
Rudy,4,-30558.538083704643
Rudy,5,-29587.38268675583
Rudy,6,-29020.10842056797
Rudy,7,-28513.925269759697
Rudy,8,-28123.347922514145
Rudy,9,-27834.803560205746
Rudy,10,-27552.865315263574
Rudy,11,-27368.430039100844
Rudy,12,-27211.48595827701
Rudy,13,-27045.305377951543
Rudy,14,-26921.262800354507
Rudy,15,-26694.68925108604
Rudy,16,-26629.212777512403
Rudy,17,-26540.87802220381
Rudy,18,-26417.70474064368
Rudy,19,-26353.282584251723
Rudy,20,-26275.634175196454
Rudy,21,-26254.799448682
Rudy,22,-26154.772767820945
Rudy,23,-26033.263596773457
Rudy,24,-26074.251655078664
Rudy,25,-26013.488772819495
1029,1,-59238.65702827644
1029,2,-41819.68683271694
1029,3,-36787.11394021756
1029,4,-34004.32835521548
1029,5,-32175.735699872122
1029,6,-31028.822363637577
1029,7,-30075.440536906586
1029,8,-29389.367051568213
1029,9,-28847.790196092417
1029,10,-28301.65769922717
1029,11,-27896.160261853696
1029,12,-27567.45716576036
1029,13,-27276.528887861044
1029,14,-26933.296245035657
1029,15,-26814.17258682566
1029,16,-26608.641187833236
1029,17,-26408.40947094968
1029,18,-26211.778231486114
1029,19,-26108.44923975589
1029,20,-25958.36235275403
1029,21,-25834.83646140026
1029,22,-25772.82793793451
1029,23,-25632.07064527968
1029,24,-25552.484634265464
1029,25,-25475.80423803186
1052,1,-140866.30653692145
1052,2,-108664.145148291
1052,3,-96924.69655689185
1052,4,-90861.69523898166
1052,5,-86678.28864339479
1052,6,-83960.59379607333
1052,7,-82010.6555120684
1052,8,-80423.11906101006
1052,9,-79285.4206381204
1052,10,-78336.25487302225
1052,11,-77435.83138662773
1052,12,-76761.13598090378
1052,13,-76225.07127954646
1052,14,-75758.56229874701
1052,15,-75230.260110955
1052,16,-74929.91739982285
1052,17,-74606.95880807385
1052,18,-74270.22164538351
1052,19,-74015.8454227113
1052,20,-73770.49959930616
1052,21,-73516.60179459193
1052,22,-73280.57325507766
1052,23,-73052.70888296523
1052,24,-72906.02978640689
1052,25,-72719.98495887553
1054,1,-99020.3346758428
1054,2,-83943.49443281343
1054,3,-78236.40722471505
1054,4,-75099.53132671068
1054,5,-73164.25061255654
1054,6,-71811.43443110556
1054,7,-70853.87075300448
1054,8,-70148.86804945374
1054,9,-69624.43040054089
1054,10,-69211.70070996064
1054,11,-68844.30814061972
1054,12,-68514.48334622361
1054,13,-68258.1695200432
1054,14,-68059.9047179285
1054,15,-67862.83723990915
1054,16,-67638.85234141954
1054,17,-67468.45251634951
1054,18,-67250.23360416527
1054,19,-67144.9968431342
1054,20,-67023.20363751112
1054,21,-66890.69445567031
1054,22,-66769.81482442611
1054,23,-66631.74415739087
1054,24,-66592.13185807742
1054,25,-66502.0231481956
1059,1,-40984.40945532489
1059,2,-33278.67636977117
1059,3,-30383.384334857037
1059,4,-28908.401898721975
1059,5,-27973.219280039448
1059,6,-27302.947591809378
1059,7,-26827.07779920156
1059,8,-26449.768993486727
1059,9,-26170.132906833536
1059,10,-25917.583900859943
1059,11,-25730.09429142278
1059,12,-25543.239960051393
1059,13,-25397.93732864171
1059,14,-25277.356416368984
1059,15,-25174.847875105585
1059,16,-25046.750303310986
1059,17,-25002.040764937377
1059,18,-24879.58127887306
1059,19,-24842.11124148582
1059,20,-24756.58393573077
1059,21,-24715.70965290494
1059,22,-24668.59042774124
1059,23,-24590.567960326225
1059,24,-24539.58088578744
1059,25,-24530.938913823797
1060,1,-137919.9598568782
1060,2,-119042.51959811954
1060,3,-111495.08713414097
1060,4,-107172.24399326369
1060,5,-104441.31863080809
1060,6,-102395.61307756937
1060,7,-100907.78385520529
1060,8,-99755.99968750277
1060,9,-98850.22208154079
1060,10,-98169.74136684951
1060,11,-97351.92998501347
1060,12,-96969.23298773731
1060,13,-96435.55927414486
1060,14,-96041.71159305339
1060,15,-95732.33270196288
1060,16,-95354.16573115179
1060,17,-95182.74685669833
1060,18,-94849.64590771575
1060,19,-94671.33338954969
1060,20,-94426.32134635652
1060,21,-94251.80334692278
1060,22,-94032.4396653985
1060,23,-93895.3232328438
1060,24,-93811.49495357748
1060,25,-93663.13083690657
1062,1,-207956.57986654705
1062,2,-166586.94840698413
1062,3,-150842.66561009403
1062,4,-142481.98248900552
1062,5,-137193.83528020262
1062,6,-133671.2975004515
1062,7,-130971.1410124034
1062,8,-129084.25799623766
1062,9,-127520.3735730097
1062,10,-126400.69688513124
1062,11,-125447.9500560568
1062,12,-124550.7449860375
1062,13,-123790.44033139793
1062,14,-123225.80967611288
1062,15,-122655.44946994689
1062,16,-122265.08349390373
1062,17,-121875.80400950642
1062,18,-121502.65837648288
1062,19,-121160.89611576578
1062,20,-120857.02161194738
1062,21,-120627.91466737179
1062,22,-120389.6074530135
1062,23,-120119.58176575945
1062,24,-119874.3160289411
1062,25,-119741.43859210235
1064,1,-143547.46526712566
1064,2,-101193.30298054953
1064,3,-89804.47924766199
1064,4,-83951.69854328409
1064,5,-80499.66781345385
1064,6,-78037.63607774941
1064,7,-76261.12581300276
1064,8,-74978.40777606
1064,9,-73812.435443643
1064,10,-72858.07896184544
1064,11,-72180.8229536092
1064,12,-71520.49122070719
1064,13,-70847.05093576698
1064,14,-70283.76790101621
1064,15,-69845.77313729996
1064,16,-69407.31058130419
1064,17,-68968.74855383113
1064,18,-68609.82416628319
1064,19,-68297.1772500047
1064,20,-67968.63392347613
1064,21,-67739.28226096128
1064,22,-67385.37798510806
1064,23,-67138.12735269882
1064,24,-66859.02388547816
1064,25,-66720.56484828344
1065,1,-109099.33901335712
1065,2,-92752.72580428753
1065,3,-87397.06457029998
1065,4,-84525.5983189736
1065,5,-82823.72935667592
1065,6,-81540.4455466631
1065,7,-80762.08661931599
1065,8,-80114.07365789241
1065,9,-79521.85997990982
1065,10,-78936.86544935562
1065,11,-78557.73503472822
1065,12,-78293.2042719044
1065,13,-77853.55888189029
1065,14,-77693.1381253138
1065,15,-77379.52561975026
1065,16,-77219.84381387438
1065,17,-76971.46015518685
1065,18,-76715.95871894245
1065,19,-76575.28487375235
1065,20,-76392.53113726858
1065,21,-76326.39244438395
1065,22,-76080.5359007345
1065,23,-76029.50320318565
1065,24,-75862.14173705994
1065,25,-75715.37724647229
1072,1,-98255.15055718203
1072,2,-80678.1269991249
1072,3,-74121.03120520184
1072,4,-70392.82459058242
1072,5,-68190.17839270689
1072,6,-66565.20059378646
1072,7,-65371.226020166956
1072,8,-64485.85053209883
1072,9,-63872.0518258014
1072,10,-63257.73300132779
1072,11,-62932.05748004237
1072,12,-62473.22301949914
1072,13,-62122.331858970865
1072,14,-61859.95070935958
1072,15,-61612.5087287128
1072,16,-61406.056995854786
1072,17,-61224.34285323804
1072,18,-60990.38473296796
1072,19,-60833.01353250254
1072,20,-60698.524556819575
1072,21,-60585.7430474999
1072,22,-60434.4223103274
1072,23,-60396.854789353536
1072,24,-60263.184966493005
1072,25,-60133.67426142153
