rat_name,m_uB,m_uτ,m_uv,m_ua0,logσ0_uB,logσ0_uτ,logσ0_uv,logσ0_ua0,B_group_mean,τ_group_mean,v_group_mean,a0_group_mean
Denna,0.5084137216951228,-0.3722454125894222,-0.8769912845142839,0.11525429787446496,-1.466258368376858,-2.366607173101038,-0.49976923135233253,-1.2539264654404574,1.662651673713155,0.6891850870718231,0.4160327547193829,0.5287817212263113
Dopey,0.4407602534462474,-0.32596809420133965,-0.7874461980253302,-0.15590984355516968,-1.679137823341325,-2.137250953948678,-0.4900434851292828,-1.2734147643414993,1.5538881183599338,0.7218282175700935,0.4550053062436053,0.46110130261066457
Draco,0.3681968683530948,-0.549780915036681,-0.6430028131802522,-0.4082997964666379,-1.548134027591758,-2.3839836885612025,-0.587655329059151,-1.3255583810398037,1.44512651064739,0.5770762252558244,0.5257114382926734,0.3993198680456106
Randy,0.5001792306408507,-0.45365184237384953,-0.3182106540820562,-0.4708054694477381,-1.7499637992281836,-2.2839562854979523,-0.621957068000757,-1.3566765840684891,1.649016798553092,0.6353038806375858,0.7274495320597055,0.38442561751961246
Remy,0.3257382857844643,-0.6612578417348255,-0.4705338807630341,-0.3614329613607493,-1.6989183376778993,-1.9733126208160512,-0.6930885028967854,-1.3078855847845479,1.3850528334187393,0.5162016260133573,0.6246686806507452,0.4106127307164036
Rhea,0.48135210280568314,-0.4538752823853678,-0.516589833892191,-0.27723225753316805,-1.6089750730550887,-1.9576461118080306,-0.673147792291013,-1.294691573179984,1.6182609788313733,0.6351619441889099,0.5965514226351283,0.43113245520342935
Robert,0.53062728909427,-0.7325751526541281,-0.6392434465132547,0.3998730541018333,-1.7122934852168141,-1.827154908504613,-0.5525890402349659,-1.2866682524931028,1.699998364655356,0.4806695973729563,0.5276914999070759,0.5986571596142205
Ron,0.3896955746330296,-0.6737326004417122,-0.5759032850977585,-0.3118811493634569,-1.6567943805285312,-2.0257685207145366,-0.5230657705995773,-1.2965738281231705,1.476531231894965,0.5098021343323371,0.5621968153776165,0.42265563818326374
Rudy,0.43875527347603094,-0.577442622228055,-0.973975950993428,-0.09045944677321054,-1.75190210625923,-1.807271727288862,-0.4944411115011602,-1.2392833585195817,1.5507757249924827,0.561332070682735,0.37757881486199163,0.47740054698237555
1029,0.41055381483699066,-0.3658398792233516,-0.49325041920439966,-0.5260278231192873,-1.6783567451200438,-2.3320500607355803,-0.7544686127659596,-1.3514864792548473,1.5076525142802544,0.6936138543076101,0.6106383343519244,0.3714438107518558
1052,0.451165976690393,-0.468359828573545,-0.5850019727689209,0.07767433607221308,-1.539298443468401,-2.3809685702624415,-0.5108973359904535,-1.2593731953373521,1.5701418674176608,0.6260282202831876,0.5571047627721282,0.519408826722283
1054,0.6562043386846401,-0.38931905129157,-0.8332329605126495,0.1353447169679608,-1.5479498482463432,-1.9614040864817421,-0.5510168347769195,-1.2543923878054102,1.9274624376879657,0.6775180725106622,0.43464183254442745,0.5337846222129379
1059,0.6494464059351126,-0.10100229979427483,-0.8153763216288666,-0.34379964525821327,-1.7658766288001457,-2.1627924320265977,-0.549086738489328,-1.2915263244751214,1.9144806904501876,0.9039309540282408,0.4424727839475879,0.41488679407434403
1060,0.7468575231475019,-0.38881346506434106,-0.837181181299832,-0.30046988523358853,-1.5775864372932253,-1.8812399610188,-0.626962076836378,-1.254944848216955,2.110357834980795,0.6778607029241328,0.4329291538678057,0.4254426198574178
1062,0.5520736796633992,-0.3193062556253652,-0.673391366003866,-0.08905423286574432,-1.5482338887526745,-2.311435272308006,-0.5269134728812546,-1.2580403616099973,1.7368509586010306,0.7266529736646836,0.5099761260613555,0.47775114384316425
1064,0.39959810013132063,-0.37687394531478774,-0.5425825472887307,0.029471735623701683,-1.7299385838816836,-2.1538576359460193,-0.5233448708187729,-1.265600634592255,1.4912252539574333,0.6860025422805551,0.5812452191174191,0.5073674006469422
1065,0.6306256403428327,-0.5103083075047785,-1.0595195211086175,0.13089039919441572,-1.7203683683138438,-1.413545356845885,-0.55242909322233,-1.2333484027181645,1.8787856557401554,0.6003104700554075,0.34662231503151175,0.5326759619245874
1072,0.5713368441902821,-0.4676885918711942,-0.7559759334089705,0.22167158548449215,-1.5519452952375372,-2.0976962005546405,-0.5287738032488097,-1.260294583141815,1.7706325297539973,0.6264485744641433,0.46955213942612445,0.5551920775444333
